;uuid;title;author;url;posted_url;is_linking_to_external_website;timestamp;source;crawled_at
0;0219f55c-e801-5cf4-b8f4-77d8388c10be;uk urged invest much more tackle risks drought flooding heat 2026 05 19;;https://www.reuters.com/legal/litigation/uk-urged-invest-much-more-tackle-risks-drought-flooding-heat-2026-05-19/;https://www.reuters.com/legal/litigation/uk-urged-invest-much-more-tackle-risks-drought-flooding-heat-2026-05-19/;False;2026-05-20T01:16:09.435000+02:00;https://www.reuters.com;2026-08-23T18:10:50.566398+02:00
1;033a8d9b-9165-54e1-8cb0-06e6866f9b22;climate focus counting el ninos costs around world 2026 07 31;;https://www.reuters.com/sustainability/climate-focus-counting-el-ninos-costs-around-world-2026-07-31/;https://www.reuters.com/sustainability/climate-focus-counting-el-ninos-costs-around-world-2026-07-31/;False;2026-07-31T17:00:00.621000+02:00;https://www.reuters.com;2026-08-23T18:12:25.219393+02:00
2;0362c688-486f-5629-bbd9-eb7f5dabaf0a;what are risks an lng tanker explosion 2026 07 08;;https://www.reuters.com/business/energy/what-are-risks-an-lng-tanker-explosion-2026-07-08/;https://www.reuters.com/business/energy/what-are-risks-an-lng-tanker-explosion-2026-07-08/;False;2026-07-08T14:31:15.191000+02:00;https://www.reuters.com;2026-08-26T17:52:22.141068+02:00
3;037ce66d-dae7-5c02-ac77-70623a4e4817;eu curbs chinese inverters risk slowing solar rollout over security fears 2026 06 11;;https://www.reuters.com/business/energy/eu-curbs-chinese-inverters-risk-slowing-solar-rollout-over-security-fears-2026-06-11/;https://www.reuters.com/business/energy/eu-curbs-chinese-inverters-risk-slowing-solar-rollout-over-security-fears-2026-06-11/;False;2026-06-11T14:44:35.284000+02:00;https://www.reuters.com;2026-08-23T18:10:22.783078+02:00
4;03c0c4e8-6c3d-555e-8f41-8672ff96e42d;eu states revive plan use frozen russian assets ukraine ft reports 2026 08 27;;https://www.reuters.com/world/europe/eu-states-revive-plan-use-frozen-russian-assets-ukraine-ft-reports-2026-08-27/;https://www.reuters.com/world/europe/eu-states-revive-plan-use-frozen-russian-assets-ukraine-ft-reports-2026-08-27/;False;2026-08-27T06:19:43.539000+02:00;https://www.reuters.com;2026-08-27T10:23:53.474460+02:00
5;03eb7b77-e9a2-536d-be83-63b1d019f0f1;australias ampol logs record half year profit with more than four fold rise 2026 08 23;;https://www.reuters.com/business/energy/australias-ampol-logs-record-half-year-profit-with-more-than-four-fold-rise-2026-08-23/;https://www.reuters.com/business/energy/australias-ampol-logs-record-half-year-profit-with-more-than-four-fold-rise-2026-08-23/;False;2026-08-24T04:04:05.938000+02:00;https://www.reuters.com;2026-08-24T09:37:22.624426+02:00
6;04d8dfd1-56be-565d-97f8-a35bc5850c25;italy regulator clears ludoils acquisition sicilian oil refiner 2026 08 24;;https://www.reuters.com/business/energy/italy-regulator-clears-ludoils-acquisition-sicilian-oil-refiner-2026-08-24/;https://www.reuters.com/business/energy/italy-regulator-clears-ludoils-acquisition-sicilian-oil-refiner-2026-08-24/;False;2026-08-24T20:57:08.315000+02:00;https://www.reuters.com;2026-08-25T09:49:25.693308+02:00
7;04fbf4c3-77f2-5e91-af56-2e2e0236c1cc;tunisia coast guard recovers eight bodies migrants whose boat sank 2026 08 23;;https://www.reuters.com/world/europe/tunisia-coast-guard-recovers-eight-bodies-migrants-whose-boat-sank-2026-08-23/;https://www.reuters.com/world/europe/tunisia-coast-guard-recovers-eight-bodies-migrants-whose-boat-sank-2026-08-23/;False;2026-08-23T16:03:43.796000+02:00;https://www.reuters.com;2026-08-23T18:16:32.517716+02:00
8;0505f6c9-69eb-5f0b-a5dd-a61efabf6b19;iranian oil offers chinese buyers fall us blockade bites sources say 2026 08 21;;https://www.reuters.com/business/energy/iranian-oil-offers-chinese-buyers-fall-us-blockade-bites-sources-say-2026-08-21/;https://www.reuters.com/business/energy/iranian-oil-offers-chinese-buyers-fall-us-blockade-bites-sources-say-2026-08-21/;False;2026-08-21T10:45:59.910000+02:00;https://www.reuters.com;2026-08-23T18:15:32.948252+02:00
9;06293113-6718-5c6f-aa5e-e54780267487;europes heatwave curbs french nuclear plants 2026 06 24;;https://www.reuters.com/business/energy/europes-heatwave-curbs-french-nuclear-plants-2026-06-24/;https://www.reuters.com/business/energy/europes-heatwave-curbs-french-nuclear-plants-2026-06-24/;False;2026-06-24T16:57:25.315000+02:00;https://www.reuters.com;2026-08-23T18:07:22.254125+02:00
10;066ba6bc-2f3b-586f-9d0b-d053a293105e;war strands qatari gas 6 months us sales rise european stocks plummet 2026 08 26;;https://www.reuters.com/business/energy/war-strands-qatari-gas-6-months-us-sales-rise-european-stocks-plummet-2026-08-26/;https://www.reuters.com/business/energy/war-strands-qatari-gas-6-months-us-sales-rise-european-stocks-plummet-2026-08-26/;False;2026-08-26T08:00:40.315000+02:00;https://www.reuters.com;2026-08-26T10:53:35.926380+02:00
11;075550e6-2edd-5d37-9f67-215f91d8f352;indias power system just passed historic tipping point 2026 08 17;Gavin Maguire;https://www.reuters.com/commentary/reuters-open-interest/indias-power-system-just-passed-historic-tipping-point-2026-08-17/;https://www.reuters.com/commentary/reuters-open-interest/indias-power-system-just-passed-historic-tipping-point-2026-08-17/;False;2026-08-17T13:00:21.948000+02:00;https://www.reuters.com;2026-08-26T11:59:54.080722+02:00
12;0780f351-3f22-5408-955c-a0d87b9ea62c;three midweek thoughts magnificent banks japan switch populism 2026 08 12;Mike Dolan;https://www.reuters.com/commentary/reuters-open-interest/three-midweek-thoughts-magnificent-banks-japan-switch-populism-2026-08-12/;https://www.reuters.com/commentary/reuters-open-interest/three-midweek-thoughts-magnificent-banks-japan-switch-populism-2026-08-12/;False;2026-08-12T12:00:58.591000+02:00;https://www.reuters.com;2026-08-26T12:04:07.502826+02:00
13;0811e33d-c59a-59eb-834d-22256adf0b04;vatican foreign minister moscow says ukraine war must end 2026 08 25;;https://www.reuters.com/world/europe/vatican-foreign-minister-moscow-says-ukraine-war-must-end-2026-08-25/;https://www.reuters.com/world/europe/vatican-foreign-minister-moscow-says-ukraine-war-must-end-2026-08-25/;False;2026-08-25T14:21:43.785000+02:00;https://www.reuters.com;2026-08-25T16:10:13.391860+02:00
14;085543b7-84a1-56ad-8730-09ae3bfc78a1;fewer than 20 ships transit key strait hormuz over weekend data shows 2026 08 24;;https://www.reuters.com/business/energy/fewer-than-20-ships-transit-key-strait-hormuz-over-weekend-data-shows-2026-08-24/;https://www.reuters.com/business/energy/fewer-than-20-ships-transit-key-strait-hormuz-over-weekend-data-shows-2026-08-24/;False;2026-08-24T04:47:20.264000+02:00;https://www.reuters.com;2026-08-24T09:37:16.105271+02:00
15;08b42071-e3b9-5d45-9d08-840062935eaa;romania adopts new measures boost danube waters cool cernavoda nuclear plant 2026 08 22;;https://www.reuters.com/business/energy/romania-adopts-new-measures-boost-danube-waters-cool-cernavoda-nuclear-plant-2026-08-22/;https://www.reuters.com/business/energy/romania-adopts-new-measures-boost-danube-waters-cool-cernavoda-nuclear-plant-2026-08-22/;False;2026-08-22T10:51:43.936000+02:00;https://www.reuters.com;2026-08-23T18:14:12.380487+02:00
16;0902e750-0e7c-5500-bf86-e15f83ea8c64;dangote refinery drives seven fold rise nigeria petroleum product exports eia 2026 08 24;;https://www.reuters.com/business/energy/dangote-refinery-drives-seven-fold-rise-nigeria-petroleum-product-exports-eia-2026-08-24/;https://www.reuters.com/business/energy/dangote-refinery-drives-seven-fold-rise-nigeria-petroleum-product-exports-eia-2026-08-24/;False;2026-08-24T19:35:44.613000+02:00;https://www.reuters.com;2026-08-25T09:48:54.717016+02:00
17;099f84ea-3734-509c-a07b-dcfc0317a38e;volkswagen ceo tells staff cost cutting journey is not over 2026 08 26;;https://www.reuters.com/business/world-at-work/volkswagen-ceo-tells-staff-cost-cutting-journey-is-not-over-2026-08-26/;https://www.reuters.com/business/world-at-work/volkswagen-ceo-tells-staff-cost-cutting-journey-is-not-over-2026-08-26/;False;2026-08-26T17:17:53.705000+02:00;https://www.reuters.com;2026-08-26T17:26:48.598581+02:00
18;0a26d67c-5cfd-599c-948d-229d6772c102;kremlin rebukes finlands stubb over support long range ukrainian strikes 2026 08 25;;https://www.reuters.com/world/europe/kremlin-rebukes-finlands-stubb-over-support-long-range-ukrainian-strikes-2026-08-25/;https://www.reuters.com/world/europe/kremlin-rebukes-finlands-stubb-over-support-long-range-ukrainian-strikes-2026-08-25/;False;2026-08-25T12:33:24.764000+02:00;https://www.reuters.com;2026-08-25T16:10:26.323286+02:00
19;0c5b4f62-974f-5739-a3b4-1c49e20cd49f;global markets view usa 2026 08 17;Mike Dolan;https://www.reuters.com/commentary/reuters-open-interest/global-markets-view-usa-2026-08-17/;https://www.reuters.com/commentary/reuters-open-interest/global-markets-view-usa-2026-08-17/;False;2026-08-17T16:59:42.352000+02:00;https://www.reuters.com;2026-08-26T12:03:30.067738+02:00
20;0cd12117-9be8-562c-9f95-29e50d4621d7;advisers launch committee push organize venezuela commercial creditors 2026 08 26;;https://www.reuters.com/business/energy/advisers-launch-committee-push-organize-venezuela-commercial-creditors-2026-08-26/;https://www.reuters.com/business/energy/advisers-launch-committee-push-organize-venezuela-commercial-creditors-2026-08-26/;False;2026-08-26T23:10:45.215000+02:00;https://www.reuters.com;2026-08-27T10:22:38.833506+02:00
21;0e7beaa2-2e45-5ae3-ab9a-eb06f79c7198;us army awards up 22 billion five companies build microreactors bases 2026 08 26;;https://www.reuters.com/business/energy/us-army-awards-up-22-billion-five-companies-build-microreactors-bases-2026-08-26/;https://www.reuters.com/business/energy/us-army-awards-up-22-billion-five-companies-build-microreactors-bases-2026-08-26/;False;2026-08-26T22:05:44.746000+02:00;https://www.reuters.com;2026-08-27T10:22:05.908581+02:00
22;0ece15c8-3940-5031-bbe9-36cbad018edb;equinor hopes make pretty big namibia oil discovery 2026 08 25;;https://www.reuters.com/business/energy/equinor-hopes-make-pretty-big-namibia-oil-discovery-2026-08-25/;https://www.reuters.com/business/energy/equinor-hopes-make-pretty-big-namibia-oil-discovery-2026-08-25/;False;2026-08-25T11:08:55.727000+02:00;https://www.reuters.com;2026-08-25T16:09:35.614752+02:00
23;0ef93963-755e-5385-a896-8e688829c96d;sinopecs half year profit grew 193 year despite iran war falling demand 2026 08 23;;https://www.reuters.com/business/energy/sinopecs-half-year-profit-grew-193-year-despite-iran-war-falling-demand-2026-08-23/;https://www.reuters.com/business/energy/sinopecs-half-year-profit-grew-193-year-despite-iran-war-falling-demand-2026-08-23/;False;2026-08-23T12:07:43.990000+02:00;https://www.reuters.com;2026-08-23T18:13:59.757715+02:00
24;0efc8b94-2ead-5506-bd79-77ef8224d63f;tankers stack up venezuela sells oil faster than its ports can handle 2026 08 21;;https://www.reuters.com/business/energy/tankers-stack-up-venezuela-sells-oil-faster-than-its-ports-can-handle-2026-08-21/;https://www.reuters.com/business/energy/tankers-stack-up-venezuela-sells-oil-faster-than-its-ports-can-handle-2026-08-21/;False;2026-08-21T12:01:44.456000+02:00;https://www.reuters.com;2026-08-23T18:14:52.817430+02:00
25;10b3eba6-d874-5ae1-b79d-6af557998a49;el nio its effects food supply chains 2026 08 20;;https://www.reuters.com/sustainability/sustainable-finance-reporting/el-nio-its-effects-food-supply-chains-2026-08-20/;https://www.reuters.com/sustainability/sustainable-finance-reporting/el-nio-its-effects-food-supply-chains-2026-08-20/;False;2026-08-20T12:57:20.845000+02:00;https://www.reuters.com;2026-08-23T18:11:32.741390+02:00
26;1112c433-259c-5b1e-b3ce-d223bc734edd;global markets view usa 2026 08 13;Mike Dolan;https://www.reuters.com/commentary/reuters-open-interest/global-markets-view-usa-2026-08-13/;https://www.reuters.com/commentary/reuters-open-interest/global-markets-view-usa-2026-08-13/;False;2026-08-13T12:59:28.830000+02:00;https://www.reuters.com;2026-08-26T12:03:44.705191+02:00
27;11bc25bc-4f5c-5dcb-b13b-81a5d1365242;drone strike egypt sparks security concerns about suez oil exports 2026 07 30;;https://www.reuters.com/business/energy/drone-strike-egypt-sparks-security-concerns-about-suez-oil-exports-2026-07-30/;https://www.reuters.com/business/energy/drone-strike-egypt-sparks-security-concerns-about-suez-oil-exports-2026-07-30/;False;2026-07-30T22:08:12.152000+02:00;https://www.reuters.com;2026-08-26T17:51:22.663198+02:00
28;124265d2-2ec2-51ff-888c-84ce6fa8edf3;record salmonella outbreak belgium infects least 306 2026 08 25;;https://www.reuters.com/business/healthcare-pharmaceuticals/record-salmonella-outbreak-belgium-infects-least-306-2026-08-25/;https://www.reuters.com/business/healthcare-pharmaceuticals/record-salmonella-outbreak-belgium-infects-least-306-2026-08-25/;False;2026-08-25T17:29:56.958000+02:00;https://www.reuters.com;2026-08-26T10:55:23.761395+02:00
29;127cf7a5-0418-5e2c-aaa3-c352697c203c;south korea ship test arctic commercial route amid western concerns 2026 08 22;;https://www.reuters.com/world/china/south-korea-ship-test-arctic-commercial-route-amid-western-concerns-2026-08-22/;https://www.reuters.com/world/china/south-korea-ship-test-arctic-commercial-route-amid-western-concerns-2026-08-22/;False;2026-08-23T01:34:16.156000+02:00;https://www.reuters.com;2026-08-23T18:18:15.761347+02:00
30;12a1d1a6-48d6-5fe9-901b-c967dbdb784e;eu sends aircraft belgium fights record wildfire 2026 08 15;;https://www.reuters.com/business/environment/eu-sends-aircraft-belgium-fights-record-wildfire-2026-08-15/;https://www.reuters.com/business/environment/eu-sends-aircraft-belgium-fights-record-wildfire-2026-08-15/;False;2026-08-15T22:21:11.823000+02:00;https://www.reuters.com;2026-08-26T12:05:38.147400+02:00
31;1321f946-1462-55e1-af00-e428662ae9be;eu approves further 61 billion ukraines defence 2026 08 24;;https://www.reuters.com/world/europe/eu-approves-further-61-billion-ukraines-defence-2026-08-24/;https://www.reuters.com/world/europe/eu-approves-further-61-billion-ukraines-defence-2026-08-24/;False;2026-08-24T08:15:43.691000+02:00;https://www.reuters.com;2026-08-24T09:38:11.755756+02:00
32;13c0c356-d961-5906-9b7e-f9dd4a5959db;hungarian gripen jet crashes no injuries reported pm magyar says 2026 08 24;;https://www.reuters.com/world/europe/hungarian-gripen-jet-crashes-no-injuries-reported-pm-magyar-says-2026-08-24/;https://www.reuters.com/world/europe/hungarian-gripen-jet-crashes-no-injuries-reported-pm-magyar-says-2026-08-24/;False;2026-08-24T11:23:13.884000+02:00;https://www.reuters.com;2026-08-24T12:23:16.229218+02:00
33;142679ab-3dc9-5843-8deb-7ef7642fe91e;us raises pressure eu deliver non tariff trade commitments 2026 08 14;;https://www.reuters.com/business/autos-transportation/us-raises-pressure-eu-deliver-non-tariff-trade-commitments-2026-08-14/;https://www.reuters.com/business/autos-transportation/us-raises-pressure-eu-deliver-non-tariff-trade-commitments-2026-08-14/;False;2026-08-14T19:24:42.972000+02:00;https://www.reuters.com;2026-08-26T12:05:44.781863+02:00
34;1507cb31-6c8f-5208-9b4e-22fdbb0e90f1;third qatari lng tanker heads through hormuz china data shows 2026 05 22;;https://www.reuters.com/world/china/third-qatari-lng-tanker-heads-through-hormuz-china-data-shows-2026-05-22/;https://www.reuters.com/world/china/third-qatari-lng-tanker-heads-through-hormuz-china-data-shows-2026-05-22/;False;2026-05-22T18:05:10.762000+02:00;https://www.reuters.com;2026-08-26T17:53:28.699258+02:00
35;167ce87e-7ef3-59bc-aeaa-b48e79581585;german investigators find third drone explosives after failed airport attack 2026 08 25;;https://www.reuters.com/business/aerospace-defense/german-investigators-find-third-drone-explosives-after-failed-airport-attack-2026-08-25/;https://www.reuters.com/business/aerospace-defense/german-investigators-find-third-drone-explosives-after-failed-airport-attack-2026-08-25/;False;2026-08-25T10:45:10.952000+02:00;https://www.reuters.com;2026-08-25T16:09:54.611291+02:00
36;167d7b13-6082-5b0a-8622-d086c07114dc;oil spill off oman tanker under sanctions against russia spreads over huge area 2026 08 10;;https://www.reuters.com/business/energy/oil-spill-off-oman-tanker-under-sanctions-against-russia-spreads-over-huge-area-2026-08-10/;https://www.reuters.com/business/energy/oil-spill-off-oman-tanker-under-sanctions-against-russia-spreads-over-huge-area-2026-08-10/;False;2026-08-11T17:43:56.412000+02:00;https://www.reuters.com;2026-08-26T12:05:59.669616+02:00
37;16ecad88-59c1-52b6-b97c-8dbff3aad1fa;climate focus forecasters predict strongest super el nino 2026 08 21;;https://www.reuters.com/sustainability/climate-focus-forecasters-predict-strongest-super-el-nino-2026-08-21/;https://www.reuters.com/sustainability/climate-focus-forecasters-predict-strongest-super-el-nino-2026-08-21/;False;2026-08-21T15:00:00.666000+02:00;https://www.reuters.com;2026-08-23T18:11:18.223878+02:00
38;17111921-23cd-5506-afc6-4b1e3a8c58be;why natural gas isnt going anywhere us power system 2026 08 05;Gavin Maguire;https://www.reuters.com/commentary/reuters-open-interest/why-natural-gas-isnt-going-anywhere-us-power-system-2026-08-05/;https://www.reuters.com/commentary/reuters-open-interest/why-natural-gas-isnt-going-anywhere-us-power-system-2026-08-05/;False;2026-08-06T13:00:28.809000+02:00;https://www.reuters.com;2026-08-26T12:00:38.725729+02:00
39;175f16b7-5d5f-5859-bb6d-d2ff31bdc3c9;kremlin says it is acting minimise impact ukrainian strikes russian grain 2026 08 24;;https://www.reuters.com/world/europe/kremlin-says-it-is-acting-minimise-impact-ukrainian-strikes-russian-grain-2026-08-24/;https://www.reuters.com/world/europe/kremlin-says-it-is-acting-minimise-impact-ukrainian-strikes-russian-grain-2026-08-24/;False;2026-08-24T12:07:47.941000+02:00;https://www.reuters.com;2026-08-24T12:22:47.029267+02:00
40;181d7080-6d44-5e6b-b036-0acd6368832c;german banks brothel loan under scrutiny by regulators 2026 08 26;;https://www.reuters.com/business/finance/german-banks-brothel-loan-under-scrutiny-by-regulators-2026-08-26/;https://www.reuters.com/business/finance/german-banks-brothel-loan-under-scrutiny-by-regulators-2026-08-26/;False;2026-08-26T08:29:00.296000+02:00;https://www.reuters.com;2026-08-26T10:55:11.447927+02:00
41;18396f38-0ce0-5f45-8011-1659aba1aa34;bill gates alarmed by ai has policy ideas he wants discuss with chinas xi 2026 08 26;;https://www.reuters.com/world/china/bill-gates-alarmed-by-ai-has-policy-ideas-he-wants-discuss-with-chinas-xi-2026-08-26/;https://www.reuters.com/world/china/bill-gates-alarmed-by-ai-has-policy-ideas-he-wants-discuss-with-chinas-xi-2026-08-26/;False;2026-08-26T10:26:52.536000+02:00;https://www.reuters.com;2026-08-26T10:55:17.742785+02:00
42;184e06ba-525e-5e63-a086-fa87fb345c1e;iran grants permission number iraqi oil tankers pass through hormuz 2026 08 22;;https://www.reuters.com/business/energy/iran-grants-permission-number-iraqi-oil-tankers-pass-through-hormuz-2026-08-22/;https://www.reuters.com/business/energy/iran-grants-permission-number-iraqi-oil-tankers-pass-through-hormuz-2026-08-22/;False;2026-08-22T14:21:29.344000+02:00;https://www.reuters.com;2026-08-23T18:14:06.022812+02:00
43;18d3cae7-face-5a1c-b2dd-464368895e25;us ethanol credit prices slump after epa delays biofuel compliance deadline 2026 08 24;;https://www.reuters.com/business/energy/us-ethanol-credit-prices-slump-after-epa-delays-biofuel-compliance-deadline-2026-08-24/;https://www.reuters.com/business/energy/us-ethanol-credit-prices-slump-after-epa-delays-biofuel-compliance-deadline-2026-08-24/;False;2026-08-24T21:01:43.454000+02:00;https://www.reuters.com;2026-08-25T09:48:48.150293+02:00
44;18d61526-90bd-586d-bf64-cf3f75b814ab;gunvor talks buy haynesville shale assets over 1 billion sources say 2026 08 25;;https://www.reuters.com/legal/litigation/gunvor-talks-buy-haynesville-shale-assets-over-1-billion-sources-say-2026-08-25/;https://www.reuters.com/legal/litigation/gunvor-talks-buy-haynesville-shale-assets-over-1-billion-sources-say-2026-08-25/;False;2026-08-26T00:51:19.351000+02:00;https://www.reuters.com;2026-08-26T10:53:48.338184+02:00
45;19268b40-d3bd-5c88-87d1-480e2307e3ad;egypt confirms drone caused fire two gas vessels damietta 2026 07 30;;https://www.reuters.com/world/middle-east/egypt-confirms-drone-caused-fire-two-gas-vessels-damietta-2026-07-30/;https://www.reuters.com/world/middle-east/egypt-confirms-drone-caused-fire-two-gas-vessels-damietta-2026-07-30/;False;2026-07-30T14:52:10.591000+02:00;https://www.reuters.com;2026-08-26T17:51:30.605038+02:00
46;19c7c1b1-cb45-5597-a636-1ba442839467;eus plan overhaul its carbon market 2026 07 17;;https://www.reuters.com/business/environment/eus-plan-overhaul-its-carbon-market-2026-07-17/;https://www.reuters.com/business/environment/eus-plan-overhaul-its-carbon-market-2026-07-17/;False;2026-07-20T15:38:09.423000+02:00;https://www.reuters.com;2026-08-26T12:07:12.317619+02:00
47;19d0a6b6-b4b8-5a8e-8132-db6d788295ff;european winter power price premium hits highest since 2022 gas hydro shortfalls 2026 05 26;;https://www.reuters.com/business/energy/european-winter-power-price-premium-hits-highest-since-2022-gas-hydro-shortfalls-2026-05-26/;https://www.reuters.com/business/energy/european-winter-power-price-premium-hits-highest-since-2022-gas-hydro-shortfalls-2026-05-26/;False;2026-05-26T16:00:57.974000+02:00;https://www.reuters.com;2026-08-23T18:07:36.657489+02:00
48;1aae6495-94e3-57ff-b6e8-1a35c48d9d2b;europe heats up summer power prices match winter peaks 2026 07 31;;https://www.reuters.com/business/energy/europe-heats-up-summer-power-prices-match-winter-peaks-2026-07-31/;https://www.reuters.com/business/energy/europe-heats-up-summer-power-prices-match-winter-peaks-2026-07-31/;False;2026-07-31T14:26:30.816000+02:00;https://www.reuters.com;2026-08-23T18:08:55.043973+02:00
49;1c0fc484-2d99-564a-920b-216c6cc032cd;uks drax profit falls power prices drop buybacks extended 2025 07 31;;https://www.reuters.com/business/energy/uks-drax-profit-falls-power-prices-drop-buybacks-extended-2025-07-31/;https://www.reuters.com/business/energy/uks-drax-profit-falls-power-prices-drop-buybacks-extended-2025-07-31/;False;2025-07-31T11:27:06+02:00;https://www.reuters.com;2026-08-26T12:07:55.464046+02:00
50;1ca76bd1-5c9c-51c6-b461-6911c9da6c8a;45 indian coal power plants have critical low fuel government data shows 2026 08 27;;https://www.reuters.com/business/energy/45-indian-coal-power-plants-have-critical-low-fuel-government-data-shows-2026-08-27/;https://www.reuters.com/business/energy/45-indian-coal-power-plants-have-critical-low-fuel-government-data-shows-2026-08-27/;False;2026-08-27T10:16:09.724000+02:00;https://www.reuters.com;2026-08-27T10:22:18.783951+02:00
51;1dbe4e7c-70b9-5fb4-a712-1e2312e0746c;what is eus emissions trading system 2026 07 17;;https://www.reuters.com/business/environment/what-is-eus-emissions-trading-system-2026-07-17/;https://www.reuters.com/business/environment/what-is-eus-emissions-trading-system-2026-07-17/;False;2026-07-17T18:17:09.636000+02:00;https://www.reuters.com;2026-08-26T12:07:19.821530+02:00
52;210ee500-ff5d-5f3e-97ac-f2702d20bc57;german billionaire kuehne dies age 89 manager magazin reports 2026 08 24;;https://www.reuters.com/world/german-billionaire-kuehne-dies-age-89-manager-magazin-reports-2026-08-24/;https://www.reuters.com/world/german-billionaire-kuehne-dies-age-89-manager-magazin-reports-2026-08-24/;False;2026-08-24T11:55:11.083000+02:00;https://www.reuters.com;2026-08-24T12:22:53.228539+02:00
53;21c7a2a5-c545-52a1-a2aa-4d38cfdef927;british gas owner centrica pay 27 million after prepay meter probe 2026 05 15;;https://www.reuters.com/sustainability/boards-policy-regulation/british-gas-owner-centrica-pay-27-million-after-prepay-meter-probe-2026-05-15/;https://www.reuters.com/sustainability/boards-policy-regulation/british-gas-owner-centrica-pay-27-million-after-prepay-meter-probe-2026-05-15/;False;2026-05-15T09:25:21.772000+02:00;https://www.reuters.com;2026-08-23T18:10:58.209228+02:00
54;22d3fa0e-dbab-5476-8a5a-9e7135907747;how ukraines gas infrastructure could be interest trump 2025 03 21;;https://www.reuters.com/business/energy/how-ukraines-gas-infrastructure-could-be-interest-trump-2025-03-21/;https://www.reuters.com/business/energy/how-ukraines-gas-infrastructure-could-be-interest-trump-2025-03-21/;False;2025-03-21T10:34:36+01:00;https://www.reuters.com;2026-08-26T12:09:13.925535+02:00
55;24d0e5e2-c373-5682-9181-28dc1abda217;energy watch strait talking 2026 08 03;Ron Bousso;https://www.reuters.com/commentary/reuters-open-interest/energy-watch-strait-talking-2026-08-03/;https://www.reuters.com/commentary/reuters-open-interest/energy-watch-strait-talking-2026-08-03/;False;2026-08-03T20:11:24.452000+02:00;https://www.reuters.com;2026-08-23T18:04:26.524082+02:00
56;2647f05e-e679-589b-a36b-f027b3ce0fce;analysts lower eu carbon price forecasts 2026 2027 market reform proposals 2026 07 31;;https://www.reuters.com/business/analysts-lower-eu-carbon-price-forecasts-2026-2027-market-reform-proposals-2026-07-31/;https://www.reuters.com/business/analysts-lower-eu-carbon-price-forecasts-2026-2027-market-reform-proposals-2026-07-31/;False;2026-07-31T13:35:32.543000+02:00;https://www.reuters.com;2026-08-23T18:08:48.525930+02:00
57;265a75db-69dc-58bf-b998-eb3f2f86caef;polish small nuclear plant developer sge targets 35 billion fleet britain 2026 07 01;;https://www.reuters.com/business/energy/polish-small-nuclear-plant-developer-sge-targets-35-billion-fleet-britain-2026-07-01/;https://www.reuters.com/business/energy/polish-small-nuclear-plant-developer-sge-targets-35-billion-fleet-britain-2026-07-01/;False;2026-07-02T01:07:48.781000+02:00;https://www.reuters.com;2026-08-23T18:09:18.367462+02:00
58;26f94a2d-ba30-5964-b9af-11bb28ddbbb8;renewables vogue iran war drives up europe power prices 2026 04 27;;https://www.reuters.com/sustainability/boards-policy-regulation/renewables-vogue-iran-war-drives-up-europe-power-prices-2026-04-27/;https://www.reuters.com/sustainability/boards-policy-regulation/renewables-vogue-iran-war-drives-up-europe-power-prices-2026-04-27/;False;2026-04-27T22:18:51.035000+02:00;https://www.reuters.com;2026-08-23T18:08:06.483874+02:00
59;27806345-9200-5872-a816-7beeea619dfd;uks crown estate invest up 400 mln stg offshore wind 2025 06 17;;https://www.reuters.com/sustainability/climate-energy/uks-crown-estate-invest-up-400-mln-stg-offshore-wind-2025-06-17/;https://www.reuters.com/sustainability/climate-energy/uks-crown-estate-invest-up-400-mln-stg-offshore-wind-2025-06-17/;False;2025-06-17T16:53:40+02:00;https://www.reuters.com;2026-08-26T12:08:43.112055+02:00
60;28512a2d-4641-522d-baf7-ac63163d33de;german economy grows by 03 q2 stats office says 2026 08 25;;https://www.reuters.com/world/europe/german-economy-grows-by-03-q2-stats-office-says-2026-08-25/;https://www.reuters.com/world/europe/german-economy-grows-by-03-q2-stats-office-says-2026-08-25/;False;2026-08-25T09:13:48.453000+02:00;https://www.reuters.com;2026-08-25T09:50:02.579471+02:00
61;28f60119-a7ae-5f83-bb8b-de4eeecb60cb;list nationalities missing tourists nepal flood 2026 08 27;;https://www.reuters.com/world/china/list-nationalities-missing-tourists-nepal-flood-2026-08-27/;https://www.reuters.com/world/china/list-nationalities-missing-tourists-nepal-flood-2026-08-27/;False;2026-08-27T09:00:03.483000+02:00;https://www.reuters.com;2026-08-27T10:23:22.383863+02:00
62;28ff94ba-393c-5588-b65d-027caa1c250e;equinor aker bp vaar cooperate norway frontier oil exploration 2026 08 24;;https://www.reuters.com/business/energy/equinor-aker-bp-vaar-cooperate-norway-frontier-oil-exploration-2026-08-24/;https://www.reuters.com/business/energy/equinor-aker-bp-vaar-cooperate-norway-frontier-oil-exploration-2026-08-24/;False;2026-08-24T14:43:52.201000+02:00;https://www.reuters.com;2026-08-24T17:49:08.859161+02:00
63;29f87bbf-580d-59a9-ae71-8570cadb49e6;wildfire threat moving east threatening italy greece eu says 2026 07 29;;https://www.reuters.com/business/environment/wildfire-threat-moving-east-threatening-italy-greece-eu-says-2026-07-29/;https://www.reuters.com/business/environment/wildfire-threat-moving-east-threatening-italy-greece-eu-says-2026-07-29/;False;2026-07-29T17:41:43.483000+02:00;https://www.reuters.com;2026-08-26T12:06:35.646282+02:00
64;2bf4cd69-2aac-5839-864b-78734ab868b7;global markets view usa 2026 08 25;Mike Dolan;https://www.reuters.com/commentary/reuters-open-interest/global-markets-view-usa-2026-08-25/;https://www.reuters.com/commentary/reuters-open-interest/global-markets-view-usa-2026-08-25/;False;2026-08-25T12:22:09.686000+02:00;https://www.reuters.com;2026-08-26T12:02:07.623962+02:00
65;2c0e4688-727b-5f31-8a8b-a0e3fb4c71e5;nine killed ukrainian strike bus russian controlled luhansk region russia says 2026 08 26;;https://www.reuters.com/world/europe/nine-killed-ukrainian-strike-bus-russian-controlled-luhansk-region-russia-says-2026-08-26/;https://www.reuters.com/world/europe/nine-killed-ukrainian-strike-bus-russian-controlled-luhansk-region-russia-says-2026-08-26/;False;2026-08-26T16:18:26.818000+02:00;https://www.reuters.com;2026-08-26T16:55:40.950179+02:00
66;2cdc63e6-78bd-540f-b1c9-d17d28b5b9df;narrow majority icelanders back eu membership talks poll shows ahead referendum 2026 08 26;;https://www.reuters.com/world/narrow-majority-icelanders-back-eu-membership-talks-poll-shows-ahead-referendum-2026-08-26/;https://www.reuters.com/world/narrow-majority-icelanders-back-eu-membership-talks-poll-shows-ahead-referendum-2026-08-26/;False;2026-08-26T13:55:46.713000+02:00;https://www.reuters.com;2026-08-26T16:55:28.864502+02:00
67;2d119f8c-ea1e-5c8b-9f59-dbceb8f4fc99;totalenergies eyes new exploration norway ceo says 2026 08 24;;https://www.reuters.com/business/energy/totalenergies-eyes-new-exploration-norway-ceo-says-2026-08-24/;https://www.reuters.com/business/energy/totalenergies-eyes-new-exploration-norway-ceo-says-2026-08-24/;False;2026-08-24T17:04:05.004000+02:00;https://www.reuters.com;2026-08-24T17:49:27.656801+02:00
68;2d50f30d-c31f-537b-a687-71b2206c54f6;us is helping fuel chinese factories its competing with 2026 07 29;Gavin Maguire;https://www.reuters.com/commentary/reuters-open-interest/us-is-helping-fuel-chinese-factories-its-competing-with-2026-07-29/;https://www.reuters.com/commentary/reuters-open-interest/us-is-helping-fuel-chinese-factories-its-competing-with-2026-07-29/;False;2026-07-29T13:04:52.694000+02:00;https://www.reuters.com;2026-08-26T12:01:01.792261+02:00
69;2d58bfbd-e579-5708-98b6-97084dd1f766;nepal flash flood washes away villages project sites near tibet border 2026 08 26;;https://www.reuters.com/business/environment/nepal-flash-flood-washes-away-villages-project-sites-near-tibet-border-2026-08-26/;https://www.reuters.com/business/environment/nepal-flash-flood-washes-away-villages-project-sites-near-tibet-border-2026-08-26/;False;2026-08-26T16:21:00.226000+02:00;https://www.reuters.com;2026-08-26T16:56:12.995053+02:00
70;2dba91fa-4f90-54f6-ae4d-d159f65b7e7d;tanzania commissions countrys largest hydropower plant 2026 08 22;;https://www.reuters.com/business/energy/tanzania-commissions-countrys-largest-hydropower-plant-2026-08-22/;https://www.reuters.com/business/energy/tanzania-commissions-countrys-largest-hydropower-plant-2026-08-22/;False;2026-08-22T14:07:54.690000+02:00;https://www.reuters.com;2026-08-23T18:14:25.925270+02:00
71;2e31dde3-64d5-5162-9b84-f526fa37d7e4;us energy cushion faces new stress test middle east risks rise again 2026 07 27;Gavin Maguire;https://www.reuters.com/commentary/reuters-open-interest/us-energy-cushion-faces-new-stress-test-middle-east-risks-rise-again-2026-07-27/;https://www.reuters.com/commentary/reuters-open-interest/us-energy-cushion-faces-new-stress-test-middle-east-risks-rise-again-2026-07-27/;False;2026-07-27T13:00:14.657000+02:00;https://www.reuters.com;2026-08-26T12:01:09.877096+02:00
72;2e42a3e7-10ff-5a64-85fa-c7f04119cef2;uk power grid could face lowest ever demand this summer operator says 2025 04 16;;https://www.reuters.com/world/uk/uk-power-grid-could-face-lowest-ever-demand-this-summer-operator-says-2025-04-16/;https://www.reuters.com/world/uk/uk-power-grid-could-face-lowest-ever-demand-this-summer-operator-says-2025-04-16/;False;2025-04-16T10:50:50+02:00;https://www.reuters.com;2026-08-26T12:09:06.152701+02:00
73;2e4e3934-9c51-5a69-af37-80b53426f888;french consortium bid eus ai datacentre fund 2026 05 20;;https://www.reuters.com/business/finance/french-consortium-bid-eus-ai-datacentre-fund-2026-05-20/;https://www.reuters.com/business/finance/french-consortium-bid-eus-ai-datacentre-fund-2026-05-20/;False;2026-05-20T18:36:07.605000+02:00;https://www.reuters.com;2026-08-23T18:07:44.148806+02:00
74;2ff0bdba-0dfa-57fa-a957-c59e48993f13;afd turns vespa east germany into election campaign vehicle 2026 08 24;;https://www.reuters.com/world/europe/afd-turns-vespa-east-germany-into-election-campaign-vehicle-2026-08-24/;https://www.reuters.com/world/europe/afd-turns-vespa-east-germany-into-election-campaign-vehicle-2026-08-24/;False;2026-08-24T13:28:09.832000+02:00;https://www.reuters.com;2026-08-24T17:49:54.190949+02:00
75;315e02c9-6afd-534a-9e06-580e79f86a06;kremlin says us spy chief held talks with russian counterparts during moscow 2026 08 26;;https://www.reuters.com/world/kremlin-says-us-spy-chief-held-talks-with-russian-counterparts-during-moscow-2026-08-26/;https://www.reuters.com/world/kremlin-says-us-spy-chief-held-talks-with-russian-counterparts-during-moscow-2026-08-26/;False;2026-08-26T16:44:49.200000+02:00;https://www.reuters.com;2026-08-26T16:56:38.026726+02:00
76;31d9d675-5ba5-5922-ae01-8f67e24c2944;edf reports 87 drop first half profits 2026 07 31;;https://www.reuters.com/business/energy/edf-reports-87-drop-first-half-profits-2026-07-31/;https://www.reuters.com/business/energy/edf-reports-87-drop-first-half-profits-2026-07-31/;False;2026-07-31T08:36:17.269000+02:00;https://www.reuters.com;2026-08-23T18:06:59.334078+02:00
77;31dcb1dd-e111-5851-937e-c2241edd84bf;mideast oil faces bleak new order irans grip hormuz tightens bousso 2026 07 30;Ron Bousso;https://www.reuters.com/commentary/reuters-open-interest/mideast-oil-faces-bleak-new-order-irans-grip-hormuz-tightens-bousso-2026-07-30/;https://www.reuters.com/commentary/reuters-open-interest/mideast-oil-faces-bleak-new-order-irans-grip-hormuz-tightens-bousso-2026-07-30/;False;2026-07-30T12:34:42.050000+02:00;https://www.reuters.com;2026-08-23T18:04:54.213084+02:00
78;31e3956b-1ff4-5ef6-8b1e-2c037bcd35d9;eu sends helicopters firefighters serbia tackle wildfires 2026 08 22;;https://www.reuters.com/business/environment/eu-sends-helicopters-firefighters-serbia-tackle-wildfires-2026-08-22/;https://www.reuters.com/business/environment/eu-sends-helicopters-firefighters-serbia-tackle-wildfires-2026-08-22/;False;2026-08-23T00:36:48.465000+02:00;https://www.reuters.com;2026-08-23T18:17:22.994623+02:00
79;32a6c5ff-6283-5743-9480-9fe8f7b3b05b;eu push countries invest nature wildfire costs spiral 2026 08 06;;https://www.reuters.com/business/environment/eu-push-countries-invest-nature-wildfire-costs-spiral-2026-08-06/;https://www.reuters.com/business/environment/eu-push-countries-invest-nature-wildfire-costs-spiral-2026-08-06/;False;2026-08-06T18:16:15.931000+02:00;https://www.reuters.com;2026-08-26T12:06:06.326229+02:00
80;34374222-e975-5973-ba2d-bc9f8ff2ab98;cheniere confirms corpus christi lng plant undergoing maintenance 2026 08 24;;https://www.reuters.com/business/energy/cheniere-confirms-corpus-christi-lng-plant-undergoing-maintenance-2026-08-24/;https://www.reuters.com/business/energy/cheniere-confirms-corpus-christi-lng-plant-undergoing-maintenance-2026-08-24/;False;2026-08-24T20:15:40.967000+02:00;https://www.reuters.com;2026-08-25T09:49:32.332966+02:00
81;34392f1e-4942-5a8f-83ef-61c602deb80e;british households able use plug in solar panels help with energy costs 2026 08 26;;https://www.reuters.com/business/energy/british-households-able-use-plug-in-solar-panels-help-with-energy-costs-2026-08-26/;https://www.reuters.com/business/energy/british-households-able-use-plug-in-solar-panels-help-with-energy-costs-2026-08-26/;False;2026-08-27T00:15:43.792000+02:00;https://www.reuters.com;2026-08-27T10:22:25.416132+02:00
82;347fccfe-b0f7-51ac-b4c0-5ff633cd1796;oil prices extend losses expectations talks ease middle east supply woes 2026 08 27;;https://www.reuters.com/business/energy/oil-prices-extend-losses-expectations-talks-ease-middle-east-supply-woes-2026-08-27/;https://www.reuters.com/business/energy/oil-prices-extend-losses-expectations-talks-ease-middle-east-supply-woes-2026-08-27/;False;2026-08-27T10:20:24.644000+02:00;https://www.reuters.com;2026-08-27T10:21:26.020752+02:00
83;349a9c0f-164d-5c39-99b8-ece72ed2ca24;japan diversify crude supplies back mideast pipelines resilience effort media 2026 08 26;;https://www.reuters.com/business/energy/japan-diversify-crude-supplies-back-mideast-pipelines-resilience-effort-media-2026-08-26/;https://www.reuters.com/business/energy/japan-diversify-crude-supplies-back-mideast-pipelines-resilience-effort-media-2026-08-26/;False;2026-08-26T09:22:25.203000+02:00;https://www.reuters.com;2026-08-26T10:54:20.414926+02:00
84;34ba6ff4-6a57-53e5-bf2d-ad9349ac6fcd;thousands evacuate washington wildfires 2026 08 04;;https://www.reuters.com/sustainability/thousands-evacuate-washington-wildfires-2026-08-04/;https://www.reuters.com/sustainability/thousands-evacuate-washington-wildfires-2026-08-04/;False;2026-08-04T15:19:44.209000+02:00;https://www.reuters.com;2026-08-23T18:12:17.337990+02:00
85;34f9204c-6f13-570a-b825-3f5dd840cb7f;sustainable switch climate focus droughts water shortages hit us europe 2026 07 17;;https://www.reuters.com/business/environment/sustainable-switch-climate-focus-droughts-water-shortages-hit-us-europe-2026-07-17/;https://www.reuters.com/business/environment/sustainable-switch-climate-focus-droughts-water-shortages-hit-us-europe-2026-07-17/;False;2026-07-21T15:54:49.005000+02:00;https://www.reuters.com;2026-08-23T18:13:16.817697+02:00
86;35936bb3-d97a-5ad9-b5fd-5331b5ecf6e6;eu pushes fire prevention seoul battles heatwave 2026 08 07;;https://www.reuters.com/sustainability/eu-pushes-fire-prevention-seoul-battles-heatwave-2026-08-07/;https://www.reuters.com/sustainability/eu-pushes-fire-prevention-seoul-battles-heatwave-2026-08-07/;False;2026-08-18T15:57:36.444000+02:00;https://www.reuters.com;2026-08-23T18:12:01.221211+02:00
87;380b804e-9f55-5fdd-92a7-fe1f93c433ef;epa extends renewable fuel standard compliance deadline refiners 2026 08 21;;https://www.reuters.com/business/energy/epa-extends-renewable-fuel-standard-compliance-deadline-refiners-2026-08-21/;https://www.reuters.com/business/energy/epa-extends-renewable-fuel-standard-compliance-deadline-refiners-2026-08-21/;False;2026-08-21T21:15:39.637000+02:00;https://www.reuters.com;2026-08-23T18:15:12.686772+02:00
88;38f412ac-6d0d-5a96-b5e2-c902c8847e7a;defence lawyer looks shift blame malta journalists murder trial 2026 08 26;;https://www.reuters.com/business/media-telecom/defence-lawyer-looks-shift-blame-malta-journalists-murder-trial-2026-08-26/;https://www.reuters.com/business/media-telecom/defence-lawyer-looks-shift-blame-malta-journalists-murder-trial-2026-08-26/;False;2026-08-26T14:18:28.561000+02:00;https://www.reuters.com;2026-08-26T16:55:53.942937+02:00
89;3a113aaa-6edd-5957-b0dc-053fe4acc9de;green hydrogen retreat poses threat emissions targets 2025 07 23;;https://www.reuters.com/sustainability/climate-energy/green-hydrogen-retreat-poses-threat-emissions-targets-2025-07-23/;https://www.reuters.com/sustainability/climate-energy/green-hydrogen-retreat-poses-threat-emissions-targets-2025-07-23/;False;2025-07-23T21:10:52+02:00;https://www.reuters.com;2026-08-26T12:08:11.247849+02:00
90;3d8464b9-2325-5abc-81ce-1b53d15ae90e;iran war energy crisis is just getting started 2026 08 20;Ron Bousso;https://www.reuters.com/commentary/reuters-open-interest/iran-war-energy-crisis-is-just-getting-started-2026-08-20/;https://www.reuters.com/commentary/reuters-open-interest/iran-war-energy-crisis-is-just-getting-started-2026-08-20/;False;2026-08-20T12:02:12.302000+02:00;https://www.reuters.com;2026-08-23T21:53:03.540898+02:00
91;3dcd70ef-4357-5496-ba11-2d38b4ff6c12;german business sentiment rises more than expected august ifo survey finds 2026 08 25;;https://www.reuters.com/world/europe/german-business-sentiment-rises-more-than-expected-august-ifo-survey-finds-2026-08-25/;https://www.reuters.com/world/europe/german-business-sentiment-rises-more-than-expected-august-ifo-survey-finds-2026-08-25/;False;2026-08-25T10:23:18.085000+02:00;https://www.reuters.com;2026-08-25T16:10:39.100929+02:00
92;3e9cd7c6-32d2-53ae-8a78-9874f2bebe75;germanys afd eyes saxony anhalt win first step toward federal power 2026 08 23;;https://www.reuters.com/world/germanys-afd-eyes-saxony-anhalt-win-first-step-toward-federal-power-2026-08-23/;https://www.reuters.com/world/germanys-afd-eyes-saxony-anhalt-win-first-step-toward-federal-power-2026-08-23/;False;2026-08-23T18:43:00.969000+02:00;https://www.reuters.com;2026-08-23T21:54:44.054937+02:00
93;3fd61cd3-48c0-560e-9bbd-f0fb71c9dc07;scientists sail greenland study glacier melt risk 2026 07 15;;https://www.reuters.com/sustainability/cop/scientists-sail-greenland-study-glacier-melt-risk-2026-07-15/;https://www.reuters.com/sustainability/cop/scientists-sail-greenland-study-glacier-melt-risk-2026-07-15/;False;2026-07-15T17:45:27.387000+02:00;https://www.reuters.com;2026-08-23T18:09:11.043246+02:00
94;4013ae5a-8677-5f39-b958-a40f45667a8e;french politician glucksmann launches presidential bid amid fractured left 2026 08 23;;https://www.reuters.com/world/french-politician-glucksmann-launches-presidential-bid-amid-fractured-left-2026-08-23/;https://www.reuters.com/world/french-politician-glucksmann-launches-presidential-bid-amid-fractured-left-2026-08-23/;False;2026-08-23T21:13:43.635000+02:00;https://www.reuters.com;2026-08-23T21:54:30.945594+02:00
95;4013fe34-f06f-5aa2-91c9-75ca4e76b314;kremlin says british missile help ukraine adds fuel fire 2026 08 24;;https://www.reuters.com/world/europe/kremlin-says-british-missile-help-ukraine-adds-fuel-fire-2026-08-24/;https://www.reuters.com/world/europe/kremlin-says-british-missile-help-ukraine-adds-fuel-fire-2026-08-24/;False;2026-08-24T11:58:25.599000+02:00;https://www.reuters.com;2026-08-24T12:23:10.013117+02:00
96;41dd47d7-39c1-57d3-8320-e509eba8eaae;hungary paks nuclear plant could operate full capacity by wednesday pm magyar 2026 08 23;;https://www.reuters.com/business/energy/hungary-paks-nuclear-plant-could-operate-full-capacity-by-wednesday-pm-magyar-2026-08-23/;https://www.reuters.com/business/energy/hungary-paks-nuclear-plant-could-operate-full-capacity-by-wednesday-pm-magyar-2026-08-23/;False;2026-08-23T10:55:43.620000+02:00;https://www.reuters.com;2026-08-23T18:13:53.435114+02:00
97;41e203db-05bd-588d-851f-aaa608c75b97;germanys merz press cabinet faster pro growth reforms 2026 08 22;;https://www.reuters.com/business/germanys-merz-press-cabinet-faster-pro-growth-reforms-2026-08-22/;https://www.reuters.com/business/germanys-merz-press-cabinet-faster-pro-growth-reforms-2026-08-22/;False;2026-08-23T00:11:46.609000+02:00;https://www.reuters.com;2026-08-23T18:16:57.558574+02:00
98;4211e173-49a4-5df5-892e-decbf2da28ba;why dutch insurers remain sidelines netherlands pushes defence spending 2026 08 24;;https://www.reuters.com/legal/litigation/why-dutch-insurers-remain-sidelines-netherlands-pushes-defence-spending-2026-08-24/;https://www.reuters.com/legal/litigation/why-dutch-insurers-remain-sidelines-netherlands-pushes-defence-spending-2026-08-24/;False;2026-08-24T06:57:19.618000+02:00;https://www.reuters.com;2026-08-24T09:37:59.850404+02:00
99;4247fd42-58b6-51ef-8a2a-7831bc26001d;scotland spain canada grapple with wildfires 2026 07 21;;https://www.reuters.com/sustainability/scotland-spain-canada-grapple-with-wildfires-2026-07-21/;https://www.reuters.com/sustainability/scotland-spain-canada-grapple-with-wildfires-2026-07-21/;False;2026-07-24T18:38:25.918000+02:00;https://www.reuters.com;2026-08-23T18:13:09.953172+02:00
100;42a7657d-7d0b-59de-97c1-09fa5073b6c9;ukraine needs changes avoid losing war ousted defence minister says 2026 08 25;;https://www.reuters.com/business/aerospace-defense/ukraine-needs-changes-avoid-losing-war-ousted-defence-minister-says-2026-08-25/;https://www.reuters.com/business/aerospace-defense/ukraine-needs-changes-avoid-losing-war-ousted-defence-minister-says-2026-08-25/;False;2026-08-25T17:27:48.601000+02:00;https://www.reuters.com;2026-08-25T17:31:49.300871+02:00
101;430f5730-ad76-53db-847f-1ce2110ae5f6;uae unlock billions dollars iran sources say 2026 06 12;;https://www.reuters.com/world/middle-east/uae-unlock-billions-dollars-iran-sources-say-2026-06-12/;https://www.reuters.com/world/middle-east/uae-unlock-billions-dollars-iran-sources-say-2026-06-12/;False;2026-06-13T09:29:25.151000+02:00;https://www.reuters.com;2026-08-26T17:53:20.887157+02:00
102;437f50ca-7251-5dc2-85c5-f4429e700223;us japan action undercuts g7s historic fx role 2026 08 06;Mike Dolan;https://www.reuters.com/commentary/reuters-open-interest/us-japan-action-undercuts-g7s-historic-fx-role-2026-08-06/;https://www.reuters.com/commentary/reuters-open-interest/us-japan-action-undercuts-g7s-historic-fx-role-2026-08-06/;False;2026-08-06T18:18:15.795000+02:00;https://www.reuters.com;2026-08-26T12:04:43.494531+02:00
103;43898ae2-59eb-5ce5-a0b1-afb3dc5426aa;solar wind with battery storage become more cost competitive irena report shows 2026 05 06;;https://www.reuters.com/business/energy/solar-wind-with-battery-storage-become-more-cost-competitive-irena-report-shows-2026-05-06/;https://www.reuters.com/business/energy/solar-wind-with-battery-storage-become-more-cost-competitive-irena-report-shows-2026-05-06/;False;2026-05-06T18:11:18.494000+02:00;https://www.reuters.com;2026-08-26T12:07:40.681336+02:00
104;4413c153-820d-5bfb-84c1-f032e55a3fb9;global wind solar power outpace gas first time april report shows 2026 05 20;;https://www.reuters.com/business/energy/global-wind-solar-power-outpace-gas-first-time-april-report-shows-2026-05-20/;https://www.reuters.com/business/energy/global-wind-solar-power-outpace-gas-first-time-april-report-shows-2026-05-20/;False;2026-05-21T01:09:43.501000+02:00;https://www.reuters.com;2026-08-23T18:10:43.884122+02:00
105;452e64fd-4068-52ca-a871-df556a077ad0;uks ofgem raise energy price cap by 4 iran war drives gas prices up 2026 08 26;;https://www.reuters.com/business/energy/uks-ofgem-raise-energy-price-cap-by-4-iran-war-drives-gas-prices-up-2026-08-26/;https://www.reuters.com/business/energy/uks-ofgem-raise-energy-price-cap-by-4-iran-war-drives-gas-prices-up-2026-08-26/;False;2026-08-26T09:16:09.460000+02:00;https://www.reuters.com;2026-08-26T10:53:02.661316+02:00
106;453807a8-c548-51b0-90e8-fbf3eb3915e1;us relies tactics not strategy calm angry bonds 2026 08 20;Mike Dolan;https://www.reuters.com/commentary/reuters-open-interest/us-relies-tactics-not-strategy-calm-angry-bonds-2026-08-20/;https://www.reuters.com/commentary/reuters-open-interest/us-relies-tactics-not-strategy-calm-angry-bonds-2026-08-20/;False;2026-08-22T16:07:46.729000+02:00;https://www.reuters.com;2026-08-26T12:02:55.189417+02:00
107;461d5276-e62c-5624-8c77-98a97f6067a0;energy watch middle eastern spread 2026 07 30;Ron Bousso;https://www.reuters.com/commentary/reuters-open-interest/energy-watch-middle-eastern-spread-2026-07-30/;https://www.reuters.com/commentary/reuters-open-interest/energy-watch-middle-eastern-spread-2026-07-30/;False;2026-07-30T18:04:12.347000+02:00;https://www.reuters.com;2026-08-23T18:04:47.727291+02:00
108;46f220ae-57d6-528c-8d46-ae3c038a97a5;new fortress energys finance chief guinta resigns 2026 08 21;;https://www.reuters.com/business/energy/new-fortress-energys-finance-chief-guinta-resigns-2026-08-21/;https://www.reuters.com/business/energy/new-fortress-energys-finance-chief-guinta-resigns-2026-08-21/;False;2026-08-21T23:37:36.845000+02:00;https://www.reuters.com;2026-08-23T18:15:39.575986+02:00
109;4747a030-45e3-5500-8602-f7b9154b0099;global markets view usa 2026 08 20;Mike Dolan;https://www.reuters.com/commentary/reuters-open-interest/global-markets-view-usa-2026-08-20/;https://www.reuters.com/commentary/reuters-open-interest/global-markets-view-usa-2026-08-20/;False;2026-08-20T12:49:36.495000+02:00;https://www.reuters.com;2026-08-26T12:02:22.189666+02:00
110;480d2d0c-e3aa-5c36-a080-dae6d15a63f2;kremlin says ousted ukrainian defence ministers remarks show kyiv is consumed by 2026 08 26;;https://www.reuters.com/world/europe/kremlin-says-ousted-ukrainian-defence-ministers-remarks-show-kyiv-is-consumed-by-2026-08-26/;https://www.reuters.com/world/europe/kremlin-says-ousted-ukrainian-defence-ministers-remarks-show-kyiv-is-consumed-by-2026-08-26/;False;2026-08-26T16:32:14.367000+02:00;https://www.reuters.com;2026-08-26T16:56:44.494886+02:00
111;48228e00-e4e6-59cf-9746-9f7750aabcc7;frances engie discussing refund offshore wind projects with trump administration 2026 04 21;;https://www.reuters.com/sustainability/climate-energy/frances-engie-discussing-refund-offshore-wind-projects-with-trump-administration-2026-04-21/;https://www.reuters.com/sustainability/climate-energy/frances-engie-discussing-refund-offshore-wind-projects-with-trump-administration-2026-04-21/;False;2026-04-21T15:02:06.094000+02:00;https://www.reuters.com;2026-08-23T18:08:20.613741+02:00
112;48c183b8-578c-5fea-a2b4-5f53928ae7d6;eni bp aim final investment decision egypts gas discovery few months 2026 08 25;;https://www.reuters.com/business/energy/eni-bp-aim-final-investment-decision-egypts-gas-discovery-few-months-2026-08-25/;https://www.reuters.com/business/energy/eni-bp-aim-final-investment-decision-egypts-gas-discovery-few-months-2026-08-25/;False;2026-08-25T17:15:47.237000+02:00;https://www.reuters.com;2026-08-25T17:31:36.844555+02:00
113;48fab5fc-d5a6-5f3f-8f2b-fe41ddec75ee;britain japans farmers adapt rising heat 2026 08 20;;https://www.reuters.com/sustainability/britain-japans-farmers-adapt-rising-heat-2026-08-20/;https://www.reuters.com/sustainability/britain-japans-farmers-adapt-rising-heat-2026-08-20/;False;2026-08-20T15:25:00.359000+02:00;https://www.reuters.com;2026-08-23T18:11:25.896698+02:00
114;49262488-76e1-5ef6-aceb-7b770a16e39a;record debt election politics raise stakes french budget 2026 08 27;;https://www.reuters.com/business/finance/record-debt-election-politics-raise-stakes-french-budget-2026-08-27/;https://www.reuters.com/business/finance/record-debt-election-politics-raise-stakes-french-budget-2026-08-27/;False;2026-08-27T08:01:31.774000+02:00;https://www.reuters.com;2026-08-27T10:22:56.778045+02:00
115;49595550-20d6-53ee-9b0a-eeeaa74de7df;indias nuclear ambitions may be blunted by limits foreign reactor technology 2026 08 27;;https://www.reuters.com/business/energy/indias-nuclear-ambitions-may-be-blunted-by-limits-foreign-reactor-technology-2026-08-27/;https://www.reuters.com/business/energy/indias-nuclear-ambitions-may-be-blunted-by-limits-foreign-reactor-technology-2026-08-27/;False;2026-08-27T09:24:09.364000+02:00;https://www.reuters.com;2026-08-27T10:21:45.421809+02:00
116;49656a8f-6947-50d0-8c01-8fcd02ed8740;lightsource bp secured 10 power purchase deals totalling 13 gw last year 2025 02 19;;https://www.reuters.com/business/energy/lightsource-bp-secured-10-power-purchase-deals-totalling-13-gw-last-year-2025-02-19/;https://www.reuters.com/business/energy/lightsource-bp-secured-10-power-purchase-deals-totalling-13-gw-last-year-2025-02-19/;False;2025-02-19T05:09:50+01:00;https://www.reuters.com;2026-08-26T12:09:38.517801+02:00
117;4979a40b-5da5-540d-b1dc-09fe0bdf540a;britain sets 87 emissions reduction target 2038 2042 period 2026 06 02;;https://www.reuters.com/business/energy/britain-sets-87-emissions-reduction-target-2038-2042-period-2026-06-02/;https://www.reuters.com/business/energy/britain-sets-87-emissions-reduction-target-2038-2042-period-2026-06-02/;False;2026-06-02T17:15:45.413000+02:00;https://www.reuters.com;2026-08-23T18:10:29.686603+02:00
118;499c03ed-cdf8-5c99-bbad-4c576cccc9c6;swiss vote whether tighten neutrality end peacetime cooperation with nato 2026 08 26;;https://www.reuters.com/business/aerospace-defense/swiss-vote-whether-tighten-neutrality-end-peacetime-cooperation-with-nato-2026-08-26/;https://www.reuters.com/business/aerospace-defense/swiss-vote-whether-tighten-neutrality-end-peacetime-cooperation-with-nato-2026-08-26/;False;2026-08-26T07:38:09.735000+02:00;https://www.reuters.com;2026-08-26T10:54:58.562250+02:00
119;49ce6cbc-f238-5c47-94da-56605de59ff8;mideast war helps harms bp ceos turnaround ambitions 2026 08 04;Ron Bousso;https://www.reuters.com/commentary/reuters-open-interest/mideast-war-helps-harms-bp-ceos-turnaround-ambitions-2026-08-04/;https://www.reuters.com/commentary/reuters-open-interest/mideast-war-helps-harms-bp-ceos-turnaround-ambitions-2026-08-04/;False;2026-08-04T13:10:40.384000+02:00;https://www.reuters.com;2026-08-23T18:04:19.194948+02:00
120;4a277bb4-2613-5d65-ae9e-c1fc69fba56d;man detained over berlin gun stash suspected being part russian network spiegel 2026 08 25;;https://www.reuters.com/world/man-detained-over-berlin-gun-stash-suspected-being-part-russian-network-spiegel-2026-08-25/;https://www.reuters.com/world/man-detained-over-berlin-gun-stash-suspected-being-part-russian-network-spiegel-2026-08-25/;False;2026-08-25T16:28:54.726000+02:00;https://www.reuters.com;2026-08-25T17:31:55.723768+02:00
121;4bf4934d-25d8-5321-a5b6-718c6c6dcc65;egypt talks with energy majors multi year lng supply deal sources say 2026 07 21;;https://www.reuters.com/business/energy/egypt-talks-with-energy-majors-multi-year-lng-supply-deal-sources-say-2026-07-21/;https://www.reuters.com/business/energy/egypt-talks-with-energy-majors-multi-year-lng-supply-deal-sources-say-2026-07-21/;False;2026-07-21T18:33:48.667000+02:00;https://www.reuters.com;2026-08-26T17:52:15.164223+02:00
122;4e789682-69ed-5a9d-8a76-098336f0dbf1;us iran war spurs europe asia boost renewables 2026 08 26;;https://www.reuters.com/business/energy/us-iran-war-spurs-europe-asia-boost-renewables-2026-08-26/;https://www.reuters.com/business/energy/us-iran-war-spurs-europe-asia-boost-renewables-2026-08-26/;False;2026-08-26T10:37:44.613000+02:00;https://www.reuters.com;2026-08-26T10:53:22.985351+02:00
123;4ee44c3e-4361-5d55-8096-f81be142c3f1;south africa tribunal approves equinix data centres despite activist objections 2026 07 28;;https://www.reuters.com/business/energy/south-africa-tribunal-approves-equinix-data-centres-despite-activist-objections-2026-07-28/;https://www.reuters.com/business/energy/south-africa-tribunal-approves-equinix-data-centres-despite-activist-objections-2026-07-28/;False;2026-07-28T21:12:08.942000+02:00;https://www.reuters.com;2026-08-23T18:12:40.977365+02:00
124;4ee99d73-532e-51aa-8c34-4afa8bb1cb90;woodside energys first half profit rises 7 2026 08 24;;https://www.reuters.com/business/energy/woodside-energys-first-half-profit-rises-7-2026-08-24/;https://www.reuters.com/business/energy/woodside-energys-first-half-profit-rises-7-2026-08-24/;False;2026-08-25T06:49:12.649000+02:00;https://www.reuters.com;2026-08-25T09:48:35.244971+02:00
125;4fc89995-e1d7-5e2b-8230-3f1cb2500896;explosions heard ukraines kyiv reuters witness says 2026 08 27;;https://www.reuters.com/world/europe/explosions-heard-ukraines-kyiv-reuters-witness-says-2026-08-27/;https://www.reuters.com/world/europe/explosions-heard-ukraines-kyiv-reuters-witness-says-2026-08-27/;False;2026-08-27T09:18:37.426000+02:00;https://www.reuters.com;2026-08-27T10:24:05.820462+02:00
126;4fdaf1d9-f880-5aab-94ec-526776b0a094;qatarenergy buys 33 us lng cargoes offset hormuz disruption sources say 2026 07 30;;https://www.reuters.com/business/energy/qatarenergy-buys-33-us-lng-cargoes-offset-hormuz-disruption-sources-say-2026-07-30/;https://www.reuters.com/business/energy/qatarenergy-buys-33-us-lng-cargoes-offset-hormuz-disruption-sources-say-2026-07-30/;False;2026-07-30T07:19:49.557000+02:00;https://www.reuters.com;2026-08-26T17:51:38.404340+02:00
127;500cce7d-774a-517d-b217-24a73d86c41d;energy watch fool me once 2026 07 27;Ron Bousso;https://www.reuters.com/commentary/reuters-open-interest/energy-watch-fool-me-once-2026-07-27/;https://www.reuters.com/commentary/reuters-open-interest/energy-watch-fool-me-once-2026-07-27/;False;2026-07-28T12:46:05.407000+02:00;https://www.reuters.com;2026-08-23T18:05:01.990053+02:00
128;50181136-cbc0-58f0-a871-2dbdffe5f3bd;russian attack kills three near ukraines kharkiv governor says 2026 08 23;;https://www.reuters.com/world/europe/russian-attack-kills-three-near-ukraines-kharkiv-governor-says-2026-08-23/;https://www.reuters.com/world/europe/russian-attack-kills-three-near-ukraines-kharkiv-governor-says-2026-08-23/;False;2026-08-24T00:49:33.263000+02:00;https://www.reuters.com;2026-08-24T09:38:51.520338+02:00
129;5100ecbd-f5e3-54b9-a3a6-3f3655a9c971;europes renewables boom is becoming gas demand bust 2026 08 13;Gavin Maguire;https://www.reuters.com/commentary/reuters-open-interest/europes-renewables-boom-is-becoming-gas-demand-bust-2026-08-13/;https://www.reuters.com/commentary/reuters-open-interest/europes-renewables-boom-is-becoming-gas-demand-bust-2026-08-13/;False;2026-08-13T13:01:29.730000+02:00;https://www.reuters.com;2026-08-26T12:00:15.712944+02:00
130;51717153-a932-5825-b178-78a7a6003b19;americas power grid is choking costly congestion 2026 07 20;Gavin Maguire;https://www.reuters.com/commentary/reuters-open-interest/americas-power-grid-is-choking-costly-congestion-2026-07-20/;https://www.reuters.com/commentary/reuters-open-interest/americas-power-grid-is-choking-costly-congestion-2026-07-20/;False;2026-07-20T12:00:42.308000+02:00;https://www.reuters.com;2026-08-26T12:01:32.851818+02:00
131;52282f85-c2f4-516e-bb32-10ea632d1e7f;high temperatures shut french gas plant adding heat related outages 2026 07 16;;https://www.reuters.com/business/energy/high-temperatures-shut-french-gas-plant-adding-heat-related-outages-2026-07-16/;https://www.reuters.com/business/energy/high-temperatures-shut-french-gas-plant-adding-heat-related-outages-2026-07-16/;False;2026-07-17T11:45:21.017000+02:00;https://www.reuters.com;2026-08-23T18:07:06.091186+02:00
132;53ba7fb4-5dab-5181-b51c-09207a50591d;houses damaged after tornado hits aude southern france 2026 08 25;;https://www.reuters.com/business/environment/houses-damaged-after-tornado-hits-aude-southern-france-2026-08-25/;https://www.reuters.com/business/environment/houses-damaged-after-tornado-hits-aude-southern-france-2026-08-25/;False;2026-08-25T09:36:49.398000+02:00;https://www.reuters.com;2026-08-25T09:49:44.056236+02:00
133;54a6894b-063e-59e3-8ca2-b0297ab11503;global markets view usa 2026 08 12;Mike Dolan;https://www.reuters.com/commentary/reuters-open-interest/global-markets-view-usa-2026-08-12/;https://www.reuters.com/commentary/reuters-open-interest/global-markets-view-usa-2026-08-12/;False;2026-08-12T12:48:32.563000+02:00;https://www.reuters.com;2026-08-26T12:03:59.580093+02:00
134;5674c27e-012c-5d64-8281-5bc44dbb22a8;trump reopens fed battle critical time bond markets 2026 08 11;Mike Dolan;https://www.reuters.com/commentary/reuters-open-interest/trump-reopens-fed-battle-critical-time-bond-markets-2026-08-11/;https://www.reuters.com/commentary/reuters-open-interest/trump-reopens-fed-battle-critical-time-bond-markets-2026-08-11/;False;2026-08-12T12:48:15.769000+02:00;https://www.reuters.com;2026-08-26T12:04:22.193334+02:00
135;578a71b5-2382-5281-9869-87ecc49317d1;oil prices steady investors weigh impact expanded us sanctions against iran 2026 08 25;;https://www.reuters.com/business/energy/oil-prices-steady-investors-weigh-impact-expanded-us-sanctions-against-iran-2026-08-25/;https://www.reuters.com/business/energy/oil-prices-steady-investors-weigh-impact-expanded-us-sanctions-against-iran-2026-08-25/;False;2026-08-25T08:51:43.387000+02:00;https://www.reuters.com;2026-08-25T09:48:22.232063+02:00
136;57d7fed9-6d35-5269-b6ab-3b8563870f23;putin will draft 300000 new troops after september elections zelenskiy says 2026 08 23;;https://www.reuters.com/world/europe/putin-will-draft-300000-new-troops-after-september-elections-zelenskiy-says-2026-08-23/;https://www.reuters.com/world/europe/putin-will-draft-300000-new-troops-after-september-elections-zelenskiy-says-2026-08-23/;False;2026-08-23T11:52:55.527000+02:00;https://www.reuters.com;2026-08-23T18:16:51.034751+02:00
137;57ee8d6a-9c7c-5f78-a75e-c6cc6cc4ce5c;qatarenergy extends lng force majeure charters out tankers into october sources 2026 07 23;;https://www.reuters.com/business/energy/qatarenergy-extends-lng-force-majeure-charters-out-tankers-into-october-sources-2026-07-23/;https://www.reuters.com/business/energy/qatarenergy-extends-lng-force-majeure-charters-out-tankers-into-october-sources-2026-07-23/;False;2026-07-23T12:59:53.077000+02:00;https://www.reuters.com;2026-08-26T17:51:58.980407+02:00
138;58571d50-60ad-5204-a6a4-c76e1c716d3e;britains energy price cap hit three year high in october cornwall insight says 2026 08 19;;https://www.reuters.com/business/energy/britains-energy-price-cap-hit-three-year-high-in-october-cornwall-insight-says-2026-08-19/;https://www.reuters.com/business/energy/britains-energy-price-cap-hit-three-year-high-in-october-cornwall-insight-says-2026-08-19/;False;2026-08-19T13:40:44.557000+02:00;https://www.reuters.com;2026-08-23T18:08:41.782849+02:00
139;5919ca33-7030-54df-8bbb-d3fb2f6cb9d6;power supply firm aggreko files us ipo 2026 08 24;;https://www.reuters.com/business/energy/power-supply-firm-aggreko-files-us-ipo-2026-08-24/;https://www.reuters.com/business/energy/power-supply-firm-aggreko-files-us-ipo-2026-08-24/;False;2026-08-25T00:50:57.909000+02:00;https://www.reuters.com;2026-08-25T09:49:01.077251+02:00
140;596a34b7-a08d-5394-adfe-c1773021d009;white house pushes more refinery waivers ease pump prices 2026 08 26;;https://www.reuters.com/legal/litigation/white-house-pushes-more-refinery-waivers-ease-pump-prices-2026-08-26/;https://www.reuters.com/legal/litigation/white-house-pushes-more-refinery-waivers-ease-pump-prices-2026-08-26/;False;2026-08-26T17:32:28.157000+02:00;https://www.reuters.com;2026-08-26T17:54:08.287624+02:00
141;596c5ac8-73f7-5841-84ea-a2228a1c5f62;us imposes sanctions palestine action group 2026 08 26;;https://www.reuters.com/business/aerospace-defense/us-imposes-sanctions-palestine-action-group-2026-08-26/;https://www.reuters.com/business/aerospace-defense/us-imposes-sanctions-palestine-action-group-2026-08-26/;False;2026-08-26T16:41:43.839000+02:00;https://www.reuters.com;2026-08-26T16:55:35.004014+02:00
142;59c32d53-317a-5da6-84db-ec95fceb2f93;drone attack kills two children burns logistics hub russias krasnodar 2026 08 24;;https://www.reuters.com/world/europe/drone-attack-kills-two-children-burns-logistics-hub-russias-krasnodar-2026-08-24/;https://www.reuters.com/world/europe/drone-attack-kills-two-children-burns-logistics-hub-russias-krasnodar-2026-08-24/;False;2026-08-24T02:30:01.476000+02:00;https://www.reuters.com;2026-08-24T09:38:44.937919+02:00
143;5a45e47c-08a4-54af-bdac-0e18c9ca0d43;prominent ukrainian commanders lead defence eastern region demanded by russia 2026 08 26;;https://www.reuters.com/world/europe/prominent-ukrainian-commanders-lead-defence-eastern-region-demanded-by-russia-2026-08-26/;https://www.reuters.com/world/europe/prominent-ukrainian-commanders-lead-defence-eastern-region-demanded-by-russia-2026-08-26/;False;2026-08-26T17:39:52.548000+02:00;https://www.reuters.com;2026-08-26T17:54:20.670068+02:00
144;5b0784b0-3532-5fba-869b-5e931075e6ee;us iran war sinks into energy trench warfare six months 2026 08 26;Ron Bousso;https://www.reuters.com/commentary/reuters-open-interest/us-iran-war-sinks-into-energy-trench-warfare-six-months-2026-08-26/;https://www.reuters.com/commentary/reuters-open-interest/us-iran-war-sinks-into-energy-trench-warfare-six-months-2026-08-26/;False;2026-08-26T08:12:29.752000+02:00;https://www.reuters.com;2026-08-26T10:52:42.815863+02:00
145;5bdd5048-c594-5548-a67e-52b15a586122;cutting off red sea oil route may be one crisis too many 2026 07 23;Ron Bousso;https://www.reuters.com/commentary/reuters-open-interest/cutting-off-red-sea-oil-route-may-be-one-crisis-too-many-2026-07-23/;https://www.reuters.com/commentary/reuters-open-interest/cutting-off-red-sea-oil-route-may-be-one-crisis-too-many-2026-07-23/;False;2026-07-23T12:00:55.755000+02:00;https://www.reuters.com;2026-08-23T18:05:18.722924+02:00
146;5c6c5524-f527-5a2b-9fb7-544c95228260;spain france battle wildfires heat grips southern europe 2026 07 22;;https://www.reuters.com/business/environment/spain-france-battle-wildfires-heat-grips-southern-europe-2026-07-22/;https://www.reuters.com/business/environment/spain-france-battle-wildfires-heat-grips-southern-europe-2026-07-22/;False;2026-07-23T13:19:45.261000+02:00;https://www.reuters.com;2026-08-26T12:06:57.542048+02:00
147;5ca4f4ce-0258-5b6f-9749-68e3b85633ca;chinese refiner sinopec boost oil imports outside gulf 2026 08 24;;https://www.reuters.com/business/energy/chinese-refiner-sinopec-boost-oil-imports-outside-gulf-2026-08-24/;https://www.reuters.com/business/energy/chinese-refiner-sinopec-boost-oil-imports-outside-gulf-2026-08-24/;False;2026-08-24T12:43:43.560000+02:00;https://www.reuters.com;2026-08-24T17:49:34.533927+02:00
148;5cade730-bea8-50e9-ada0-ee1704551467;french security chief sees new threats after leipzig drone attack 2026 08 26;;https://www.reuters.com/business/aerospace-defense/french-security-chief-sees-new-threats-after-leipzig-drone-attack-2026-08-26/;https://www.reuters.com/business/aerospace-defense/french-security-chief-sees-new-threats-after-leipzig-drone-attack-2026-08-26/;False;2026-08-26T22:43:09.874000+02:00;https://www.reuters.com;2026-08-27T10:23:35.062053+02:00
149;5cb764ea-cb1f-5199-a202-b31f913ba247;totalenergies will invest expand fujairah oil export pipeline abu dhabi ceo says 2026 08 24;;https://www.reuters.com/business/energy/totalenergies-will-invest-expand-fujairah-oil-export-pipeline-abu-dhabi-ceo-says-2026-08-24/;https://www.reuters.com/business/energy/totalenergies-will-invest-expand-fujairah-oil-export-pipeline-abu-dhabi-ceo-says-2026-08-24/;False;2026-08-24T14:56:50.352000+02:00;https://www.reuters.com;2026-08-24T17:49:02.621451+02:00
150;5d2d0c0b-e426-51ae-adbd-9f1789b187c3;adani energy solutions wins 493 mln transmission project maharashtra 2026 08 26;;https://www.reuters.com/business/energy/adani-energy-solutions-wins-493-mln-transmission-project-maharashtra-2026-08-26/;https://www.reuters.com/business/energy/adani-energy-solutions-wins-493-mln-transmission-project-maharashtra-2026-08-26/;False;2026-08-26T06:06:32.401000+02:00;https://www.reuters.com;2026-08-26T10:54:14.338334+02:00
151;5e152a4e-9408-5b06-9b35-66a47b106157;eni eyes europe fusion plant by early 2040s ft reports 2026 08 23;;https://www.reuters.com/business/energy/eni-eyes-europe-fusion-plant-by-early-2040s-ft-reports-2026-08-23/;https://www.reuters.com/business/energy/eni-eyes-europe-fusion-plant-by-early-2040s-ft-reports-2026-08-23/;False;2026-08-23T12:51:58.739000+02:00;https://www.reuters.com;2026-08-23T18:14:45.588559+02:00
152;5ee6fad9-4416-536e-ab2c-b9cd53b3822b;chinas oil fortress will reshape global order 2026 07 16;Ron Bousso;https://www.reuters.com/commentary/reuters-open-interest/chinas-oil-fortress-will-reshape-global-order-2026-07-16/;https://www.reuters.com/commentary/reuters-open-interest/chinas-oil-fortress-will-reshape-global-order-2026-07-16/;False;2026-07-16T12:02:36.073000+02:00;https://www.reuters.com;2026-08-23T18:05:54.889430+02:00
153;5f22598a-738f-56b9-9f02-27ca4566342d;pentagon official brief nato allies review fuels questions 2026 08 26;;https://www.reuters.com/world/europe/pentagon-official-brief-nato-allies-review-fuels-questions-2026-08-26/;https://www.reuters.com/world/europe/pentagon-official-brief-nato-allies-review-fuels-questions-2026-08-26/;False;2026-08-26T20:00:21.830000+02:00;https://www.reuters.com;2026-08-27T10:24:25.521886+02:00
154;6069bd38-9824-5f8e-987c-368decf6f7bf;iran says it discovered over 75 trillion cubic feet gas 2026 08 23;;https://www.reuters.com/business/energy/iran-says-it-discovered-over-75-trillion-cubic-feet-gas-2026-08-23/;https://www.reuters.com/business/energy/iran-says-it-discovered-over-75-trillion-cubic-feet-gas-2026-08-23/;False;2026-08-23T17:24:02.988000+02:00;https://www.reuters.com;2026-08-23T18:14:32.619201+02:00
155;60db15f6-85d5-5ff4-9f59-82dcfb3598e1;britain must invest 89 billion upgrade power grid operator says 2026 06 30;;https://www.reuters.com/legal/litigation/britain-must-invest-89-billion-upgrade-power-grid-operator-says-2026-06-30/;https://www.reuters.com/legal/litigation/britain-must-invest-89-billion-upgrade-power-grid-operator-says-2026-06-30/;False;2026-06-30T12:44:55.114000+02:00;https://www.reuters.com;2026-08-23T18:09:26.114768+02:00
156;61541808-1f3c-5c59-9b17-6bf7f3f99fa7;us refiners face historic stress test global crisis looms 2026 08 24;Ron Bousso;https://www.reuters.com/commentary/reuters-open-interest/us-refiners-face-historic-stress-test-global-crisis-looms-2026-08-24/;https://www.reuters.com/commentary/reuters-open-interest/us-refiners-face-historic-stress-test-global-crisis-looms-2026-08-24/;False;2026-08-24T08:11:14.497000+02:00;https://www.reuters.com;2026-08-24T09:36:12.853042+02:00
157;62c9ef11-bea5-5d0c-bfca-611c33691317;ukraines zelenskiy says macron agreed accelerate air defence deliveries 2026 08 22;;https://www.reuters.com/world/ukraines-zelenskiy-says-macron-agreed-accelerate-air-defence-deliveries-2026-08-22/;https://www.reuters.com/world/ukraines-zelenskiy-says-macron-agreed-accelerate-air-defence-deliveries-2026-08-22/;False;2026-08-22T18:06:10.397000+02:00;https://www.reuters.com;2026-08-23T18:17:09.835172+02:00
158;63987f1f-cdb9-5095-804d-d21e193792fa;shein launches up 18 billion hong kong ipo 2026 08 23;;https://www.reuters.com/business/retail-consumer/shein-launches-up-18-billion-hong-kong-ipo-2026-08-23/;https://www.reuters.com/business/retail-consumer/shein-launches-up-18-billion-hong-kong-ipo-2026-08-23/;False;2026-08-24T08:21:16.409000+02:00;https://www.reuters.com;2026-08-24T09:38:31.241256+02:00
159;63df16bf-7198-52fd-87da-16efd43e4d6b;us judge dismisses legal challenge trumps offshore drilling expansion 2026 08 24;;https://www.reuters.com/legal/litigation/us-judge-dismisses-legal-challenge-trumps-offshore-drilling-expansion-2026-08-24/;https://www.reuters.com/legal/litigation/us-judge-dismisses-legal-challenge-trumps-offshore-drilling-expansion-2026-08-24/;False;2026-08-24T22:40:09.400000+02:00;https://www.reuters.com;2026-08-25T09:48:41.849123+02:00
160;6558d5c0-448b-5b2d-840a-105a92bf4e94;norway will drill arctic regardless eus position says energy minister 2026 08 24;;https://www.reuters.com/business/energy/norway-will-drill-arctic-regardless-eus-position-says-energy-minister-2026-08-24/;https://www.reuters.com/business/energy/norway-will-drill-arctic-regardless-eus-position-says-energy-minister-2026-08-24/;False;2026-08-24T08:56:23.098000+02:00;https://www.reuters.com;2026-08-24T09:36:50.630111+02:00
161;655cc0e1-ad84-5b78-ac98-4a216c77b348;energy watch theres no us gulf 2026 08 06;Ron Bousso;https://www.reuters.com/commentary/reuters-open-interest/energy-watch-theres-no-us-gulf-2026-08-06/;https://www.reuters.com/commentary/reuters-open-interest/energy-watch-theres-no-us-gulf-2026-08-06/;False;2026-08-06T18:16:45.175000+02:00;https://www.reuters.com;2026-08-23T21:53:26.643296+02:00
162;668f756b-65ae-5cea-abb0-155af43c7aae;eu power grid needs trillion dollar upgrade avert spain style blackouts 2025 05 05;;https://www.reuters.com/sustainability/climate-energy/eu-power-grid-needs-trillion-dollar-upgrade-avert-spain-style-blackouts-2025-05-05/;https://www.reuters.com/sustainability/climate-energy/eu-power-grid-needs-trillion-dollar-upgrade-avert-spain-style-blackouts-2025-05-05/;False;2025-05-06T10:02:53+02:00;https://www.reuters.com;2026-08-26T12:08:50.019118+02:00
163;6705c52c-3b89-575e-9e6e-2897906ba36d;pm burnham says uk must be bolder seeking closer eu ties 2026 08 24;;https://www.reuters.com/world/uk/pm-burnham-says-uk-must-be-bolder-seeking-closer-eu-ties-2026-08-24/;https://www.reuters.com/world/uk/pm-burnham-says-uk-must-be-bolder-seeking-closer-eu-ties-2026-08-24/;False;2026-08-24T09:28:29.874000+02:00;https://www.reuters.com;2026-08-24T09:55:27.995781+02:00
164;674e351b-d7f1-5a2e-91e0-0419a8058fdd;ukraine russia energy assets focus trump putin talks loom 2025 03 17;;https://www.reuters.com/business/energy/ukraine-russia-energy-assets-focus-trump-putin-talks-loom-2025-03-17/;https://www.reuters.com/business/energy/ukraine-russia-energy-assets-focus-trump-putin-talks-loom-2025-03-17/;False;2025-03-19T09:55:54+01:00;https://www.reuters.com;2026-08-26T12:09:23.039103+02:00
165;675c2d29-63ca-562d-92e0-874a94b59b26;asian shipbuilding dominance could thwart lng expansion wood mackenzie says 2026 07 08;;https://www.reuters.com/business/energy/asian-shipbuilding-dominance-could-thwart-lng-expansion-wood-mackenzie-says-2026-07-08/;https://www.reuters.com/business/energy/asian-shipbuilding-dominance-could-thwart-lng-expansion-wood-mackenzie-says-2026-07-08/;False;2026-07-08T14:36:00.365000+02:00;https://www.reuters.com;2026-08-26T17:52:30.064938+02:00
166;685e60f3-9850-5c20-b0f5-18d32182c9a9;wildfires rage across europe north america 2026 07 14;;https://www.reuters.com/sustainability/wildfires-rage-across-europe-north-america-2026-07-14/;https://www.reuters.com/sustainability/wildfires-rage-across-europe-north-america-2026-07-14/;False;2026-07-21T15:55:39.428000+02:00;https://www.reuters.com;2026-08-23T18:13:40.272244+02:00
167;68b328ed-0b2c-5093-8dbc-70a90dd54168;germanys uniper says it has filled 70 its contracted gas storage 2026 08 24;;https://www.reuters.com/business/energy/germanys-uniper-says-it-has-filled-70-its-contracted-gas-storage-2026-08-24/;https://www.reuters.com/business/energy/germanys-uniper-says-it-has-filled-70-its-contracted-gas-storage-2026-08-24/;False;2026-08-24T11:16:59.167000+02:00;https://www.reuters.com;2026-08-24T12:22:34.946080+02:00
168;6a3341b1-dd7a-5665-ba9b-794d44224db9;ukrainian nord stream blast suspect detained croatia 2026 08 21;;https://www.reuters.com/world/ukrainian-nord-stream-blast-suspect-detained-croatia-2026-08-21/;https://www.reuters.com/world/ukrainian-nord-stream-blast-suspect-detained-croatia-2026-08-21/;False;2026-08-21T18:18:16.767000+02:00;https://www.reuters.com;2026-08-23T18:18:02.359839+02:00
169;6a56a6d7-5e18-5847-b9ff-2a952cdc0e27;strong el nino rising food insecurity 2026 08 06;;https://www.reuters.com/sustainability/strong-el-nino-rising-food-insecurity-2026-08-06/;https://www.reuters.com/sustainability/strong-el-nino-rising-food-insecurity-2026-08-06/;False;2026-08-06T15:00:00.750000+02:00;https://www.reuters.com;2026-08-23T18:12:09.647217+02:00
170;6dd02dc1-0e40-521f-9be9-f7aceb95e03c;europe faces long cold winter fuel buffers dwindle 2026 07 27;Ron Bousso;https://www.reuters.com/commentary/reuters-open-interest/europe-faces-long-cold-winter-fuel-buffers-dwindle-2026-07-27/;https://www.reuters.com/commentary/reuters-open-interest/europe-faces-long-cold-winter-fuel-buffers-dwindle-2026-07-27/;False;2026-07-27T12:00:48.935000+02:00;https://www.reuters.com;2026-08-23T18:05:11.819074+02:00
171;6e21deee-b4db-59ec-be32-d3d2f90fcef9;europes next energy shock is drying up plain sight 2026 07 16;Gavin Maguire;https://www.reuters.com/commentary/reuters-open-interest/europes-next-energy-shock-is-drying-up-plain-sight-2026-07-16/;https://www.reuters.com/commentary/reuters-open-interest/europes-next-energy-shock-is-drying-up-plain-sight-2026-07-16/;False;2026-07-16T13:00:23.621000+02:00;https://www.reuters.com;2026-08-26T12:01:40.157704+02:00
172;6e5ec1cf-ea5a-5d4e-a80a-1c3cfd4a1eba;germanys uniper signs 15 year gas import deal with norways equinor 2026 08 24;;https://www.reuters.com/business/energy/germanys-uniper-signs-15-year-gas-import-deal-with-norways-equinor-2026-08-24/;https://www.reuters.com/business/energy/germanys-uniper-signs-15-year-gas-import-deal-with-norways-equinor-2026-08-24/;False;2026-08-24T08:21:53.984000+02:00;https://www.reuters.com;2026-08-24T09:37:03.749712+02:00
173;7175cc61-b6ca-5ae5-a0ad-f95cd09b3e95;trump signs order banning some foreign equipment us energy grid 2026 08 26;;https://www.reuters.com/legal/government/trump-signs-order-banning-some-foreign-equipment-us-energy-grid-2026-08-26/;https://www.reuters.com/legal/government/trump-signs-order-banning-some-foreign-equipment-us-energy-grid-2026-08-26/;False;2026-08-26T22:31:41.374000+02:00;https://www.reuters.com;2026-08-27T10:22:12.642431+02:00
174;71a76d9b-77de-51e7-b9b1-d8f8a5c9942f;engie posts first quarter earnings line with expectations 2026 05 07;;https://www.reuters.com/business/energy/engie-posts-first-quarter-earnings-line-with-expectations-2026-05-07/;https://www.reuters.com/business/energy/engie-posts-first-quarter-earnings-line-with-expectations-2026-05-07/;False;2026-05-07T10:48:27.799000+02:00;https://www.reuters.com;2026-08-23T18:07:51.674163+02:00
175;71d84ae0-89f2-5c89-92f2-e729f3864c07;europe bets big electrification now it needs people plug 2026 07 21;Gavin Maguire;https://www.reuters.com/commentary/reuters-open-interest/europe-bets-big-electrification-now-it-needs-people-plug-2026-07-21/;https://www.reuters.com/commentary/reuters-open-interest/europe-bets-big-electrification-now-it-needs-people-plug-2026-07-21/;False;2026-07-21T13:00:24.294000+02:00;https://www.reuters.com;2026-08-26T12:01:25.928369+02:00
176;71dde2cd-a744-5f4a-8090-3cddbe04ffdc;three midweek thoughts dodging ai uber bulls intervention flub 2026 08 19;Mike Dolan;https://www.reuters.com/commentary/reuters-open-interest/three-midweek-thoughts-dodging-ai-uber-bulls-intervention-flub-2026-08-19/;https://www.reuters.com/commentary/reuters-open-interest/three-midweek-thoughts-dodging-ai-uber-bulls-intervention-flub-2026-08-19/;False;2026-08-19T12:00:51.726000+02:00;https://www.reuters.com;2026-08-26T12:03:09.712451+02:00
177;72388c2b-fdbc-5d07-a542-f0226a565a1d;grid bottlenecks push businesses toward larger onsite power systems capstone 2026 08 24;;https://www.reuters.com/business/energy/grid-bottlenecks-push-businesses-toward-larger-onsite-power-systems-capstone-2026-08-24/;https://www.reuters.com/business/energy/grid-bottlenecks-push-businesses-toward-larger-onsite-power-systems-capstone-2026-08-24/;False;2026-08-24T13:33:43.435000+02:00;https://www.reuters.com;2026-08-24T17:49:21.476514+02:00
178;7441453c-d28d-5ea5-82ef-78aa24fa6255;south african miners accelerate shift renewable power cut eskom reliance 2026 08 26;;https://www.reuters.com/business/energy/south-african-miners-accelerate-shift-renewable-power-cut-eskom-reliance-2026-08-26/;https://www.reuters.com/business/energy/south-african-miners-accelerate-shift-renewable-power-cut-eskom-reliance-2026-08-26/;False;2026-08-26T09:49:08.812000+02:00;https://www.reuters.com;2026-08-26T10:54:01.328770+02:00
179;74984ef4-26c4-597a-8b8f-3a9ac8b5f820;drone sets wildberries warehouse ablaze russias tambov region governor says 2026 08 26;;https://www.reuters.com/world/drone-sets-wildberries-warehouse-ablaze-russias-tambov-region-governor-says-2026-08-26/;https://www.reuters.com/world/drone-sets-wildberries-warehouse-ablaze-russias-tambov-region-governor-says-2026-08-26/;False;2026-08-26T10:52:38.809000+02:00;https://www.reuters.com;2026-08-26T11:31:12.953167+02:00
180;750f4e35-990c-532d-a550-34b25d79de1d;snbs martin says robust level capital not disadvantage banks 2026 08 26;;https://www.reuters.com/legal/transactional/snbs-martin-says-robust-level-capital-not-disadvantage-banks-2026-08-26/;https://www.reuters.com/legal/transactional/snbs-martin-says-robust-level-capital-not-disadvantage-banks-2026-08-26/;False;2026-08-26T20:07:45.219000+02:00;https://www.reuters.com;2026-08-27T10:24:18.713904+02:00
181;76898208-a813-5938-a606-68599371204b;europe north africa canada wildfires 2026 07 28;;https://www.reuters.com/sustainability/europe-north-africa-canada-wildfires-2026-07-28/;https://www.reuters.com/sustainability/europe-north-africa-canada-wildfires-2026-07-28/;False;2026-07-28T16:39:45.688000+02:00;https://www.reuters.com;2026-08-23T18:12:48.284466+02:00
182;76a8452c-a002-509c-a30d-026cff328498;gas pipeline nord streams long way back europe 2025 03 07;;https://www.reuters.com/business/energy/gas-pipeline-nord-streams-long-way-back-europe-2025-03-07/;https://www.reuters.com/business/energy/gas-pipeline-nord-streams-long-way-back-europe-2025-03-07/;False;2025-03-07T15:22:44+01:00;https://www.reuters.com;2026-08-26T12:09:30.836656+02:00
183;78830b06-7126-5a5a-807d-4e28ca0eda3c;edf delays decision edison stake sale middle east conflict disrupts lng supply 2026 04 28;;https://www.reuters.com/business/energy/edf-delays-decision-edison-stake-sale-middle-east-conflict-disrupts-lng-supply-2026-04-28/;https://www.reuters.com/business/energy/edf-delays-decision-edison-stake-sale-middle-east-conflict-disrupts-lng-supply-2026-04-28/;False;2026-04-28T23:06:05.043000+02:00;https://www.reuters.com;2026-08-23T18:07:59.463727+02:00
184;7999dbeb-7d1a-509e-9bd6-c24474a8cb97;global markets view usa 2026 08 26;Mike Dolan;https://www.reuters.com/commentary/reuters-open-interest/global-markets-view-usa-2026-08-26/;https://www.reuters.com/commentary/reuters-open-interest/global-markets-view-usa-2026-08-26/;False;2026-08-26T12:33:44.053000+02:00;https://www.reuters.com;2026-08-26T16:54:18.879598+02:00
185;7ae59b81-7624-58cb-b54c-6e05d126b59b;saudi aramco signs agreements worth over 37 billion with french companies 2026 08 24;;https://www.reuters.com/business/energy/saudi-aramco-signs-agreements-worth-over-37-billion-with-french-companies-2026-08-24/;https://www.reuters.com/business/energy/saudi-aramco-signs-agreements-worth-over-37-billion-with-french-companies-2026-08-24/;False;2026-08-24T20:03:43.781000+02:00;https://www.reuters.com;2026-08-25T09:49:07.466651+02:00
186;7b724bbf-3d07-5866-b962-ae0a857f5922;high french river temperatures expected limit nuclear power output next week 2026 06 18;;https://www.reuters.com/business/environment/high-french-river-temperatures-expected-limit-nuclear-power-output-next-week-2026-06-18/;https://www.reuters.com/business/environment/high-french-river-temperatures-expected-limit-nuclear-power-output-next-week-2026-06-18/;False;2026-06-18T16:40:14.790000+02:00;https://www.reuters.com;2026-08-23T18:07:30.182529+02:00
187;7c429bf7-f31f-573d-b99f-fdf08aa8a058;engie ceo confirms dinner with far right leader marine le pen warns against 2026 04 21;;https://www.reuters.com/sustainability/climate-energy/engie-ceo-confirms-dinner-with-far-right-leader-marine-le-pen-warns-against-2026-04-21/;https://www.reuters.com/sustainability/climate-energy/engie-ceo-confirms-dinner-with-far-right-leader-marine-le-pen-warns-against-2026-04-21/;False;2026-04-21T10:50:44.065000+02:00;https://www.reuters.com;2026-08-23T18:08:28.145280+02:00
188;7d3d8ad7-7e83-5354-a237-2b72448cbe89;injuries reported after coach carrying school children crashes netherlands 2026 08 24;;https://www.reuters.com/world/injuries-reported-after-coach-carrying-school-children-crashes-netherlands-2026-08-24/;https://www.reuters.com/world/injuries-reported-after-coach-carrying-school-children-crashes-netherlands-2026-08-24/;False;2026-08-24T08:09:46.840000+02:00;https://www.reuters.com;2026-08-24T09:38:05.796660+02:00
189;7e0d57b7-f40b-5889-b111-d7a2c40f890b;largest us grids transmission constraint costs surge 6 billion 2026 2026 08 21;;https://www.reuters.com/business/energy/largest-us-grids-transmission-constraint-costs-surge-6-billion-2026-2026-08-21/;https://www.reuters.com/business/energy/largest-us-grids-transmission-constraint-costs-surge-6-billion-2026-2026-08-21/;False;2026-08-21T22:45:26.370000+02:00;https://www.reuters.com;2026-08-23T18:14:59.516187+02:00
190;7fbe71fb-89d7-5508-91ff-a1d0eb223678;us spy chief visits russia meetings media reports 2026 08 25;;https://www.reuters.com/world/us-spy-chief-visits-russia-meetings-media-reports-2026-08-25/;https://www.reuters.com/world/us-spy-chief-visits-russia-meetings-media-reports-2026-08-25/;False;2026-08-25T18:37:47.620000+02:00;https://www.reuters.com;2026-08-25T19:43:27.157838+02:00
191;822801dc-1d0d-560b-8e0b-a68b846a7d1a;wartime election would destroy ukraine zelenskiy says 2026 08 23;;https://www.reuters.com/world/europe/wartime-election-would-destroy-ukraine-zelenskiy-says-2026-08-23/;https://www.reuters.com/world/europe/wartime-election-would-destroy-ukraine-zelenskiy-says-2026-08-23/;False;2026-08-23T14:32:05.638000+02:00;https://www.reuters.com;2026-08-23T18:16:38.638144+02:00
192;84564736-0be0-5eb5-99be-017747d445c4;uk approves sizewell c nuclear plant after la caisse investment 2025 07 22;;https://www.reuters.com/business/energy/uk-approves-sizewell-c-nuclear-plant-after-la-caisse-investment-2025-07-22/;https://www.reuters.com/business/energy/uk-approves-sizewell-c-nuclear-plant-after-la-caisse-investment-2025-07-22/;False;2025-07-22T11:07:39+02:00;https://www.reuters.com;2026-08-26T12:08:18.801337+02:00
193;8458c44a-d38e-56a7-8aaf-8fee87130c19;jellyfish hit french nuclear plant shuts down three reactors 2026 08 11;;https://www.reuters.com/business/energy/jellyfish-hit-french-nuclear-plant-shuts-down-three-reactors-2026-08-11/;https://www.reuters.com/business/energy/jellyfish-hit-french-nuclear-plant-shuts-down-three-reactors-2026-08-11/;False;2026-08-11T13:25:42.023000+02:00;https://www.reuters.com;2026-08-23T18:06:22.302790+02:00
194;84938a9b-ff0c-52b9-971e-418981a85f2f;energy watch iran deadlock drags 2026 08 13;Gavin Maguire;https://www.reuters.com/commentary/reuters-open-interest/energy-watch-iran-deadlock-drags-2026-08-13/;https://www.reuters.com/commentary/reuters-open-interest/energy-watch-iran-deadlock-drags-2026-08-13/;False;2026-08-13T19:17:36.880000+02:00;https://www.reuters.com;2026-08-26T12:00:08.947413+02:00
195;85c1faee-e34b-55ae-97b7-81a113ec129b;smart tugs trucks that dont sleep automation rewires us transport 2026 08 14;Gavin Maguire;https://www.reuters.com/commentary/reuters-open-interest/smart-tugs-trucks-that-dont-sleep-automation-rewires-us-transport-2026-08-14/;https://www.reuters.com/commentary/reuters-open-interest/smart-tugs-trucks-that-dont-sleep-automation-rewires-us-transport-2026-08-14/;False;2026-08-15T19:40:37.810000+02:00;https://www.reuters.com;2026-08-26T12:00:01.079492+02:00
196;86ef8b6e-e116-54a8-8a47-c9c403268292;mapping americas mammoth power machine 2026 08 10;Gavin Maguire;https://www.reuters.com/commentary/reuters-open-interest/mapping-americas-mammoth-power-machine-2026-08-10/;https://www.reuters.com/commentary/reuters-open-interest/mapping-americas-mammoth-power-machine-2026-08-10/;False;2026-08-10T16:09:55.701000+02:00;https://www.reuters.com;2026-08-26T12:00:30.903379+02:00
197;87733a2e-7b11-5f27-af9b-f90d73a9aec5;record low gas stocks expose europe risk price spikes 2026 08 06;;https://www.reuters.com/business/energy/record-low-gas-stocks-expose-europe-risk-price-spikes-2026-08-06/;https://www.reuters.com/business/energy/record-low-gas-stocks-expose-europe-risk-price-spikes-2026-08-06/;False;2026-08-06T08:09:27.264000+02:00;https://www.reuters.com;2026-08-26T12:06:13.152279+02:00
198;87f12fa6-1273-5add-9520-a45f0b6c6706;rainfall offers new hope fight against belgiums biggest wildfire 2026 08 17;;https://www.reuters.com/business/environment/rainfall-offers-new-hope-fight-against-belgiums-biggest-wildfire-2026-08-17/;https://www.reuters.com/business/environment/rainfall-offers-new-hope-fight-against-belgiums-biggest-wildfire-2026-08-17/;False;2026-08-18T10:34:04.169000+02:00;https://www.reuters.com;2026-08-26T12:05:23.665844+02:00
199;8837be69-62f5-51ec-8a48-c4e19d4623f7;europes power grids braced eclipse with extensive backup plans 2026 08 11;;https://www.reuters.com/business/energy/europes-power-grids-braced-eclipse-with-extensive-backup-plans-2026-08-11/;https://www.reuters.com/business/energy/europes-power-grids-braced-eclipse-with-extensive-backup-plans-2026-08-11/;False;2026-08-11T13:14:58.706000+02:00;https://www.reuters.com;2026-08-26T12:05:52.813910+02:00
200;883cde6f-3943-5d34-9840-4040950320c2;shipping traffic through strait hormuz rises slightly data shows 2026 08 27;;https://www.reuters.com/world/middle-east/shipping-traffic-through-strait-hormuz-rises-slightly-data-shows-2026-08-27/;https://www.reuters.com/world/middle-east/shipping-traffic-through-strait-hormuz-rises-slightly-data-shows-2026-08-27/;False;2026-08-27T09:53:35.511000+02:00;https://www.reuters.com;2026-08-27T10:21:51.448895+02:00
201;89555c86-740a-5ed7-b771-2da67def5a1c;drone hits gas storage tanker egypts mediterranean port 2026 07 29;;https://www.reuters.com/world/middle-east/drone-hits-gas-storage-tanker-egypts-mediterranean-port-2026-07-29/;https://www.reuters.com/world/middle-east/drone-hits-gas-storage-tanker-egypts-mediterranean-port-2026-07-29/;False;2026-07-30T11:40:20.307000+02:00;https://www.reuters.com;2026-08-26T17:51:45.215185+02:00
202;89cb2d31-d4e3-5d94-a5e7-c710e2557700;ukrainian drones hit warehouse russian online retailer ozon overnight strikes 2026 08 22;;https://www.reuters.com/world/ukrainian-drones-hit-warehouse-russian-online-retailer-ozon-overnight-strikes-2026-08-22/;https://www.reuters.com/world/ukrainian-drones-hit-warehouse-russian-online-retailer-ozon-overnight-strikes-2026-08-22/;False;2026-08-22T18:58:41.071000+02:00;https://www.reuters.com;2026-08-23T18:17:42.748742+02:00
203;8a3868af-1b86-58e2-8d55-7a83cdf3d2c5;french antitrust watchdog orders meta resume talks with media groups over 2026 07 08;;https://www.reuters.com/world/french-antitrust-watchdog-orders-meta-resume-talks-with-media-groups-over-2026-07-08/;https://www.reuters.com/world/french-antitrust-watchdog-orders-meta-resume-talks-with-media-groups-over-2026-07-08/;False;2026-07-08T17:39:34.730000+02:00;https://www.reuters.com;2026-08-23T18:07:13.971970+02:00
204;8a6a6760-1752-5714-9a58-871198ee8e8c;swedish police probe online networks after teenage girl killed school sword 2026 08 22;;https://www.reuters.com/world/europe/swedish-police-probe-online-networks-after-teenage-girl-killed-school-sword-2026-08-22/;https://www.reuters.com/world/europe/swedish-police-probe-online-networks-after-teenage-girl-killed-school-sword-2026-08-22/;False;2026-08-22T15:22:35.895000+02:00;https://www.reuters.com;2026-08-23T18:16:26.044821+02:00
205;8ad3e0e7-a25d-59b4-9cda-704e165612ec;oil market starts pricing prolonged hormuz crisis 2026 08 18;Ron Bousso;https://www.reuters.com/commentary/reuters-open-interest/oil-market-starts-pricing-prolonged-hormuz-crisis-2026-08-18/;https://www.reuters.com/commentary/reuters-open-interest/oil-market-starts-pricing-prolonged-hormuz-crisis-2026-08-18/;False;2026-08-18T12:00:58.685000+02:00;https://www.reuters.com;2026-08-23T21:53:11.492595+02:00
206;8bf7864b-c6b9-5fac-8942-fa4cb7cf0488;bnp paribas kb kookmin talks 2 billion vietnam techcombank stake sources say 2026 08 26;;https://www.reuters.com/world/asia-pacific/bnp-paribas-kb-kookmin-talks-2-billion-vietnam-techcombank-stake-sources-say-2026-08-26/;https://www.reuters.com/world/asia-pacific/bnp-paribas-kb-kookmin-talks-2-billion-vietnam-techcombank-stake-sources-say-2026-08-26/;False;2026-08-26T09:58:07.696000+02:00;https://www.reuters.com;2026-08-26T10:55:36.075140+02:00
207;8c2c3a5a-979c-5da8-af4d-01d4ff59feee;britains crown estate profits fall 12 bln offshore wind revenues dip 2026 06 25;;https://www.reuters.com/business/energy/britains-crown-estate-profits-fall-12-bln-offshore-wind-revenues-dip-2026-06-25/;https://www.reuters.com/business/energy/britains-crown-estate-profits-fall-12-bln-offshore-wind-revenues-dip-2026-06-25/;False;2026-06-26T15:05:54.027000+02:00;https://www.reuters.com;2026-08-23T18:09:33.909459+02:00
208;8c930bab-10ae-59d5-a29c-3357224a5929;natpower tesla reach deal first phase 5 billion battery storage plan 2026 06 23;;https://www.reuters.com/sustainability/cop/natpower-tesla-reach-deal-first-phase-5-billion-battery-storage-plan-2026-06-23/;https://www.reuters.com/sustainability/cop/natpower-tesla-reach-deal-first-phase-5-billion-battery-storage-plan-2026-06-23/;False;2026-06-23T23:55:29.712000+02:00;https://www.reuters.com;2026-08-23T18:09:57.732179+02:00
209;8d514420-a9ea-5215-b5fe-04560fd67152;opec loses oil market sway iran war china gains influence 2026 08 27;;https://www.reuters.com/business/energy/opec-loses-oil-market-sway-iran-war-china-gains-influence-2026-08-27/;https://www.reuters.com/business/energy/opec-loses-oil-market-sway-iran-war-china-gains-influence-2026-08-27/;False;2026-08-27T09:14:25.151000+02:00;https://www.reuters.com;2026-08-27T10:21:32.826337+02:00
210;8e19e7f1-43f9-55ec-b880-7e560a8cfb30;seven charts point tighter energy markets through 2027 2026 08 26;Gavin Maguire;https://www.reuters.com/commentary/reuters-open-interest/seven-charts-point-tighter-energy-markets-through-2027-2026-08-26/;https://www.reuters.com/commentary/reuters-open-interest/seven-charts-point-tighter-energy-markets-through-2027-2026-08-26/;False;2026-08-26T09:33:15.211000+02:00;https://www.reuters.com;2026-08-26T11:59:27.147576+02:00
211;8e72fc9a-4c0e-5a18-b5dd-353f41b5735e;britains drought rising water bills 2026 08 13;;https://www.reuters.com/sustainability/britains-drought-rising-water-bills-2026-08-13/;https://www.reuters.com/sustainability/britains-drought-rising-water-bills-2026-08-13/;False;2026-08-13T19:01:44.462000+02:00;https://www.reuters.com;2026-08-23T18:11:47.492507+02:00
212;8e7a009d-3ad1-5750-bad9-1a19955d587b;exxon turns automated drilling permian push higher oil output 2026 08 24;;https://www.reuters.com/business/energy/exxon-turns-automated-drilling-permian-push-higher-oil-output-2026-08-24/;https://www.reuters.com/business/energy/exxon-turns-automated-drilling-permian-push-higher-oil-output-2026-08-24/;False;2026-08-24T12:11:36.747000+02:00;https://www.reuters.com;2026-08-24T12:22:28.216458+02:00
213;8ea693b4-f51a-5dad-8a81-adc10ff31165;ukraine wants peace wont give zelenskiy says independence day 2026 08 24;;https://www.reuters.com/world/ukraine-wants-peace-wont-give-zelenskiy-says-independence-day-2026-08-24/;https://www.reuters.com/world/ukraine-wants-peace-wont-give-zelenskiy-says-independence-day-2026-08-24/;False;2026-08-24T10:42:49.889000+02:00;https://www.reuters.com;2026-08-24T12:23:29.222203+02:00
214;8eb3a16c-0164-5959-8153-ab9ee741b800;why is trump talking about keystone xl oil pipeline 2026 08 21;;https://www.reuters.com/legal/litigation/why-is-trump-talking-about-keystone-xl-oil-pipeline-2026-08-21/;https://www.reuters.com/legal/litigation/why-is-trump-talking-about-keystone-xl-oil-pipeline-2026-08-21/;False;2026-08-21T22:47:25.172000+02:00;https://www.reuters.com;2026-08-23T18:15:06.053247+02:00
215;8edb3057-9101-5241-a69b-1fb6003d1ab2;russia extend diesel export ban through september sources say 2026 08 25;;https://www.reuters.com/business/energy/russia-extend-diesel-export-ban-through-september-sources-say-2026-08-25/;https://www.reuters.com/business/energy/russia-extend-diesel-export-ban-through-september-sources-say-2026-08-25/;False;2026-08-25T14:17:43.598000+02:00;https://www.reuters.com;2026-08-25T16:09:42.244134+02:00
216;8f8e6b7d-c718-5ef9-b0a5-13c924183664;energy watch peace deal with strings attached 2026 08 10;Gavin Maguire;https://www.reuters.com/commentary/reuters-open-interest/energy-watch-peace-deal-with-strings-attached-2026-08-10/;https://www.reuters.com/commentary/reuters-open-interest/energy-watch-peace-deal-with-strings-attached-2026-08-10/;False;2026-08-11T02:53:59.987000+02:00;https://www.reuters.com;2026-08-26T12:00:22.245798+02:00
217;90495797-a350-5689-9487-04677203c96b;us military transport plane lands moscow kremlin says it has no information yet 2026 08 25;;https://www.reuters.com/business/aerospace-defense/us-military-transport-plane-lands-moscow-kremlin-says-it-has-no-information-yet-2026-08-25/;https://www.reuters.com/business/aerospace-defense/us-military-transport-plane-lands-moscow-kremlin-says-it-has-no-information-yet-2026-08-25/;False;2026-08-25T15:03:57.291000+02:00;https://www.reuters.com;2026-08-25T16:10:00.726743+02:00
218;9061d9cc-4933-5347-800e-c81ee1bcaa83;european grid investment plans face 250 billion euro shortfall 2025 07 10;;https://www.reuters.com/sustainability/climate-energy/european-grid-investment-plans-face-250-billion-euro-shortfall-2025-07-10/;https://www.reuters.com/sustainability/climate-energy/european-grid-investment-plans-face-250-billion-euro-shortfall-2025-07-10/;False;2025-07-10T18:17:32+02:00;https://www.reuters.com;2026-08-26T12:08:27.127276+02:00
219;9139c876-19ec-5785-8d2d-7a404a27050f;harry meghans media storm shows power peril their brand 2026 08 26;;https://www.reuters.com/world/uk/harry-meghans-media-storm-shows-power-peril-their-brand-2026-08-26/;https://www.reuters.com/world/uk/harry-meghans-media-storm-shows-power-peril-their-brand-2026-08-26/;False;2026-08-26T11:29:22.239000+02:00;https://www.reuters.com;2026-08-27T10:23:16.157044+02:00
220;934f326c-083c-5485-83d2-a8ccdcff1449;why wildfires pose multiple threats us power sector 2026 07 23;Gavin Maguire;https://www.reuters.com/commentary/reuters-open-interest/why-wildfires-pose-multiple-threats-us-power-sector-2026-07-23/;https://www.reuters.com/commentary/reuters-open-interest/why-wildfires-pose-multiple-threats-us-power-sector-2026-07-23/;False;2026-07-23T13:00:44.409000+02:00;https://www.reuters.com;2026-08-26T12:01:17.777796+02:00
221;938487c8-e2c4-5d90-9a0e-23eb91afa6a0;global lng trade hit record 2025 middle east conflict clouds outlook igu says 2026 07 07;;https://www.reuters.com/business/energy/global-lng-trade-hit-record-2025-middle-east-conflict-clouds-outlook-igu-says-2026-07-07/;https://www.reuters.com/business/energy/global-lng-trade-hit-record-2025-middle-east-conflict-clouds-outlook-igu-says-2026-07-07/;False;2026-07-07T02:11:17.857000+02:00;https://www.reuters.com;2026-08-26T17:52:57.016012+02:00
222;95708831-5131-57b4-a686-52b9e2aae19e;multiple deaths after uk police car crash police say 2026 08 22;;https://www.reuters.com/world/uk/multiple-deaths-after-uk-police-car-crash-police-say-2026-08-22/;https://www.reuters.com/world/uk/multiple-deaths-after-uk-police-car-crash-police-say-2026-08-22/;False;2026-08-22T17:53:16.549000+02:00;https://www.reuters.com;2026-08-23T18:16:19.278126+02:00
223;9640d673-afb4-56d3-9395-319d209ea07d;belgiums biggest wildfire record heads towards germany 2026 08 16;;https://www.reuters.com/business/environment/belgiums-biggest-wildfire-record-heads-towards-germany-2026-08-16/;https://www.reuters.com/business/environment/belgiums-biggest-wildfire-record-heads-towards-germany-2026-08-16/;False;2026-08-16T18:28:28.393000+02:00;https://www.reuters.com;2026-08-26T12:05:30.486866+02:00
224;970e88fa-1d19-519c-bf1e-3c7511c874b6;us fiscal hole has an ai problem its core 2026 08 25;Mike Dolan;https://www.reuters.com/commentary/reuters-open-interest/us-fiscal-hole-has-an-ai-problem-its-core-2026-08-25/;https://www.reuters.com/commentary/reuters-open-interest/us-fiscal-hole-has-an-ai-problem-its-core-2026-08-25/;False;2026-08-25T12:01:17.111000+02:00;https://www.reuters.com;2026-08-26T12:02:13.984817+02:00
225;97900582-7304-5f18-a12a-d9b03aa0ca5c;british firm offers restart mothballed australian manganese smelter 2026 08 24;;https://www.reuters.com/business/energy/british-firm-offers-restart-mothballed-australian-manganese-smelter-2026-08-24/;https://www.reuters.com/business/energy/british-firm-offers-restart-mothballed-australian-manganese-smelter-2026-08-24/;False;2026-08-24T09:02:16.003000+02:00;https://www.reuters.com;2026-08-24T09:37:29.133510+02:00
226;97a65e79-1faa-56fe-9120-0afc48864a10;poland asks eu fine meta 250 million urges action against scams false ads 2026 08 27;;https://www.reuters.com/world/europe/poland-asks-eu-fine-meta-250-million-urges-action-against-scams-false-ads-2026-08-27/;https://www.reuters.com/world/europe/poland-asks-eu-fine-meta-250-million-urges-action-against-scams-false-ads-2026-08-27/;False;2026-08-27T09:56:46.759000+02:00;https://www.reuters.com;2026-08-27T10:23:41.144548+02:00
227;996ee5eb-ab5a-51f4-a5de-a4b4b539455c;ulrich siegmund sunny face afd bids power german state election 2026 08 26;;https://www.reuters.com/world/europe/ulrich-siegmund-sunny-face-afd-bids-power-german-state-election-2026-08-26/;https://www.reuters.com/world/europe/ulrich-siegmund-sunny-face-afd-bids-power-german-state-election-2026-08-26/;False;2026-08-26T14:28:08.346000+02:00;https://www.reuters.com;2026-08-26T16:55:22.886211+02:00
228;9a4eae18-2514-5154-89a5-296cbf36a4f6;vote love magdeburg pride crowds challenge afd ahead election 2026 08 22;;https://www.reuters.com/world/vote-love-magdeburg-pride-crowds-challenge-afd-ahead-election-2026-08-22/;https://www.reuters.com/world/vote-love-magdeburg-pride-crowds-challenge-afd-ahead-election-2026-08-22/;False;2026-08-22T15:26:12.429000+02:00;https://www.reuters.com;2026-08-23T18:16:12.754123+02:00
229;9b4fba8f-049e-5ecb-a12f-ef99cd61c61b;what triggered catastrophic flood nepal tibet border 2026 08 26;;https://www.reuters.com/business/environment/what-triggered-catastrophic-flood-nepal-tibet-border-2026-08-26/;https://www.reuters.com/business/environment/what-triggered-catastrophic-flood-nepal-tibet-border-2026-08-26/;False;2026-08-26T15:28:00.020000+02:00;https://www.reuters.com;2026-08-26T16:56:00.306775+02:00
230;9b53bd5c-368c-5059-a51f-1152a8889d79;russias perm oil refinery halted operations after august 21 drone attack sources 2026 08 24;;https://www.reuters.com/business/energy/russias-perm-oil-refinery-halted-operations-after-august-21-drone-attack-sources-2026-08-24/;https://www.reuters.com/business/energy/russias-perm-oil-refinery-halted-operations-after-august-21-drone-attack-sources-2026-08-24/;False;2026-08-24T16:30:30.496000+02:00;https://www.reuters.com;2026-08-24T17:49:41.079644+02:00
231;9b98cf08-57b8-5247-b764-358a1ef060cc;enbridge buy salt creek midstream crude gathering assets 600 million 2026 08 26;;https://www.reuters.com/legal/litigation/enbridge-buy-salt-creek-midstream-crude-gathering-assets-600-million-2026-08-26/;https://www.reuters.com/legal/litigation/enbridge-buy-salt-creek-midstream-crude-gathering-assets-600-million-2026-08-26/;False;2026-08-26T13:56:09.723000+02:00;https://www.reuters.com;2026-08-26T16:55:04.223530+02:00
232;9c8254bc-f5b5-5266-a90e-30c17d4bede4;academic who raised plagiarism allegations against jason arday suspended by his 2026 08 20;;https://www.reuters.com/world/academic-who-raised-plagiarism-allegations-against-jason-arday-suspended-by-his-2026-08-20/;https://www.reuters.com/world/academic-who-raised-plagiarism-allegations-against-jason-arday-suspended-by-his-2026-08-20/;False;2026-08-20T22:05:16.241000+02:00;https://www.reuters.com;2026-08-23T18:18:09.109348+02:00
233;9d02556e-d61e-5e6e-aacf-5ff7c0798461;new sinopec boss presses reset worlds biggest oil refiner 2026 08 25;;https://www.reuters.com/world/asia-pacific/new-sinopec-boss-presses-reset-worlds-biggest-oil-refiner-2026-08-25/;https://www.reuters.com/world/asia-pacific/new-sinopec-boss-presses-reset-worlds-biggest-oil-refiner-2026-08-25/;False;2026-08-25T08:43:49.518000+02:00;https://www.reuters.com;2026-08-25T09:48:29.004929+02:00
234;9dbb1d07-dd42-554a-b781-aaa72f9047f3;china lines up second lng terminal sanctioned russian cargoes sources say 2026 06 22;;https://www.reuters.com/business/energy/china-lines-up-second-lng-terminal-sanctioned-russian-cargoes-sources-say-2026-06-22/;https://www.reuters.com/business/energy/china-lines-up-second-lng-terminal-sanctioned-russian-cargoes-sources-say-2026-06-22/;False;2026-06-22T11:16:40.198000+02:00;https://www.reuters.com;2026-08-26T17:53:12.718094+02:00
235;9e2c86d2-6b13-5c0a-b1c4-8e8a01d58451;six countries want eu talks september taxing windfall profits oil companies 2026 08 24;;https://www.reuters.com/business/energy/six-countries-want-eu-talks-september-taxing-windfall-profits-oil-companies-2026-08-24/;https://www.reuters.com/business/energy/six-countries-want-eu-talks-september-taxing-windfall-profits-oil-companies-2026-08-24/;False;2026-08-24T10:49:42.210000+02:00;https://www.reuters.com;2026-08-24T12:22:21.910955+02:00
236;9e84cd9f-827f-5e39-ad52-dccba2240f8f;prince harry learn how much failed daily mail lawsuit will cost 2026 08 21;;https://www.reuters.com/legal/litigation/prince-harry-learn-how-much-failed-daily-mail-lawsuit-will-cost-2026-08-21/;https://www.reuters.com/legal/litigation/prince-harry-learn-how-much-failed-daily-mail-lawsuit-will-cost-2026-08-21/;False;2026-08-21T17:15:44.269000+02:00;https://www.reuters.com;2026-08-23T18:17:29.796467+02:00
237;9ee83623-4db0-59ed-80c5-1c7da71f2be5;oil falls 1 ahead us announcement impose further sanctions iran 2026 08 23;;https://www.reuters.com/world/asia-pacific/oil-falls-1-ahead-us-announcement-impose-further-sanctions-iran-2026-08-23/;https://www.reuters.com/world/asia-pacific/oil-falls-1-ahead-us-announcement-impose-further-sanctions-iran-2026-08-23/;False;2026-08-24T08:52:46.869000+02:00;https://www.reuters.com;2026-08-24T09:36:44.304105+02:00
238;9f290953-2dc5-5747-ab06-6e4834da7533;ukraines zelenskiy sees window us mediation until summer 2027 2026 08 25;;https://www.reuters.com/world/europe/ukraines-zelenskiy-sees-window-us-mediation-until-summer-2027-2026-08-25/;https://www.reuters.com/world/europe/ukraines-zelenskiy-sees-window-us-mediation-until-summer-2027-2026-08-25/;False;2026-08-25T12:45:12.595000+02:00;https://www.reuters.com;2026-08-25T16:10:32.503345+02:00
239;9f5968d4-b3b3-50a7-8047-038938b4eb57;ai creeps onto fed radar footprint is small so far 2026 08 13;Mike Dolan;https://www.reuters.com/commentary/reuters-open-interest/ai-creeps-onto-fed-radar-footprint-is-small-so-far-2026-08-13/;https://www.reuters.com/commentary/reuters-open-interest/ai-creeps-onto-fed-radar-footprint-is-small-so-far-2026-08-13/;False;2026-08-13T12:04:48.151000+02:00;https://www.reuters.com;2026-08-26T12:03:51.394781+02:00
240;9f986ebe-cf8d-5065-b85c-1202a1ac0c3c;chubu electric says hamaoka nuclear plant decommissioning documents were altered 2026 08 27;;https://www.reuters.com/business/energy/chubu-electric-says-hamaoka-nuclear-plant-decommissioning-documents-were-altered-2026-08-27/;https://www.reuters.com/business/energy/chubu-electric-says-hamaoka-nuclear-plant-decommissioning-documents-were-altered-2026-08-27/;False;2026-08-27T07:19:55.416000+02:00;https://www.reuters.com;2026-08-27T10:22:31.979465+02:00
241;a2a301f0-bf04-5757-84bb-c08c98d9907b;europes wildfires dried up waterways 2026 07 23;;https://www.reuters.com/sustainability/europes-wildfires-dried-up-waterways-2026-07-23/;https://www.reuters.com/sustainability/europes-wildfires-dried-up-waterways-2026-07-23/;False;2026-07-24T18:37:31.049000+02:00;https://www.reuters.com;2026-08-23T18:13:03.109330+02:00
242;a33e5585-22fd-5c69-b167-c55b6be2d363;europes deepening drought 2026 08 11;;https://www.reuters.com/sustainability/europes-deepening-drought-2026-08-11/;https://www.reuters.com/sustainability/europes-deepening-drought-2026-08-11/;False;2026-08-11T15:05:37.574000+02:00;https://www.reuters.com;2026-08-23T18:11:54.398342+02:00
243;a425f8fa-ce00-575a-a6be-b3126d71927d;brazil government extend gasoline subsidy until september 9 sources say 2026 08 25;;https://www.reuters.com/business/energy/brazil-government-extend-gasoline-subsidy-until-september-9-sources-say-2026-08-25/;https://www.reuters.com/business/energy/brazil-government-extend-gasoline-subsidy-until-september-9-sources-say-2026-08-25/;False;2026-08-26T00:56:32.318000+02:00;https://www.reuters.com;2026-08-26T10:54:45.804017+02:00
244;a48367d6-5d93-53bd-bfb2-634dc35b8576;global markets view usa 2026 08 19;Mike Dolan;https://www.reuters.com/commentary/reuters-open-interest/global-markets-view-usa-2026-08-19/;https://www.reuters.com/commentary/reuters-open-interest/global-markets-view-usa-2026-08-19/;False;2026-08-19T12:38:23.304000+02:00;https://www.reuters.com;2026-08-26T12:03:02.862565+02:00
245;a4e86d14-2b04-5d51-92f6-3360f57564e0;exxonmobil temporarily halts operations guyana site after fire bloomberg news 2026 08 24;;https://www.reuters.com/business/energy/exxonmobil-temporarily-halts-operations-guyana-site-after-fire-bloomberg-news-2026-08-24/;https://www.reuters.com/business/energy/exxonmobil-temporarily-halts-operations-guyana-site-after-fire-bloomberg-news-2026-08-24/;False;2026-08-24T02:11:43.836000+02:00;https://www.reuters.com;2026-08-24T09:37:41.728124+02:00
246;a4f53af9-0e45-5192-bb73-c8bc4856c39e;uk briefs energy chiefs after iran linked cyber attack reports 2026 08 24;;https://www.reuters.com/business/energy/uk-briefs-energy-chiefs-after-iran-linked-cyber-attack-reports-2026-08-24/;https://www.reuters.com/business/energy/uk-briefs-energy-chiefs-after-iran-linked-cyber-attack-reports-2026-08-24/;False;2026-08-24T10:35:19.495000+02:00;https://www.reuters.com;2026-08-24T12:22:15.421040+02:00
247;a5f6a21f-82da-5b1e-8dbd-35a620887f25;west nile virus infection causes one death netherlands 2026 08 26;;https://www.reuters.com/business/healthcare-pharmaceuticals/west-nile-virus-infection-causes-one-death-netherlands-2026-08-26/;https://www.reuters.com/business/healthcare-pharmaceuticals/west-nile-virus-infection-causes-one-death-netherlands-2026-08-26/;False;2026-08-26T12:51:44.339000+02:00;https://www.reuters.com;2026-08-26T16:56:25.635824+02:00
248;a89de901-f351-55f7-ad34-731e2e4a1755;deadly earthquake strikes indonesia 2026 08 18;;https://www.reuters.com/sustainability/deadly-earthquake-strikes-indonesia-2026-08-18/;https://www.reuters.com/sustainability/deadly-earthquake-strikes-indonesia-2026-08-18/;False;2026-08-18T15:58:17.937000+02:00;https://www.reuters.com;2026-08-23T18:11:39.620357+02:00
249;a8a30747-0fca-55c5-9238-fdd9b817ed3c;france saudi arabia agree 6 billion dragon ball z theme park project near paris 2026 08 24;;https://www.reuters.com/world/middle-east/france-saudi-arabia-agree-6-billion-dragon-ball-z-theme-park-project-near-paris-2026-08-24/;https://www.reuters.com/world/middle-east/france-saudi-arabia-agree-6-billion-dragon-ball-z-theme-park-project-near-paris-2026-08-24/;False;2026-08-24T19:07:43.722000+02:00;https://www.reuters.com;2026-08-25T09:49:56.590621+02:00
250;a97fa397-7dff-5ffe-bca7-9a205207107b;several people injured sword attack swedish school municipality says 2026 08 21;;https://www.reuters.com/world/europe/several-people-injured-sword-attack-swedish-school-municipality-says-2026-08-21/;https://www.reuters.com/world/europe/several-people-injured-sword-attack-swedish-school-municipality-says-2026-08-21/;False;2026-08-22T00:21:44.584000+02:00;https://www.reuters.com;2026-08-23T18:17:49.225326+02:00
251;abdee5c0-7e16-57c2-b33a-4401e70095ea;ieas birol not discussing second release strategic oil reserves 2026 08 24;;https://www.reuters.com/business/energy/ieas-birol-not-discussing-second-release-strategic-oil-reserves-2026-08-24/;https://www.reuters.com/business/energy/ieas-birol-not-discussing-second-release-strategic-oil-reserves-2026-08-24/;False;2026-08-24T13:55:31.227000+02:00;https://www.reuters.com;2026-08-24T17:49:15.291538+02:00
252;ac025ef9-c7a9-59b9-9519-7746d66580c1;two us tanker aircraft leave bulgaria month after deployment upset iran 2026 08 22;;https://www.reuters.com/business/aerospace-defense/two-us-tanker-aircraft-leave-bulgaria-month-after-deployment-upset-iran-2026-08-22/;https://www.reuters.com/business/aerospace-defense/two-us-tanker-aircraft-leave-bulgaria-month-after-deployment-upset-iran-2026-08-22/;False;2026-08-22T17:45:37.813000+02:00;https://www.reuters.com;2026-08-23T18:17:03.557209+02:00
253;acb644fc-334a-5d32-beee-569397f3f17d;us lng exports set endurance test high gas prices bite 2026 08 24;Gavin Maguire;https://www.reuters.com/commentary/reuters-open-interest/us-lng-exports-set-endurance-test-high-gas-prices-bite-2026-08-24/;https://www.reuters.com/commentary/reuters-open-interest/us-lng-exports-set-endurance-test-high-gas-prices-bite-2026-08-24/;False;2026-08-24T13:00:36.233000+02:00;https://www.reuters.com;2026-08-26T11:59:33.962984+02:00
254;ad04d855-0675-5558-9c27-67b8a9d89fe7;chinas ev export boom is starting show up gasoline market 2026 08 04;Gavin Maguire;https://www.reuters.com/commentary/reuters-open-interest/chinas-ev-export-boom-is-starting-show-up-gasoline-market-2026-08-04/;https://www.reuters.com/commentary/reuters-open-interest/chinas-ev-export-boom-is-starting-show-up-gasoline-market-2026-08-04/;False;2026-08-04T14:01:04.997000+02:00;https://www.reuters.com;2026-08-26T12:00:46.775048+02:00
255;ad97a824-dbfb-5b90-b42e-e6b8bf4d57ca;france eyes steps speed up data centre grid connections 2026 04 23;;https://www.reuters.com/business/energy/france-eyes-steps-speed-up-data-centre-grid-connections-2026-04-23/;https://www.reuters.com/business/energy/france-eyes-steps-speed-up-data-centre-grid-connections-2026-04-23/;False;2026-04-23T11:37:51.113000+02:00;https://www.reuters.com;2026-08-23T18:08:13.101669+02:00
256;ad9dd84d-4ba5-51bc-b6a1-0053abc12754;iran fires missiles commercial ships strait hormuz axios reports 2026 07 07;;https://www.reuters.com/world/middle-east/iran-fires-missiles-commercial-ships-strait-hormuz-axios-reports-2026-07-07/;https://www.reuters.com/world/middle-east/iran-fires-missiles-commercial-ships-strait-hormuz-axios-reports-2026-07-07/;False;2026-07-07T22:39:45.899000+02:00;https://www.reuters.com;2026-08-26T17:52:50.460727+02:00
257;ade930e7-4d90-518d-9d46-59362e565eae;aramco offers more oil outside hormuz with some cargoes heading china 2026 08 26;;https://www.reuters.com/business/energy/aramco-offers-more-oil-outside-hormuz-with-some-cargoes-heading-china-2026-08-26/;https://www.reuters.com/business/energy/aramco-offers-more-oil-outside-hormuz-with-some-cargoes-heading-china-2026-08-26/;False;2026-08-26T11:43:55.156000+02:00;https://www.reuters.com;2026-08-26T12:09:58.950359+02:00
258;b061b129-5d25-5a50-b6b9-f5e51da8618a;slb gains access venezuelas coveted oilfield data through contract sources say 2026 08 25;;https://www.reuters.com/business/energy/slb-gains-access-venezuelas-coveted-oilfield-data-through-contract-sources-say-2026-08-25/;https://www.reuters.com/business/energy/slb-gains-access-venezuelas-coveted-oilfield-data-through-contract-sources-say-2026-08-25/;False;2026-08-26T06:18:36.491000+02:00;https://www.reuters.com;2026-08-26T10:54:27.233923+02:00
259;b37456f9-37df-501e-904b-c6cbba8d3d2d;swedens ruling coalition trails poll closes gap centre left opposition 2026 08 25;;https://www.reuters.com/world/europe/swedens-ruling-coalition-trails-poll-closes-gap-centre-left-opposition-2026-08-25/;https://www.reuters.com/world/europe/swedens-ruling-coalition-trails-poll-closes-gap-centre-left-opposition-2026-08-25/;False;2026-08-25T17:57:44.413000+02:00;https://www.reuters.com;2026-08-25T18:19:06.979598+02:00
260;b383ab02-02d9-515c-8cb2-a3d9c3a31a8d;britain will have enough electricity this winter grid operator says 2026 06 22;;https://www.reuters.com/business/energy/britain-will-have-enough-electricity-this-winter-grid-operator-says-2026-06-22/;https://www.reuters.com/business/energy/britain-will-have-enough-electricity-this-winter-grid-operator-says-2026-06-22/;False;2026-06-23T01:05:15.348000+02:00;https://www.reuters.com;2026-08-23T18:10:05.954331+02:00
261;b3e8bde4-56b7-5f9e-903a-211069537c93;global markets view usa 2026 08 14;Mike Dolan;https://www.reuters.com/commentary/reuters-open-interest/global-markets-view-usa-2026-08-14/;https://www.reuters.com/commentary/reuters-open-interest/global-markets-view-usa-2026-08-14/;False;2026-08-14T12:41:36.208000+02:00;https://www.reuters.com;2026-08-26T12:03:36.922952+02:00
262;b4a822f3-61d4-563c-8e26-9bd79626af66;cryptocurrency chief facing extradition uk us fraud charges 2026 08 26;;https://www.reuters.com/legal/government/cryptocurrency-chief-facing-extradition-uk-us-fraud-charges-2026-08-26/;https://www.reuters.com/legal/government/cryptocurrency-chief-facing-extradition-uk-us-fraud-charges-2026-08-26/;False;2026-08-26T15:15:44.469000+02:00;https://www.reuters.com;2026-08-26T16:55:47.034981+02:00
263;b54a5b3b-93af-53d0-b1c1-90dcdfdc5d19;un chief calls ai firms come clean environmental costs 2026 06 23;;https://www.reuters.com/legal/litigation/un-chief-calls-ai-firms-come-clean-environmental-costs-2026-06-23/;https://www.reuters.com/legal/litigation/un-chief-calls-ai-firms-come-clean-environmental-costs-2026-06-23/;False;2026-06-23T16:17:59.948000+02:00;https://www.reuters.com;2026-08-23T18:09:49.484536+02:00
264;b56b4e68-eaff-5f57-bc2e-c25ce92db409;more sudanese oil available marine fuel blending china demand eases 2026 08 27;;https://www.reuters.com/business/energy/more-sudanese-oil-available-marine-fuel-blending-china-demand-eases-2026-08-27/;https://www.reuters.com/business/energy/more-sudanese-oil-available-marine-fuel-blending-china-demand-eases-2026-08-27/;False;2026-08-27T07:33:55.837000+02:00;https://www.reuters.com;2026-08-27T10:21:58.010701+02:00
265;b6056d6d-826a-5433-994b-6c449fe26052;rescuers search survivors after devastating nepal flood 2026 08 27;;https://www.reuters.com/business/environment/rescuers-search-survivors-after-devastating-nepal-flood-2026-08-27/;https://www.reuters.com/business/environment/rescuers-search-survivors-after-devastating-nepal-flood-2026-08-27/;False;2026-08-27T09:49:25.191000+02:00;https://www.reuters.com;2026-08-27T10:24:12.281269+02:00
266;b70f9d97-798e-5f05-83c3-9e9e31a986d2;heatwave hit london climate week spurs calls faster action 2026 06 25;;https://www.reuters.com/sustainability/cop/heatwave-hit-london-climate-week-spurs-calls-faster-action-2026-06-25/;https://www.reuters.com/sustainability/cop/heatwave-hit-london-climate-week-spurs-calls-faster-action-2026-06-25/;False;2026-06-25T11:56:59.896000+02:00;https://www.reuters.com;2026-08-23T18:09:41.826443+02:00
267;b7a83e0e-b796-56be-9f85-cc1b8253eae6;six months into iran war almost half global oil flows war zones 2026 08 25;;https://www.reuters.com/business/energy/six-months-into-iran-war-almost-half-global-oil-flows-war-zones-2026-08-25/;https://www.reuters.com/business/energy/six-months-into-iran-war-almost-half-global-oil-flows-war-zones-2026-08-25/;False;2026-08-25T07:16:11.060000+02:00;https://www.reuters.com;2026-08-25T09:48:16.006187+02:00
268;b90be075-3ff5-5b90-8fbc-7899082dd215;global markets view usa 2026 08 18;Mike Dolan;https://www.reuters.com/commentary/reuters-open-interest/global-markets-view-usa-2026-08-18/;https://www.reuters.com/commentary/reuters-open-interest/global-markets-view-usa-2026-08-18/;False;2026-08-18T12:37:43.523000+02:00;https://www.reuters.com;2026-08-26T12:03:16.496814+02:00
269;b97c0542-2725-5f5f-bced-bee0fde98fe5;uks ofgem raise energy price cap 13 gas costs climb 2026 05 27;;https://www.reuters.com/business/energy/uks-ofgem-raise-energy-price-cap-13-gas-costs-climb-2026-05-27/;https://www.reuters.com/business/energy/uks-ofgem-raise-energy-price-cap-13-gas-costs-climb-2026-05-27/;False;2026-05-27T12:03:52.969000+02:00;https://www.reuters.com;2026-08-23T18:10:36.432546+02:00
270;b9a4d3d2-38a6-5d03-8a69-ad405e67917c;centricas first half profit falls due mild weather lower energy prices 2025 07 24;;https://www.reuters.com/business/energy/centricas-first-half-profit-falls-due-mild-weather-lower-energy-prices-2025-07-24/;https://www.reuters.com/business/energy/centricas-first-half-profit-falls-due-mild-weather-lower-energy-prices-2025-07-24/;False;2025-07-24T10:05:45+02:00;https://www.reuters.com;2026-08-26T12:08:02.239602+02:00
271;b9b2da8b-6676-5344-b66b-2365147242d4;swedish prosecutors hold second man over deadly school attack 2026 08 26;;https://www.reuters.com/world/europe/swedish-prosecutors-hold-second-man-over-deadly-school-attack-2026-08-26/;https://www.reuters.com/world/europe/swedish-prosecutors-hold-second-man-over-deadly-school-attack-2026-08-26/;False;2026-08-26T09:43:43.560000+02:00;https://www.reuters.com;2026-08-26T10:55:05.158461+02:00
272;b9c21bcd-223e-538a-9818-b63a5f50c1d6;indonesias prabowo launches 14 solar power projects 2026 08 25;;https://www.reuters.com/business/energy/indonesias-prabowo-launches-14-solar-power-projects-2026-08-25/;https://www.reuters.com/business/energy/indonesias-prabowo-launches-14-solar-power-projects-2026-08-25/;False;2026-08-25T11:29:43.704000+02:00;https://www.reuters.com;2026-08-25T16:09:29.162215+02:00
273;ba29fa4f-0652-57f5-bf7d-3506a4fbb243;even market clouds clear ai investment anxiety still gnaws 2026 08 18;Mike Dolan;https://www.reuters.com/commentary/reuters-open-interest/even-market-clouds-clear-ai-investment-anxiety-still-gnaws-2026-08-18/;https://www.reuters.com/commentary/reuters-open-interest/even-market-clouds-clear-ai-investment-anxiety-still-gnaws-2026-08-18/;False;2026-08-18T12:01:20.320000+02:00;https://www.reuters.com;2026-08-26T12:03:23.387619+02:00
274;bae45bcb-1489-582e-a0a2-46b8eebf031a;looming us sanctions iran put china oil buying spotlight 2026 08 24;;https://www.reuters.com/business/energy/looming-us-sanctions-iran-put-china-oil-buying-spotlight-2026-08-24/;https://www.reuters.com/business/energy/looming-us-sanctions-iran-put-china-oil-buying-spotlight-2026-08-24/;False;2026-08-24T12:10:08.052000+02:00;https://www.reuters.com;2026-08-24T12:22:09.225569+02:00
275;bccfe7ed-0d91-5c34-90c8-e6c07ce74717;europes shrinking rivers curb power output transport company earnings 2026 07 31;;https://www.reuters.com/business/energy/europes-shrinking-rivers-curb-power-output-transport-company-earnings-2026-07-31/;https://www.reuters.com/business/energy/europes-shrinking-rivers-curb-power-output-transport-company-earnings-2026-07-31/;False;2026-08-03T10:42:08.394000+02:00;https://www.reuters.com;2026-08-23T18:06:35.763331+02:00
276;bde7cbe3-7239-5c44-b9cb-80255daa8843;chinas cnooc makes record interim profit higher oil prices output 2026 08 26;;https://www.reuters.com/business/energy/chinas-cnooc-makes-record-interim-profit-higher-oil-prices-output-2026-08-26/;https://www.reuters.com/business/energy/chinas-cnooc-makes-record-interim-profit-higher-oil-prices-output-2026-08-26/;False;2026-08-26T13:03:43.635000+02:00;https://www.reuters.com;2026-08-26T16:55:10.999950+02:00
277;be198fab-0a7f-5a1b-b91b-a052dcc47fea;russias ozon says four logistics hubs targeted by ukrainian drones 2026 08 24;;https://www.reuters.com/world/europe/russias-ozon-says-four-logistics-hubs-targeted-by-ukrainian-drones-2026-08-24/;https://www.reuters.com/world/europe/russias-ozon-says-four-logistics-hubs-targeted-by-ukrainian-drones-2026-08-24/;False;2026-08-24T08:30:19.565000+02:00;https://www.reuters.com;2026-08-24T09:38:18.128055+02:00
278;bfdbdb8c-b541-5a20-b8bd-346651b9fd7c;wildfire emissions soar exposing millions worse air pollution 2026 07 31;;https://www.reuters.com/business/environment/wildfire-emissions-soar-exposing-millions-worse-air-pollution-2026-07-31/;https://www.reuters.com/business/environment/wildfire-emissions-soar-exposing-millions-worse-air-pollution-2026-07-31/;False;2026-07-31T07:05:44.570000+02:00;https://www.reuters.com;2026-08-26T12:06:20.107085+02:00
279;bfdf92e1-e387-53db-94de-122f25671805;little reactors that could how smrs became nuclears best bet 2026 08 19;Gavin Maguire;https://www.reuters.com/commentary/reuters-open-interest/little-reactors-that-could-how-smrs-became-nuclears-best-bet-2026-08-19/;https://www.reuters.com/commentary/reuters-open-interest/little-reactors-that-could-how-smrs-became-nuclears-best-bet-2026-08-19/;False;2026-08-19T13:00:23.140000+02:00;https://www.reuters.com;2026-08-26T11:59:47.683557+02:00
280;c0ef8994-6b51-5f86-b8ba-493736386d59;aker bp starts production skarv satellite fields 2026 08 26;;https://www.reuters.com/business/energy/aker-bp-starts-production-skarv-satellite-fields-2026-08-26/;https://www.reuters.com/business/energy/aker-bp-starts-production-skarv-satellite-fields-2026-08-26/;False;2026-08-26T07:43:48.777000+02:00;https://www.reuters.com;2026-08-26T10:54:33.618459+02:00
281;c122d903-5970-581c-8d0a-e20e66d97984;turkeys hydro surge helps extend europes gas demand slump 2026 07 15;Gavin Maguire;https://www.reuters.com/commentary/reuters-open-interest/turkeys-hydro-surge-helps-extend-europes-gas-demand-slump-2026-07-15/;https://www.reuters.com/commentary/reuters-open-interest/turkeys-hydro-surge-helps-extend-europes-gas-demand-slump-2026-07-15/;False;2026-07-15T13:00:15.997000+02:00;https://www.reuters.com;2026-08-26T12:01:47.996669+02:00
282;c128ddb8-ce18-548f-87d6-a82068097be9;new york issues moratorium data centers 2026 07 16;;https://www.reuters.com/sustainability/new-york-issues-moratorium-data-centers-2026-07-16/;https://www.reuters.com/sustainability/new-york-issues-moratorium-data-centers-2026-07-16/;False;2026-07-16T14:31:53.353000+02:00;https://www.reuters.com;2026-08-23T18:13:24.608865+02:00
283;c14b8c4e-e74d-5ace-88b2-ba2289cd42d4;energy watch no summer lull 2026 07 20;Ron Bousso;https://www.reuters.com/commentary/reuters-open-interest/energy-watch-no-summer-lull-2026-07-20/;https://www.reuters.com/commentary/reuters-open-interest/energy-watch-no-summer-lull-2026-07-20/;False;2026-07-21T04:44:06.771000+02:00;https://www.reuters.com;2026-08-23T18:05:34.269307+02:00
284;c192cc29-8d9b-5531-8b2b-8ba9cc1ef573;climate change made fire prone weather conditions more likely spain france 2026 07 30;;https://www.reuters.com/sustainability/cop/climate-change-made-fire-prone-weather-conditions-more-likely-spain-france-2026-07-30/;https://www.reuters.com/sustainability/cop/climate-change-made-fire-prone-weather-conditions-more-likely-spain-france-2026-07-30/;False;2026-07-31T00:21:43.964000+02:00;https://www.reuters.com;2026-08-26T12:06:28.133160+02:00
285;c21adc49-afdb-558d-9664-0a4e83abb39a;europes electrification dream wont spare painful decade 2026 07 22;Ron Bousso;https://www.reuters.com/commentary/reuters-open-interest/europes-electrification-dream-wont-spare-painful-decade-2026-07-22/;https://www.reuters.com/commentary/reuters-open-interest/europes-electrification-dream-wont-spare-painful-decade-2026-07-22/;False;2026-07-22T12:02:42.723000+02:00;https://www.reuters.com;2026-08-23T18:05:26.731592+02:00
286;c3d14822-970d-56ad-a845-f953da0c7345;oil stocks us strategic petroleum reserve fall by 37 million barrels lowest 2026 08 24;;https://www.reuters.com/business/energy/oil-stocks-us-strategic-petroleum-reserve-fall-by-37-million-barrels-lowest-2026-08-24/;https://www.reuters.com/business/energy/oil-stocks-us-strategic-petroleum-reserve-fall-by-37-million-barrels-lowest-2026-08-24/;False;2026-08-24T17:29:43.515000+02:00;https://www.reuters.com;2026-08-24T17:48:56.388043+02:00
287;c3d9bf2b-2b62-56f5-8882-e25980c400a4;japan plans no crude oil release national reserve september october 2026 08 25;;https://www.reuters.com/business/energy/japan-plans-no-crude-oil-release-national-reserve-september-october-2026-08-25/;https://www.reuters.com/business/energy/japan-plans-no-crude-oil-release-national-reserve-september-october-2026-08-25/;False;2026-08-25T05:39:43.654000+02:00;https://www.reuters.com;2026-08-25T09:49:19.574859+02:00
288;c40497bb-2468-5076-8b5d-0b1f2e7cef70;nigerias dangote refinery nears record ipo investors focus oil supply costs 2026 08 26;;https://www.reuters.com/business/energy/nigerias-dangote-refinery-nears-record-ipo-investors-focus-oil-supply-costs-2026-08-26/;https://www.reuters.com/business/energy/nigerias-dangote-refinery-nears-record-ipo-investors-focus-oil-supply-costs-2026-08-26/;False;2026-08-26T08:03:17.396000+02:00;https://www.reuters.com;2026-08-26T10:53:54.467075+02:00
289;c56d8081-a252-5e0c-9f7d-3944467989d2;some oil companies avoid ships iran blacklist sources say 2026 08 26;;https://www.reuters.com/business/energy/some-oil-companies-avoid-ships-iran-blacklist-sources-say-2026-08-26/;https://www.reuters.com/business/energy/some-oil-companies-avoid-ships-iran-blacklist-sources-say-2026-08-26/;False;2026-08-26T07:16:31.027000+02:00;https://www.reuters.com;2026-08-26T10:53:29.222638+02:00
290;c607ec7f-b589-5605-af2d-267f6b9c1b11;energy watch chinas oil fortress 2026 07 16;Ron Bousso;https://www.reuters.com/commentary/reuters-open-interest/energy-watch-chinas-oil-fortress-2026-07-16/;https://www.reuters.com/commentary/reuters-open-interest/energy-watch-chinas-oil-fortress-2026-07-16/;False;2026-07-17T03:43:14.666000+02:00;https://www.reuters.com;2026-08-23T18:05:47.995306+02:00
291;c675980d-bcab-5904-876e-a2f26a0e306a;gulf ship traffic via strait hormuz hovers below 10 day average data shows 2026 08 26;;https://www.reuters.com/business/energy/gulf-ship-traffic-via-strait-hormuz-hovers-below-10-day-average-data-shows-2026-08-26/;https://www.reuters.com/business/energy/gulf-ship-traffic-via-strait-hormuz-hovers-below-10-day-average-data-shows-2026-08-26/;False;2026-08-26T07:10:23.090000+02:00;https://www.reuters.com;2026-08-26T10:54:07.598719+02:00
292;c6c0e15c-c945-5f98-9cc5-86c045f33dd1;energy watch some summer lull 2026 08 17;Ron Bousso;https://www.reuters.com/commentary/reuters-open-interest/energy-watch-some-summer-lull-2026-08-17/;https://www.reuters.com/commentary/reuters-open-interest/energy-watch-some-summer-lull-2026-08-17/;False;2026-08-17T18:39:12.864000+02:00;https://www.reuters.com;2026-08-23T21:53:18.941464+02:00
293;c6d3838d-b2ed-59e8-ad72-f0d63bcda5d5;japans massive quake kills 25 people 2026 07 30;;https://www.reuters.com/sustainability/japans-massive-quake-kills-25-people-2026-07-30/;https://www.reuters.com/sustainability/japans-massive-quake-kills-25-people-2026-07-30/;False;2026-07-30T17:00:00.371000+02:00;https://www.reuters.com;2026-08-23T18:12:33.178087+02:00
294;c74e1916-355b-5d2a-8f2d-8166102abd27;us oil prices extend losses hopes iran oman talks strait hormuz 2026 08 25;;https://www.reuters.com/world/asia-pacific/us-oil-prices-extend-losses-hopes-iran-oman-talks-strait-hormuz-2026-08-25/;https://www.reuters.com/world/asia-pacific/us-oil-prices-extend-losses-hopes-iran-oman-talks-strait-hormuz-2026-08-25/;False;2026-08-26T10:36:20.840000+02:00;https://www.reuters.com;2026-08-26T10:53:42.091486+02:00
295;c7be9c98-6aa8-5bb7-b141-6b2667552269;buyers press qatar uae cheaper more flexible lng deals after hormuz shock 2026 07 23;;https://www.reuters.com/business/energy/buyers-press-qatar-uae-cheaper-more-flexible-lng-deals-after-hormuz-shock-2026-07-23/;https://www.reuters.com/business/energy/buyers-press-qatar-uae-cheaper-more-flexible-lng-deals-after-hormuz-shock-2026-07-23/;False;2026-07-23T09:05:46.562000+02:00;https://www.reuters.com;2026-08-26T17:52:07.454936+02:00
296;c816c8a9-0a0e-502a-b64f-1dab9efbcc47;indias downstream gas regulator approves lpg pipeline infrastructure worth 731 2026 08 21;;https://www.reuters.com/business/energy/indias-downstream-gas-regulator-approves-lpg-pipeline-infrastructure-worth-731-2026-08-21/;https://www.reuters.com/business/energy/indias-downstream-gas-regulator-approves-lpg-pipeline-infrastructure-worth-731-2026-08-21/;False;2026-08-21T17:05:33.834000+02:00;https://www.reuters.com;2026-08-23T18:15:52.974663+02:00
297;c8dd9fa2-eea0-5735-ba75-339d5b72aebb;uk moves ahead with first 10 billion wave low rent housing plan 2026 08 24;;https://www.reuters.com/business/finance/uk-moves-ahead-with-first-10-billion-wave-low-rent-housing-plan-2026-08-24/;https://www.reuters.com/business/finance/uk-moves-ahead-with-first-10-billion-wave-low-rent-housing-plan-2026-08-24/;False;2026-08-25T09:33:09.781000+02:00;https://www.reuters.com;2026-08-25T09:49:50.419151+02:00
298;c8e40f81-e1f5-57a8-bbc5-ab51fac7b059;united states sanctions oil trader wellbred over iran links 2026 08 25;;https://www.reuters.com/business/energy/united-states-sanctions-oil-trader-wellbred-over-iran-links-2026-08-25/;https://www.reuters.com/business/energy/united-states-sanctions-oil-trader-wellbred-over-iran-links-2026-08-25/;False;2026-08-25T05:58:47.992000+02:00;https://www.reuters.com;2026-08-25T09:49:13.555560+02:00
299;c92de2f2-ea43-5208-8551-aaed63ed60ae;ukraine awards musk high state honour it seeks use starlink more 2026 08 26;;https://www.reuters.com/business/aerospace-defense/ukraine-awards-musk-high-state-honour-it-seeks-use-starlink-more-2026-08-26/;https://www.reuters.com/business/aerospace-defense/ukraine-awards-musk-high-state-honour-it-seeks-use-starlink-more-2026-08-26/;False;2026-08-26T12:45:45.062000+02:00;https://www.reuters.com;2026-08-26T16:56:31.975132+02:00
300;cba68de0-3fac-5387-90a0-0dbbab8f05ec;prince harry family arrive uk return us bbc reports 2026 08 26;;https://www.reuters.com/world/prince-harry-family-arrive-uk-return-us-bbc-reports-2026-08-26/;https://www.reuters.com/world/prince-harry-family-arrive-uk-return-us-bbc-reports-2026-08-26/;False;2026-08-26T14:19:49.168000+02:00;https://www.reuters.com;2026-08-26T16:56:19.218707+02:00
301;cdd42886-d656-5513-bef1-4d4b7447cf4d;norway asks supreme court overturn environmental verdict against oilfields 2026 08 24;;https://www.reuters.com/legal/litigation/norway-asks-supreme-court-overturn-environmental-verdict-against-oilfields-2026-08-24/;https://www.reuters.com/legal/litigation/norway-asks-supreme-court-overturn-environmental-verdict-against-oilfields-2026-08-24/;False;2026-08-24T07:55:05.028000+02:00;https://www.reuters.com;2026-08-24T09:37:47.947905+02:00
302;cdf9759d-64d1-5d5d-aed1-cc806158bcff;more than 120 injured fire russian gas chemical complex one chinese worker 2026 08 25;;https://www.reuters.com/world/china/more-than-120-injured-fire-russian-gas-chemical-complex-one-chinese-worker-2026-08-25/;https://www.reuters.com/world/china/more-than-120-injured-fire-russian-gas-chemical-complex-one-chinese-worker-2026-08-25/;False;2026-08-25T12:56:48.304000+02:00;https://www.reuters.com;2026-08-25T16:10:19.872065+02:00
303;ce1a835f-8708-550f-808c-924020420835;health norways king deteriorates while hospital palace says 2026 08 23;;https://www.reuters.com/world/health-norways-king-deteriorates-while-hospital-palace-says-2026-08-23/;https://www.reuters.com/world/health-norways-king-deteriorates-while-hospital-palace-says-2026-08-23/;False;2026-08-23T20:07:43.739000+02:00;https://www.reuters.com;2026-08-23T21:54:37.183050+02:00
304;d040cda8-8f06-5811-8b91-3a191d4385d1;sizewell b nuclear plant extension possible investment needed edf energy says 2026 01 21;;https://www.reuters.com/business/energy/sizewell-b-nuclear-plant-extension-possible-investment-needed-edf-energy-says-2026-01-21/;https://www.reuters.com/business/energy/sizewell-b-nuclear-plant-extension-possible-investment-needed-edf-energy-says-2026-01-21/;False;2026-01-21T08:45:37.201000+01:00;https://www.reuters.com;2026-08-26T12:07:48.208532+02:00
305;d0c0a1fb-1e05-5c42-8bee-ba5aeda0176d;edf uk government agree extend life sizewell b nuclear plant by 20 years 2026 07 08;;https://www.reuters.com/business/energy/edf-uk-government-agree-extend-life-sizewell-b-nuclear-plant-by-20-years-2026-07-08/;https://www.reuters.com/business/energy/edf-uk-government-agree-extend-life-sizewell-b-nuclear-plant-by-20-years-2026-07-08/;False;2026-07-08T23:33:43.436000+02:00;https://www.reuters.com;2026-08-26T12:07:34.061930+02:00
306;d0c13e33-a9b7-5127-b981-3e08e5eee6f4;shell expects 65 rise global lng demand by 2050 2026 06 30;;https://www.reuters.com/business/energy/shell-expects-65-rise-global-lng-demand-by-2050-2026-06-30/;https://www.reuters.com/business/energy/shell-expects-65-rise-global-lng-demand-by-2050-2026-06-30/;False;2026-06-30T12:41:01.317000+02:00;https://www.reuters.com;2026-08-26T17:53:04.940149+02:00
307;d1d1a355-ae3a-5071-9188-467c80fc3ae1;russias norsi refinery halts oil processing after drone attack sources say 2026 08 26;;https://www.reuters.com/business/energy/russias-norsi-refinery-halts-oil-processing-after-drone-attack-sources-say-2026-08-26/;https://www.reuters.com/business/energy/russias-norsi-refinery-halts-oil-processing-after-drone-attack-sources-say-2026-08-26/;False;2026-08-26T17:47:45.907000+02:00;https://www.reuters.com;2026-08-26T17:54:01.944539+02:00
308;d3bf3f37-dc65-5632-88a0-49dc2bb5a1f8;british household energy debts hit 6 billion industry group says 2026 08 24;;https://www.reuters.com/business/energy/british-household-energy-debts-hit-6-billion-industry-group-says-2026-08-24/;https://www.reuters.com/business/energy/british-household-energy-debts-hit-6-billion-industry-group-says-2026-08-24/;False;2026-08-24T14:16:40.935000+02:00;https://www.reuters.com;2026-08-24T17:48:49.813867+02:00
309;d3f4bba0-fee7-5433-a45b-b2dd9e09c13b;scottish power make 15 billion upgrade britains largest onshore wind farm 2026 07 22;;https://www.reuters.com/business/energy/scottish-power-make-15-billion-upgrade-britains-largest-onshore-wind-farm-2026-07-22/;https://www.reuters.com/business/energy/scottish-power-make-15-billion-upgrade-britains-largest-onshore-wind-farm-2026-07-22/;False;2026-07-22T12:24:35.141000+02:00;https://www.reuters.com;2026-08-23T18:09:02.366598+02:00
310;d54aa290-ffc0-568b-be53-f3415811135e;alibaba set open down 8 hong kong after 102 billion share placement plan 2026 08 24;;https://www.reuters.com/business/retail-consumer/alibaba-set-open-down-8-hong-kong-after-102-billion-share-placement-plan-2026-08-24/;https://www.reuters.com/business/retail-consumer/alibaba-set-open-down-8-hong-kong-after-102-billion-share-placement-plan-2026-08-24/;False;2026-08-24T11:39:10.936000+02:00;https://www.reuters.com;2026-08-24T12:23:22.885307+02:00
311;d5809590-c78c-5969-b1a1-84601d865aab;oil set second weekly rise unsettled us iran war crimps supply 2026 08 21;;https://www.reuters.com/business/energy/oil-set-second-weekly-rise-unsettled-us-iran-war-crimps-supply-2026-08-21/;https://www.reuters.com/business/energy/oil-set-second-weekly-rise-unsettled-us-iran-war-crimps-supply-2026-08-21/;False;2026-08-21T21:21:59.865000+02:00;https://www.reuters.com;2026-08-23T18:14:39.288137+02:00
312;d5daf311-2318-5b8b-8a10-31f17f27e532;oil traders double down iran deal bet odds worsen bousso 2026 08 06;Ron Bousso;https://www.reuters.com/commentary/reuters-open-interest/oil-traders-double-down-iran-deal-bet-odds-worsen-bousso-2026-08-06/;https://www.reuters.com/commentary/reuters-open-interest/oil-traders-double-down-iran-deal-bet-odds-worsen-bousso-2026-08-06/;False;2026-08-07T09:21:25.156000+02:00;https://www.reuters.com;2026-08-23T18:04:11.956174+02:00
313;d64bdb02-129c-5574-974c-4d6d61020b70;israel considers expelling british officials post war gaza headquarters ft 2026 08 27;;https://www.reuters.com/world/uk/israel-considers-expelling-british-officials-post-war-gaza-headquarters-ft-2026-08-27/;https://www.reuters.com/world/uk/israel-considers-expelling-british-officials-post-war-gaza-headquarters-ft-2026-08-27/;False;2026-08-27T06:25:26.267000+02:00;https://www.reuters.com;2026-08-27T10:23:47.112077+02:00
314;d688bf8b-5ef4-5c06-9c38-b77ecd95f8a5;burnhams summer reprieve gives way reckoning over his spending plans 2026 08 27;;https://www.reuters.com/world/uk/burnhams-summer-reprieve-gives-way-reckoning-over-his-spending-plans-2026-08-27/;https://www.reuters.com/world/uk/burnhams-summer-reprieve-gives-way-reckoning-over-his-spending-plans-2026-08-27/;False;2026-08-27T08:25:47.735000+02:00;https://www.reuters.com;2026-08-27T10:22:50.689774+02:00
315;d6c4fca8-be33-539c-98cc-46f22165e3bd;norways crown princess says she was manipulated deceived by epstein 2026 03 20;;https://www.reuters.com/world/norways-crown-princess-says-she-was-manipulated-deceived-by-epstein-2026-03-20/;https://www.reuters.com/world/norways-crown-princess-says-she-was-manipulated-deceived-by-epstein-2026-03-20/;False;2026-08-27T10:22:20.966000+02:00;https://www.reuters.com;2026-08-27T10:23:09.584977+02:00
316;d810636f-281b-5bf7-ae5f-ff8eb7a0562a;are companies rolling back their gender race policies 2026 07 15;;https://www.reuters.com/sustainability/sustainable-finance-reporting/are-companies-rolling-back-their-gender-race-policies-2026-07-15/;https://www.reuters.com/sustainability/sustainable-finance-reporting/are-companies-rolling-back-their-gender-race-policies-2026-07-15/;False;2026-08-18T16:30:41.900000+02:00;https://www.reuters.com;2026-08-23T18:13:32.319600+02:00
317;d90fdf66-f63e-5189-93f8-3d0312689f6f;damaged qatari lng tanker awaits salvage after strike near hormuz 2026 07 08;;https://www.reuters.com/business/energy/damaged-qatari-lng-tanker-awaits-salvage-after-strike-near-hormuz-2026-07-08/;https://www.reuters.com/business/energy/damaged-qatari-lng-tanker-awaits-salvage-after-strike-near-hormuz-2026-07-08/;False;2026-07-08T15:47:04.192000+02:00;https://www.reuters.com;2026-08-26T17:52:36.842958+02:00
318;d9b22bf7-0036-575b-8eb9-7fc14f9a0886;chinas ming yang plans europe factory after uk wind turbine snub 2026 05 14;;https://www.reuters.com/sustainability/climate-energy/chinas-ming-yang-plans-europe-factory-after-uk-wind-turbine-snub-2026-05-14/;https://www.reuters.com/sustainability/climate-energy/chinas-ming-yang-plans-europe-factory-after-uk-wind-turbine-snub-2026-05-14/;False;2026-05-14T13:11:33.721000+02:00;https://www.reuters.com;2026-08-23T18:11:04.986903+02:00
319;d9dd4ffc-f6a6-50d3-91bf-bf623d7807e5;siemens energy sell most its industrial division 2026 08 25;;https://www.reuters.com/business/energy/siemens-energy-sell-most-its-industrial-division-2026-08-25/;https://www.reuters.com/business/energy/siemens-energy-sell-most-its-industrial-division-2026-08-25/;False;2026-08-26T01:28:08.133000+02:00;https://www.reuters.com;2026-08-26T10:54:39.722651+02:00
320;dadc3e8f-b5f2-5bbf-9c68-c8c986c78987;eus unclear stance russian nuclear fuel holds back investments urenco ceo says 2026 08 13;;https://www.reuters.com/business/energy/eus-unclear-stance-russian-nuclear-fuel-holds-back-investments-urenco-ceo-says-2026-08-13/;https://www.reuters.com/business/energy/eus-unclear-stance-russian-nuclear-fuel-holds-back-investments-urenco-ceo-says-2026-08-13/;False;2026-08-13T19:53:08.787000+02:00;https://www.reuters.com;2026-08-23T18:06:07.264013+02:00
321;db246997-eb20-53f8-8b00-41150491abff;vatican build 100 million renewable energy plant sources say 2026 08 22;;https://www.reuters.com/business/energy/vatican-build-100-million-renewable-energy-plant-sources-say-2026-08-22/;https://www.reuters.com/business/energy/vatican-build-100-million-renewable-energy-plant-sources-say-2026-08-22/;False;2026-08-22T23:46:16.561000+02:00;https://www.reuters.com;2026-08-23T18:17:36.173135+02:00
322;db6cf2d4-122b-5de5-8680-39c76ec08c81;museum heists have turned more violent with thieves hired social media europol 2026 08 24;;https://www.reuters.com/world/museum-heists-have-turned-more-violent-with-thieves-hired-social-media-europol-2026-08-24/;https://www.reuters.com/world/museum-heists-have-turned-more-violent-with-thieves-hired-social-media-europol-2026-08-24/;False;2026-08-24T14:24:33.130000+02:00;https://www.reuters.com;2026-08-24T17:50:00.462719+02:00
323;dbd2c53d-f829-545e-8476-632918a9034f;petrobras enters negotiations four offshore blocks ghanas keta basin 2026 08 21;;https://www.reuters.com/business/energy/petrobras-enters-negotiations-four-offshore-blocks-ghanas-keta-basin-2026-08-21/;https://www.reuters.com/business/energy/petrobras-enters-negotiations-four-offshore-blocks-ghanas-keta-basin-2026-08-21/;False;2026-08-21T17:52:11.171000+02:00;https://www.reuters.com;2026-08-23T18:15:26.231753+02:00
324;dcb553fe-1be6-5b13-b529-3f0752018bd3;southeast asias budget airlines eye recovery fuel scars linger 2026 08 24;;https://www.reuters.com/world/asia-pacific/southeast-asias-budget-airlines-eye-recovery-fuel-scars-linger-2026-08-24/;https://www.reuters.com/world/asia-pacific/southeast-asias-budget-airlines-eye-recovery-fuel-scars-linger-2026-08-24/;False;2026-08-24T07:56:47.882000+02:00;https://www.reuters.com;2026-08-24T09:36:57.127687+02:00
325;dcd02fb0-ee98-5fca-8522-a8e9f589af20;five infuriating energy transition fumbles 2026 07 30;Gavin Maguire;https://www.reuters.com/commentary/reuters-open-interest/five-infuriating-energy-transition-fumbles-2026-07-30/;https://www.reuters.com/commentary/reuters-open-interest/five-infuriating-energy-transition-fumbles-2026-07-30/;False;2026-07-31T08:01:44.659000+02:00;https://www.reuters.com;2026-08-26T12:00:54.888067+02:00
326;de0da656-df7a-5102-b347-ac732d93022d;french power prices jump over 20 heatwave tightens supply 2026 08 11;;https://www.reuters.com/business/energy/french-power-prices-jump-over-20-heatwave-tightens-supply-2026-08-11/;https://www.reuters.com/business/energy/french-power-prices-jump-over-20-heatwave-tightens-supply-2026-08-11/;False;2026-08-11T11:47:50.688000+02:00;https://www.reuters.com;2026-08-23T18:06:29.020115+02:00
327;df0a4f56-27c9-5fde-9721-60bc189eb395;airlines cancel flights after us israel strikes iran 2026 08 25;;https://www.reuters.com/business/aerospace-defense/airlines-cancel-flights-after-us-israel-strikes-iran-2026-08-25/;https://www.reuters.com/business/aerospace-defense/airlines-cancel-flights-after-us-israel-strikes-iran-2026-08-25/;False;2026-08-25T14:46:48.903000+02:00;https://www.reuters.com;2026-08-25T16:10:06.940673+02:00
328;df0b7487-841f-5f5c-ad1e-44672e696b38;climate change exacerbating drought across europe scientists say 2026 07 22;;https://www.reuters.com/sustainability/cop/climate-change-exacerbating-drought-across-europe-scientists-say-2026-07-22/;https://www.reuters.com/sustainability/cop/climate-change-exacerbating-drought-across-europe-scientists-say-2026-07-22/;False;2026-07-23T01:09:43.678000+02:00;https://www.reuters.com;2026-08-26T12:06:51.110598+02:00
329;df68781e-9ec1-5865-b4e2-1d9afa369962;french far left leader melenchon seen reaching presidential runoff poll shows 2026 08 24;;https://www.reuters.com/world/french-far-left-leader-melenchon-seen-reaching-presidential-runoff-poll-shows-2026-08-24/;https://www.reuters.com/world/french-far-left-leader-melenchon-seen-reaching-presidential-runoff-poll-shows-2026-08-24/;False;2026-08-24T13:17:45.613000+02:00;https://www.reuters.com;2026-08-24T17:50:06.770213+02:00
330;dfd5699e-51e2-5ac5-bf2a-35c2db3fdfdd;hard left presidential candidates plan cancel french debt sparks backlash 2026 08 26;;https://www.reuters.com/business/finance/hard-left-presidential-candidates-plan-cancel-french-debt-sparks-backlash-2026-08-26/;https://www.reuters.com/business/finance/hard-left-presidential-candidates-plan-cancel-french-debt-sparks-backlash-2026-08-26/;False;2026-08-26T13:02:22.579000+02:00;https://www.reuters.com;2026-08-26T16:56:06.400993+02:00
331;e095dc4c-420d-511e-b46f-297aa104a06b;iran war ushers oil refining golden era it wont last 2026 08 03;Ron Bousso;https://www.reuters.com/commentary/reuters-open-interest/iran-war-ushers-oil-refining-golden-era-it-wont-last-2026-08-03/;https://www.reuters.com/commentary/reuters-open-interest/iran-war-ushers-oil-refining-golden-era-it-wont-last-2026-08-03/;False;2026-08-04T10:24:36.746000+02:00;https://www.reuters.com;2026-08-23T18:04:34.307643+02:00
332;e0fbac8b-b028-5265-b559-a71e3b2d6416;softbank talks buy stake 1x 6 billion valuation information reports 2026 08 27;;https://www.reuters.com/legal/transactional/softbank-talks-buy-stake-1x-6-billion-valuation-information-reports-2026-08-27/;https://www.reuters.com/legal/transactional/softbank-talks-buy-stake-1x-6-billion-valuation-information-reports-2026-08-27/;False;2026-08-27T05:45:48.092000+02:00;https://www.reuters.com;2026-08-27T10:23:59.547000+02:00
333;e11d4b93-955d-5818-9a66-7ea8d504cffb;first migrants buried spains ceuta after deadly border rush 2026 08 21;;https://www.reuters.com/world/africa/first-migrants-buried-spains-ceuta-after-deadly-border-rush-2026-08-21/;https://www.reuters.com/world/africa/first-migrants-buried-spains-ceuta-after-deadly-border-rush-2026-08-21/;False;2026-08-21T19:53:06.342000+02:00;https://www.reuters.com;2026-08-23T18:17:55.762708+02:00
334;e167a5b9-3167-509b-900a-2440d4cdd5a3;frances cma cgm charge inland emergency fee due lower river levels 2026 08 21;;https://www.reuters.com/business/energy/frances-cma-cgm-charge-inland-emergency-fee-due-lower-river-levels-2026-08-21/;https://www.reuters.com/business/energy/frances-cma-cgm-charge-inland-emergency-fee-due-lower-river-levels-2026-08-21/;False;2026-08-21T21:53:43.545000+02:00;https://www.reuters.com;2026-08-23T18:15:46.372455+02:00
335;e1eb6e86-980b-577d-a6af-ec72bde659ef;europe makes trillion euro bet revive its battered industry 2026 07 31;Ron Bousso;https://www.reuters.com/commentary/reuters-open-interest/europe-makes-trillion-euro-bet-revive-its-battered-industry-2026-07-31/;https://www.reuters.com/commentary/reuters-open-interest/europe-makes-trillion-euro-bet-revive-its-battered-industry-2026-07-31/;False;2026-08-01T16:12:55.340000+02:00;https://www.reuters.com;2026-08-23T18:04:40.963046+02:00
336;e44c576d-63e9-5aac-8a7a-bc7178190efc;monetarist resurrection or timely rethink inflation targeting mike dolan 2026 08 27;Mike Dolan;https://www.reuters.com/commentary/reuters-open-interest/monetarist-resurrection-or-timely-rethink-inflation-targeting-mike-dolan-2026-08-27/;https://www.reuters.com/commentary/reuters-open-interest/monetarist-resurrection-or-timely-rethink-inflation-targeting-mike-dolan-2026-08-27/;False;2026-08-27T09:46:36.817000+02:00;https://www.reuters.com;2026-08-27T10:20:31.760123+02:00
337;e46f83fd-e06a-5d13-a9e2-15cf945dc777;energy watch oil squeeze is just getting started 2026 08 20;Ron Bousso;https://www.reuters.com/commentary/reuters-open-interest/energy-watch-oil-squeeze-is-just-getting-started-2026-08-20/;https://www.reuters.com/commentary/reuters-open-interest/energy-watch-oil-squeeze-is-just-getting-started-2026-08-20/;False;2026-08-20T19:43:22.381000+02:00;https://www.reuters.com;2026-08-23T21:52:56.918852+02:00
338;e50c6081-6ea7-5aa3-929a-d4118305107b;shell draws interest bidders including exxon 8 billion us chemical assets ft 2026 08 24;;https://www.reuters.com/legal/litigation/shell-draws-interest-bidders-including-exxon-8-billion-us-chemical-assets-ft-2026-08-24/;https://www.reuters.com/legal/litigation/shell-draws-interest-bidders-including-exxon-8-billion-us-chemical-assets-ft-2026-08-24/;False;2026-08-24T07:15:38.801000+02:00;https://www.reuters.com;2026-08-24T09:37:10.052294+02:00
339;e61304e9-e9f8-50d6-8ea3-b0beb73d56f4;europes autumn reckoning bonds budgets billionaires 2026 08 26;Mike Dolan;https://www.reuters.com/commentary/reuters-open-interest/europes-autumn-reckoning-bonds-budgets-billionaires-2026-08-26/;https://www.reuters.com/commentary/reuters-open-interest/europes-autumn-reckoning-bonds-budgets-billionaires-2026-08-26/;False;2026-08-26T12:01:35.163000+02:00;https://www.reuters.com;2026-08-26T12:02:00.686048+02:00
340;e642d302-fa89-5d5f-b13f-07e71257e019;norway give over 9 billion ukraine 2027 2026 08 23;;https://www.reuters.com/world/europe/norway-give-over-9-billion-ukraine-2027-2026-08-23/;https://www.reuters.com/world/europe/norway-give-over-9-billion-ukraine-2027-2026-08-23/;False;2026-08-23T11:32:08.863000+02:00;https://www.reuters.com;2026-08-23T18:16:44.763695+02:00
341;e699be28-cfe8-5e78-94f3-a9650fac9327;seven dead including six chinese nationals nine are missing russias gas plant 2026 08 26;;https://www.reuters.com/world/china/seven-dead-including-six-chinese-nationals-nine-are-missing-russias-gas-plant-2026-08-26/;https://www.reuters.com/world/china/seven-dead-including-six-chinese-nationals-nine-are-missing-russias-gas-plant-2026-08-26/;False;2026-08-26T10:32:09.745000+02:00;https://www.reuters.com;2026-08-26T10:55:29.875769+02:00
342;e788a974-793c-5ff8-b5d5-8e5a8b047528;what could be behind iberian power outage 2025 04 29;;https://www.reuters.com/world/europe/what-could-be-behind-iberian-power-outage-2025-04-29/;https://www.reuters.com/world/europe/what-could-be-behind-iberian-power-outage-2025-04-29/;False;2025-04-29T18:30:44+02:00;https://www.reuters.com;2026-08-26T12:08:58.463792+02:00
343;e78f33a3-7b56-5c0e-a44a-26728cf8dabc;zelenskiy says ukraine not behind nord stream blasts cooperating with probe 2026 08 24;;https://www.reuters.com/world/europe/zelenskiy-says-ukraine-not-behind-nord-stream-blasts-cooperating-with-probe-2026-08-24/;https://www.reuters.com/world/europe/zelenskiy-says-ukraine-not-behind-nord-stream-blasts-cooperating-with-probe-2026-08-24/;False;2026-08-24T04:20:11.329000+02:00;https://www.reuters.com;2026-08-24T09:38:38.980768+02:00
344;e846f829-6924-5e8d-9cfe-a2176216c6f4;investors see pollution plan silver lining eu carbon overhaul 2026 07 21;;https://www.reuters.com/business/environment/investors-see-pollution-plan-silver-lining-eu-carbon-overhaul-2026-07-21/;https://www.reuters.com/business/environment/investors-see-pollution-plan-silver-lining-eu-carbon-overhaul-2026-07-21/;False;2026-07-21T18:05:04.336000+02:00;https://www.reuters.com;2026-08-26T12:07:05.512687+02:00
345;e8b495e7-556e-5755-afcb-b8ef9e214885;high oil prices subsidies affordable models rev up european ev sales 2026 08 24;;https://www.reuters.com/business/autos-transportation/high-oil-prices-subsidies-affordable-models-rev-up-european-ev-sales-2026-08-24/;https://www.reuters.com/business/autos-transportation/high-oil-prices-subsidies-affordable-models-rev-up-european-ev-sales-2026-08-24/;False;2026-08-24T08:46:17.964000+02:00;https://www.reuters.com;2026-08-24T09:38:24.453302+02:00
346;e8b8aa96-8899-5626-815d-07bff5fa7ba1;big tech backed coalition carbon removal increases funding by 915 million adds 2026 06 17;;https://www.reuters.com/sustainability/cop/big-tech-backed-coalition-carbon-removal-increases-funding-by-915-million-adds-2026-06-17/;https://www.reuters.com/sustainability/cop/big-tech-backed-coalition-carbon-removal-increases-funding-by-915-million-adds-2026-06-17/;False;2026-06-18T00:12:38.058000+02:00;https://www.reuters.com;2026-08-23T18:10:13.492740+02:00
347;e978ce74-3132-53ba-939f-2866661e81ea;six months war how middle east conflict has shaped financial markets 2026 08 27;;https://www.reuters.com/business/energy/six-months-war-how-middle-east-conflict-has-shaped-financial-markets-2026-08-27/;https://www.reuters.com/business/energy/six-months-war-how-middle-east-conflict-has-shaped-financial-markets-2026-08-27/;False;2026-08-27T09:42:21.675000+02:00;https://www.reuters.com;2026-08-27T10:21:39.062857+02:00
348;e9d2d897-2a7f-5073-bc92-069ba7357a28;forget crude war pushes refiners brink 2026 07 20;Ron Bousso;https://www.reuters.com/commentary/reuters-open-interest/forget-crude-war-pushes-refiners-brink-2026-07-20/;https://www.reuters.com/commentary/reuters-open-interest/forget-crude-war-pushes-refiners-brink-2026-07-20/;False;2026-07-20T12:01:41.349000+02:00;https://www.reuters.com;2026-08-23T18:05:41.219426+02:00
349;e9eae4f2-3780-57e1-928f-df1218ac56a1;solar gives hungarys power system vital cover nuclear fallout 2026 08 21;Gavin Maguire;https://www.reuters.com/commentary/reuters-open-interest/solar-gives-hungarys-power-system-vital-cover-nuclear-fallout-2026-08-21/;https://www.reuters.com/commentary/reuters-open-interest/solar-gives-hungarys-power-system-vital-cover-nuclear-fallout-2026-08-21/;False;2026-08-21T13:00:39.038000+02:00;https://www.reuters.com;2026-08-26T11:59:40.743278+02:00
350;ea1f89e8-57c1-5b17-b6d6-b247ca3a7aff;global markets view usa 2026 08 10;Mike Dolan;https://www.reuters.com/commentary/reuters-open-interest/global-markets-view-usa-2026-08-10/;https://www.reuters.com/commentary/reuters-open-interest/global-markets-view-usa-2026-08-10/;False;2026-08-10T12:42:51.647000+02:00;https://www.reuters.com;2026-08-26T12:04:28.902926+02:00
351;eb08a60b-2df5-5a81-a3b3-170234e611b0;climate focus spain declares national emergency over wildfires 2026 07 24;;https://www.reuters.com/sustainability/climate-focus-spain-declares-national-emergency-over-wildfires-2026-07-24/;https://www.reuters.com/sustainability/climate-focus-spain-declares-national-emergency-over-wildfires-2026-07-24/;False;2026-07-24T18:35:53.318000+02:00;https://www.reuters.com;2026-08-23T18:12:56.253426+02:00
352;eb25fb8d-cf79-51a7-b0c3-9c0653473d8e;what el nios return means panama canal global trade 2026 08 21;;https://www.reuters.com/business/environment/what-el-nios-return-means-panama-canal-global-trade-2026-08-21/;https://www.reuters.com/business/environment/what-el-nios-return-means-panama-canal-global-trade-2026-08-21/;False;2026-08-21T20:10:52.903000+02:00;https://www.reuters.com;2026-08-23T18:15:19.682916+02:00
353;ec0955cc-015c-5b14-92ce-bd77cc30bf34;french far left leader melenchon close presidential runoff poll shows 2026 08 26;;https://www.reuters.com/world/french-far-left-leader-melenchon-close-presidential-runoff-poll-shows-2026-08-26/;https://www.reuters.com/world/french-far-left-leader-melenchon-close-presidential-runoff-poll-shows-2026-08-26/;False;2026-08-26T21:42:48.547000+02:00;https://www.reuters.com;2026-08-27T10:23:28.500637+02:00
354;ec851a4a-fe30-5e04-a9ea-ca4798f2ad55;saudi arabia considers expansion oil pipeline red sea sources say 2026 07 07;;https://www.reuters.com/business/energy/saudi-arabia-considers-expansion-oil-pipeline-red-sea-sources-say-2026-07-07/;https://www.reuters.com/business/energy/saudi-arabia-considers-expansion-oil-pipeline-red-sea-sources-say-2026-07-07/;False;2026-07-07T11:37:10.594000+02:00;https://www.reuters.com;2026-08-26T17:52:43.670150+02:00
355;ed4e67d8-0358-52ba-8a49-b610c2b99a30;global markets view usa 2026 08 11;Mike Dolan;https://www.reuters.com/commentary/reuters-open-interest/global-markets-view-usa-2026-08-11/;https://www.reuters.com/commentary/reuters-open-interest/global-markets-view-usa-2026-08-11/;False;2026-08-11T12:43:19.502000+02:00;https://www.reuters.com;2026-08-26T12:04:15.383877+02:00
356;ee07990b-6fd5-5afe-93d9-35f06c82c139;heatwave expected limit 15 frances nuclear fleet friday 2026 08 13;;https://www.reuters.com/business/energy/heatwave-expected-limit-15-frances-nuclear-fleet-friday-2026-08-13/;https://www.reuters.com/business/energy/heatwave-expected-limit-15-frances-nuclear-fleet-friday-2026-08-13/;False;2026-08-14T02:34:07.912000+02:00;https://www.reuters.com;2026-08-23T18:06:15.553270+02:00
357;eeabf8d5-1e6e-5f12-b851-42326a97a92e;equinor aker make gas find balder field 2026 08 24;;https://www.reuters.com/business/energy/equinor-aker-make-gas-find-balder-field-2026-08-24/;https://www.reuters.com/business/energy/equinor-aker-make-gas-find-balder-field-2026-08-24/;False;2026-08-24T08:59:47.981000+02:00;https://www.reuters.com;2026-08-24T09:37:35.653887+02:00
358;f0a807e0-15df-5896-9905-2a318f97ca5a;us gas exporters ask push back eu methane regulation until 2028 2026 05 19;;https://www.reuters.com/business/energy/us-gas-exporters-ask-push-back-eu-methane-regulation-until-2028-2026-05-19/;https://www.reuters.com/business/energy/us-gas-exporters-ask-push-back-eu-methane-regulation-until-2028-2026-05-19/;False;2026-05-21T18:47:43.043000+02:00;https://www.reuters.com;2026-08-26T17:53:36.192754+02:00
359;f381a539-5d1b-5cf9-af1a-d6d633c26d43;what caused iberian power outage what happens next 2025 06 18;;https://www.reuters.com/business/energy/what-caused-iberian-power-outage-what-happens-next-2025-06-18/;https://www.reuters.com/business/energy/what-caused-iberian-power-outage-what-happens-next-2025-06-18/;False;2025-06-18T16:35:15+02:00;https://www.reuters.com;2026-08-26T12:08:34.599748+02:00
360;f4901fce-32b2-52b5-9fbe-72e2a262260d;us saudis attack iran backed groups iraq threatening intensify conflict 2026 07 29;;https://www.reuters.com/world/asia-pacific/us-saudis-attack-iran-backed-groups-iraq-threatening-intensify-conflict-2026-07-29/;https://www.reuters.com/world/asia-pacific/us-saudis-attack-iran-backed-groups-iraq-threatening-intensify-conflict-2026-07-29/;False;2026-07-30T07:10:18.426000+02:00;https://www.reuters.com;2026-08-26T17:51:52.236224+02:00
361;f7c71cd6-1811-5331-ab4b-9addb546a71d;wildfire response must evolve keep pace with climate change eu says 2026 07 29;;https://www.reuters.com/business/environment/wildfire-response-must-evolve-keep-pace-with-climate-change-eu-says-2026-07-29/;https://www.reuters.com/business/environment/wildfire-response-must-evolve-keep-pace-with-climate-change-eu-says-2026-07-29/;False;2026-07-29T07:31:02.531000+02:00;https://www.reuters.com;2026-08-26T12:06:43.488211+02:00
362;f88cc933-9ec4-5e60-9ac1-c8792ff131c2;amazon oil find gives brazils lula reelection campaign boost returns are far 2026 08 21;;https://www.reuters.com/business/energy/amazon-oil-find-gives-brazils-lula-reelection-campaign-boost-returns-are-far-2026-08-21/;https://www.reuters.com/business/energy/amazon-oil-find-gives-brazils-lula-reelection-campaign-boost-returns-are-far-2026-08-21/;False;2026-08-21T11:01:43.613000+02:00;https://www.reuters.com;2026-08-23T18:15:59.856179+02:00
363;f8ed7af1-550c-5db6-a898-26d8a0b6ccc3;uk cuts subsidies biomass power producer drax 2025 02 10;;https://www.reuters.com/sustainability/climate-energy/uk-cuts-subsidies-biomass-power-producer-drax-2025-02-10/;https://www.reuters.com/sustainability/climate-energy/uk-cuts-subsidies-biomass-power-producer-drax-2025-02-10/;False;2025-02-10T12:02:22+01:00;https://www.reuters.com;2026-08-26T12:09:46.410812+02:00
364;f91ed46b-af06-5b63-ac5c-d2b763a1d904;putin says ukraine opened pandoras box with strikes economic targets 2026 08 22;;https://www.reuters.com/world/europe/putin-says-ukraine-opened-pandoras-box-with-strikes-economic-targets-2026-08-22/;https://www.reuters.com/world/europe/putin-says-ukraine-opened-pandoras-box-with-strikes-economic-targets-2026-08-22/;False;2026-08-23T14:08:42.941000+02:00;https://www.reuters.com;2026-08-23T18:17:16.609498+02:00
365;f9884a7d-7489-5e00-a3e2-72cf6b703149;zelenskiy says russia is not ready ceasefire grain ships 2026 08 24;;https://www.reuters.com/business/aerospace-defense/zelenskiy-says-russia-is-not-ready-ceasefire-grain-ships-2026-08-24/;https://www.reuters.com/business/aerospace-defense/zelenskiy-says-russia-is-not-ready-ceasefire-grain-ships-2026-08-24/;False;2026-08-24T11:51:31.011000+02:00;https://www.reuters.com;2026-08-24T12:22:59.776341+02:00
366;fb4aa52e-d7eb-5364-892d-27c3640ff467;global markets view usa 2026 08 06;Mike Dolan;https://www.reuters.com/commentary/reuters-open-interest/global-markets-view-usa-2026-08-06/;https://www.reuters.com/commentary/reuters-open-interest/global-markets-view-usa-2026-08-06/;False;2026-08-06T12:42:11.135000+02:00;https://www.reuters.com;2026-08-26T12:04:35.758677+02:00
367;fcb23ffc-9b1a-53e2-a1b0-a4c0a6fc62b2;climate change is driving record heat europes seas scientists say 2026 08 18;;https://www.reuters.com/sustainability/cop/climate-change-is-driving-record-heat-europes-seas-scientists-say-2026-08-18/;https://www.reuters.com/sustainability/cop/climate-change-is-driving-record-heat-europes-seas-scientists-say-2026-08-18/;False;2026-08-19T14:25:44.271000+02:00;https://www.reuters.com;2026-08-26T12:05:16.874835+02:00
368;fec70849-a7b1-5029-9dfd-b4629f095d5b;norways push pump more oil 2026 08 25;;https://www.reuters.com/sustainability/norways-push-pump-more-oil-2026-08-25/;https://www.reuters.com/sustainability/norways-push-pump-more-oil-2026-08-25/;False;2026-08-25T15:00:00.436000+02:00;https://www.reuters.com;2026-08-25T16:09:15.822550+02:00
369;fef6ad44-46fa-53b3-8bcc-152dfaa394de;car rams into pedestrians france kills 1 injures 10 2026 08 27;;https://www.reuters.com/world/car-rams-into-pedestrians-france-kills-1-injures-10-2026-08-27/;https://www.reuters.com/world/car-rams-into-pedestrians-france-kills-1-injures-10-2026-08-27/;False;2026-08-27T07:46:44.273000+02:00;https://www.reuters.com;2026-08-27T10:23:03.162150+02:00
370;fefa4629-4743-5c5f-a3b5-18924d298acc;edf awaiting clarity before launching partial edison sale 2026 07 31;;https://www.reuters.com/business/energy/edf-awaiting-clarity-before-launching-partial-edison-sale-2026-07-31/;https://www.reuters.com/business/energy/edf-awaiting-clarity-before-launching-partial-edison-sale-2026-07-31/;False;2026-07-31T12:10:26.055000+02:00;https://www.reuters.com;2026-08-23T18:06:51.445381+02:00
