;uuid;title;author;url;posted_url;is_linking_to_external_website;timestamp;source;crawled_at
0;000b6185-0cf2-5977-8158-8fe7e09cbcb6;Trump claims US could rename Lake Ontario as Lake America amid Canada trade war – live;;https://www.theguardian.com/us-news/live/2026/aug/25/donald-trump-tariffs-canada-midterms-primary-south-carolina-iran-ukraine-voting-rights-latest-news-updates;https://www.theguardian.com/us-news/live/2026/aug/25/donald-trump-tariffs-canada-midterms-primary-south-carolina-iran-ukraine-voting-rights-latest-news-updates;False;2026-08-25T15:50:00+02:00;https://www.theguardian.com;2026-08-25T16:10:59.990433+02:00
1;00336fd4-e93a-5291-971d-495c387d00bb;Burnham announces plan for 10,000 work experience placements for young people – UK politics live;;https://www.theguardian.com/politics/live/2026/aug/26/andy-burnham-labour-neets-youth-unemployment-work-placements-ofgem-energy-bills-reform-jenrick-latest-news-updates;https://www.theguardian.com/politics/live/2026/aug/26/andy-burnham-labour-neets-youth-unemployment-work-placements-ofgem-energy-bills-reform-jenrick-latest-news-updates;False;2026-08-26T10:50:00+02:00;https://www.theguardian.com;2026-08-26T10:55:55.222950+02:00
2;00493fe9-5365-5625-9719-2b52fdce1f02;ICE arrests mother and daughter at Florida hospital after car crash;;https://www.theguardian.com/us-news/2026/aug/25/florida-ice-arrests-mother-daughter-after-car-crash;https://www.theguardian.com/us-news/2026/aug/25/florida-ice-arrests-mother-daughter-after-car-crash;False;2026-08-26T00:42:00+02:00;https://www.theguardian.com;2026-08-26T12:10:21.495387+02:00
3;004a3c7e-c7c0-54b9-8dea-3441e3d5e885;"Is this the end of Harry and Meghan’s American dream?
Michael Savage Media editor";;https://www.theguardian.com/news/ng-interactive/2026/aug/22/prince-harry-meghan-american-dream;https://www.theguardian.com/news/ng-interactive/2026/aug/22/prince-harry-meghan-american-dream;False;2026-08-22T07:00:00+02:00;https://www.theguardian.com;2026-08-22T19:12:20.889169+02:00
4;007de34d-ba9b-525f-9053-4549aca9aa0e;Trump warns of return to ‘strong military action’ if Iran diplomacy fails;;https://www.theguardian.com/world/2026/jul/27/trump-warns-return-strong-military-action-iran-diplomacy-fails;https://www.theguardian.com/world/2026/jul/27/trump-warns-return-strong-military-action-iran-diplomacy-fails;False;2026-07-28T00:14:00+02:00;https://www.theguardian.com;2026-08-23T22:08:44.168199+02:00
5;00849749-157c-5501-b78c-3e0767cf082f;‘An enchanting oasis’: Venetian island with Napoleonic fort up for sale;;https://www.theguardian.com/world/2026/aug/25/crevan-island-venice-napoleonic-fort;https://www.theguardian.com/world/2026/aug/25/crevan-island-venice-napoleonic-fort;False;2026-08-25T15:21:00+02:00;https://www.theguardian.com;2026-08-25T16:10:55.936083+02:00
6;01207c67-8bec-592b-827d-37880069af0a;Former world snooker champion Graeme Dott found guilty of sexually abusing children;;https://www.theguardian.com/sport/2026/aug/24/former-world-snooker-champion-graeme-dott-found-guilty-of-sexually-abusing-children;https://www.theguardian.com/sport/2026/aug/24/former-world-snooker-champion-graeme-dott-found-guilty-of-sexually-abusing-children;False;2026-08-24T16:11:00+02:00;https://www.theguardian.com;2026-08-24T17:50:24.730086+02:00
7;01568b62-adae-5c42-9747-eb585237dc5a;Two women accuse former Fat White Family member Saul Adamczewski of physical and emotional abuse;;https://www.theguardian.com/music/2026/aug/26/two-women-accuse-former-fat-white-family-member-saul-adamczweski-physical-emotional-abuse;https://www.theguardian.com/music/2026/aug/26/two-women-accuse-former-fat-white-family-member-saul-adamczweski-physical-emotional-abuse;False;2026-08-26T17:42:00+02:00;https://www.theguardian.com;2026-08-26T17:54:31.115539+02:00
8;015beca6-42ce-5109-8c6b-9d9f19a9c63d;US and Qatar report progress on Iran ceasefire and reopening Hormuz strait;;https://www.theguardian.com/world/2026/aug/04/us-qatar-progress-iran-ceasefire-hormuz-strait;https://www.theguardian.com/world/2026/aug/04/us-qatar-progress-iran-ceasefire-hormuz-strait;False;2026-08-04T19:19:00+02:00;https://www.theguardian.com;2026-08-22T20:29:43.808064+02:00
9;01876a76-81f8-5bea-96b5-2212bfcb245d;"Can Burnham justify giving the go ahead to oil drilling? Yes, but these must be the conditions
Michael Jacobs";;https://www.theguardian.com/commentisfree/2026/aug/24/andy-burnham-rosebank-carbon-capture-storage-north-sea-uk-net-zero-commitments;https://www.theguardian.com/commentisfree/2026/aug/24/andy-burnham-rosebank-carbon-capture-storage-north-sea-uk-net-zero-commitments;False;2026-08-24T11:00:00+02:00;https://www.theguardian.com;2026-08-24T12:23:51.064474+02:00
10;0287501a-72fc-5483-8dcf-ba0af3d4e21b;"Millions of US tax dollars sent to rightwing European thinktanks. Did any Trump supporters vote for that?
Arwa Mahdawi";;https://www.theguardian.com/commentisfree/2026/aug/12/us-tax-dollars-rightwing-europe-thinktanks-donald-trump-maga;https://www.theguardian.com/commentisfree/2026/aug/12/us-tax-dollars-rightwing-europe-thinktanks-donald-trump-maga;False;2026-08-12T10:00:00+02:00;https://www.theguardian.com;2026-08-22T20:30:24.011734+02:00
11;033cc143-1642-57fb-80fc-f0ba6625d594;Heathrow expansion ‘is threat to England’s largest surviving medieval barn’;;https://www.theguardian.com/environment/2026/aug/23/heathrow-expansion-is-threat-to-englands-largest-surviving-medieval-barn;https://www.theguardian.com/environment/2026/aug/23/heathrow-expansion-is-threat-to-englands-largest-surviving-medieval-barn;False;2026-08-23T02:00:00+02:00;https://www.theguardian.com;2026-08-23T10:34:34.161983+02:00
12;03934520-c515-5349-830d-a07191f4bd0d;Muchová and Menšík win $1m US Open mixed doubles title in late-night thriller;;https://www.theguardian.com/sport/2026/aug/27/muchova-mensik-us-open-mixed-doubles-title-bencic-cobolli;https://www.theguardian.com/sport/2026/aug/27/muchova-mensik-us-open-mixed-doubles-title-bencic-cobolli;False;2026-08-27T06:15:00+02:00;https://www.theguardian.com;2026-08-27T10:24:53.485254+02:00
13;03981cf6-7297-521a-8d9c-eebd2939258c;" This article is more than 4 months old
Analysis
Weather tracker: Thunderstorms drench UAE and Saudi Arabia
This article is more than 4 months old
James Michelin for MetDesk";;https://www.theguardian.com/environment/2026/mar/30/weather-tracker-thunderstorms-uae-united-arab-emirates-saudi-arabia;https://www.theguardian.com/environment/2026/mar/30/weather-tracker-thunderstorms-uae-united-arab-emirates-saudi-arabia;False;2026-03-30T11:31:00+02:00;https://www.theguardian.com;2026-08-22T20:30:55.835012+02:00
14;04df5100-8ad0-5813-ab51-825202596d9e;Netanyahu rejects Trump’s Gaza plan and vows no withdrawal until Hamas disarms – as it happened;;https://www.theguardian.com/world/live/2026/aug/09/iran-us-irgc-strait-of-hormuz-israel-netanyahu-trump-gaza-plan-latest-news-updates;https://www.theguardian.com/world/live/2026/aug/09/iran-us-irgc-strait-of-hormuz-israel-netanyahu-trump-gaza-plan-latest-news-updates;False;2026-08-09T21:54:00+02:00;https://www.theguardian.com;2026-08-23T22:04:31.571658+02:00
15;050949f4-0907-521a-9a77-18fd439183e6;Trump backs down on Iran strikes in expectation of ‘rapidly’ reaching a deal;;https://www.theguardian.com/world/2026/aug/02/trump-climbs-down-on-iran-strikes-after-saudi-alarm-and-threats-from-tehran;https://www.theguardian.com/world/2026/aug/02/trump-climbs-down-on-iran-strikes-after-saudi-alarm-and-threats-from-tehran;False;2026-08-02T22:16:00+02:00;https://www.theguardian.com;2026-08-22T20:29:45.550107+02:00
16;05496633-96a3-5137-a263-8eb22f55867b;UK to warn citizens to stock up on food amid threat from climate crisis and hostile states;;https://www.theguardian.com/politics/2026/aug/25/uk-to-warn-citizens-to-stock-up-on-food-amid-threat-from-climate-crisis-and-hostile-states;https://www.theguardian.com/politics/2026/aug/25/uk-to-warn-citizens-to-stock-up-on-food-amid-threat-from-climate-crisis-and-hostile-states;False;2026-08-25T18:55:00+02:00;https://www.theguardian.com;2026-08-25T19:43:38.145720+02:00
17;05754ba6-d304-53b1-85dc-962110397264;Sydney Marathon admits ‘unfortunate error’ as finisher’s medal depicts Munich stadium as race highlight;;https://www.theguardian.com/australia-news/2026/aug/23/sydney-marathon-medal-allianz-stadium-munich-germany-unfortunate-error;https://www.theguardian.com/australia-news/2026/aug/23/sydney-marathon-medal-allianz-stadium-munich-germany-unfortunate-error;False;2026-08-23T04:14:00+02:00;https://www.theguardian.com;2026-08-23T10:34:22.335454+02:00
18;05a0a541-3027-5973-82a6-762890618399;New Fed chair faces critical test at Jackson Hole as inflation fears mount;;https://www.theguardian.com/business/2026/aug/24/fed-chair-kevin-warsh-faces-critical-test-jackson-hole-inflation-fears-mount;https://www.theguardian.com/business/2026/aug/24/fed-chair-kevin-warsh-faces-critical-test-jackson-hole-inflation-fears-mount;False;2026-08-24T07:00:00+02:00;https://www.theguardian.com;2026-08-24T09:38:55.554872+02:00
19;06adaf39-649f-5566-a670-589a353a7b9b;Two Dan Sullivans to appear on Alaska’s US Senate ballot in November’s midterm elections;;https://www.theguardian.com/us-news/2026/aug/26/alaska-dan-sullivan-senate;https://www.theguardian.com/us-news/2026/aug/26/alaska-dan-sullivan-senate;False;2026-08-26T06:48:00+02:00;https://www.theguardian.com;2026-08-26T10:55:59.360973+02:00
20;0741bcb5-4677-5c96-b8ed-1878d03d439c;US kindergarten vaccination rates dip as exemptions hit record high;;https://www.theguardian.com/society/2026/aug/22/kindergarten-mmr-vaccination-rates-dip;https://www.theguardian.com/society/2026/aug/22/kindergarten-mmr-vaccination-rates-dip;False;2026-08-22T13:00:00+02:00;https://www.theguardian.com;2026-08-22T16:51:49.719795+02:00
21;080f4aeb-805c-59b6-865e-c97cb4a4c6c5;Yorkshireman believed to be first Briton to die fighting for Russia against Ukraine;;https://www.theguardian.com/uk-news/2026/aug/25/yorkshireman-briton-die-fighting-russia-ukraine;https://www.theguardian.com/uk-news/2026/aug/25/yorkshireman-briton-die-fighting-russia-ukraine;False;2026-08-25T11:51:00+02:00;https://www.theguardian.com;2026-08-25T16:10:56.422986+02:00
22;082af085-0982-507b-a41c-7fdc55dc2669;The flat-pack skyscraper: how wood can shape the cities of the future;;https://www.theguardian.com/news/ng-interactive/2026/aug/27/the-flat-pack-skyscraper-how-wood-can-shape-the-cities-of-the-future;https://www.theguardian.com/news/ng-interactive/2026/aug/27/the-flat-pack-skyscraper-how-wood-can-shape-the-cities-of-the-future;False;2026-08-27T06:00:00+02:00;https://www.theguardian.com;2026-08-27T10:24:57.529735+02:00
23;083e1794-8300-56a1-a40a-ca212f6293df;;;https://www.theguardian.com/global-development/2025/jul/22/food-aid-gaza-deaths-visual-story-ghf-israel;https://www.theguardian.com/global-development/2025/jul/22/food-aid-gaza-deaths-visual-story-ghf-israel;False;2025-07-22T12:47:00+02:00;https://www.theguardian.com;2026-08-22T16:54:26.143037+02:00
24;08a39d15-ae2d-536e-ae00-bba794b161ff;" This article is more than 1 month old
Some question why young women should climb mountains but hiking gives me freedom
This article is more than 1 month old
Mohsina Gufran";;https://www.theguardian.com/global-development/2026/jul/01/young-women-kashmir-mountains-hiking-hijab-girls-kargil;https://www.theguardian.com/global-development/2026/jul/01/young-women-kashmir-mountains-hiking-hijab-girls-kargil;False;2026-07-01T06:00:00+02:00;https://www.theguardian.com;2026-08-22T16:54:10.472942+02:00
25;08d8b1f3-9c02-5c80-ae54-c8ecf1daed7a;Albanese vows refugee intake won’t be slashed after earlier reports of Coalition-level cut;;https://www.theguardian.com/australia-news/2026/aug/27/australia-refugees-slashed-labor-migration-pressure-one-nation;https://www.theguardian.com/australia-news/2026/aug/27/australia-refugees-slashed-labor-migration-pressure-one-nation;False;2026-08-27T10:06:00+02:00;https://www.theguardian.com;2026-08-27T10:24:40.923371+02:00
26;08e02fad-c5bc-5a65-a0a7-b2a115c979e5;Iraq’s impossible predicament: why the country is trapped between Iran and the US – podcast;;https://www.theguardian.com/news/audio/2026/aug/17/iraqs-impossible-predicament-why-the-country-is-trapped-between-iran-and-the-us-podcast;https://www.theguardian.com/news/audio/2026/aug/17/iraqs-impossible-predicament-why-the-country-is-trapped-between-iran-and-the-us-podcast;False;2026-08-17T06:00:00+02:00;https://www.theguardian.com;2026-08-23T22:08:48.198500+02:00
27;08e76845-fd69-5e6e-bf27-ac52680ca9dc;" This article is more than 1 month old
Oil price rises above $95 mark as Middle East conflict escalates
This article is more than 1 month old";;https://www.theguardian.com/world/2026/jul/22/oil-price-increases-middle-east-conflict-escalates-us-iran;https://www.theguardian.com/world/2026/jul/22/oil-price-increases-middle-east-conflict-escalates-us-iran;False;2026-07-22T15:37:00+02:00;https://www.theguardian.com;2026-08-22T20:29:49.502163+02:00
28;091b08a8-06b3-5ddf-aaaa-bf482fe47082;First ever Fat Marmot Week to kick off in effort to raise money for research;;https://www.theguardian.com/environment/2026/aug/21/fat-marmot-week-research-funding;https://www.theguardian.com/environment/2026/aug/21/fat-marmot-week-research-funding;False;2026-08-21T16:17:00+02:00;https://www.theguardian.com;2026-08-22T16:40:41.347368+02:00
29;095c97f4-a6ec-5fb6-ad7a-36d73a384bc3;Angel Reese breaks two WNBA rebounding records in one night during Dream win;;https://www.theguardian.com/sport/2026/aug/25/angel-reese-breaks-two-wnba-rebounding-records-in-one-night-during-dream-win;https://www.theguardian.com/sport/2026/aug/25/angel-reese-breaks-two-wnba-rebounding-records-in-one-night-during-dream-win;False;2026-08-25T14:00:00+02:00;https://www.theguardian.com;2026-08-25T16:11:09.320480+02:00
30;09a87325-a0ae-5098-aafe-cf11170faa6c;" This article is more than 4 months old
Analysis
Weather tracker: Warm March in US leaves snowpack critically low
This article is more than 4 months old
Oliver Lewis for MetDesk";;https://www.theguardian.com/environment/2026/apr/06/weather-tracker-warm-march-in-us-leaves-snowpack-critically-low;https://www.theguardian.com/environment/2026/apr/06/weather-tracker-warm-march-in-us-leaves-snowpack-critically-low;False;2026-04-06T11:58:00+02:00;https://www.theguardian.com;2026-08-22T20:30:55.062789+02:00
31;09ba399c-9125-53ae-8840-f2b4a5cad791;" This article is more than 1 month old
RBA now twice as likely to hike interest rates as US-Iran war drives fuel prices higher
This article is more than 1 month old";;https://www.theguardian.com/australia-news/2026/jul/22/rba-interest-rate-rise-likely-us-iran-war-markets-forecast;https://www.theguardian.com/australia-news/2026/jul/22/rba-interest-rate-rise-likely-us-iran-war-markets-forecast;False;2026-07-21T17:00:00+02:00;https://www.theguardian.com;2026-08-22T20:29:52.397971+02:00
32;09d1c1bf-df1a-509d-921d-323210361c30;After Hormuz, China looks to the promise – and peril – of the Arctic’s ‘ice silk road’;;https://www.theguardian.com/world/2026/aug/17/strait-hormuz-alternative-china-ships-north-sea-route-arctic-ice-silk-road;https://www.theguardian.com/world/2026/aug/17/strait-hormuz-alternative-china-ships-north-sea-route-arctic-ice-silk-road;False;2026-08-17T02:09:00+02:00;https://www.theguardian.com;2026-08-23T22:08:40.224147+02:00
33;0a09616b-9844-5a57-9d29-ebb542b96113;" This article is more than 6 months old
Analysis
Weather tracker: cyclones hit Australia and Madagascar and -40C cold snap in northern Europe
This article is more than 6 months old
Brendan Wood and Claire Jones for MetDesk";;https://www.theguardian.com/environment/2026/feb/13/weather-tracker-tropical-cyclone-mitchell-hits-western-australia;https://www.theguardian.com/environment/2026/feb/13/weather-tracker-tropical-cyclone-mitchell-hits-western-australia;False;2026-02-13T12:41:00+01:00;https://www.theguardian.com;2026-08-22T20:31:02.115213+02:00
34;0a0e25a7-87c3-55c4-8da3-d322ce057866;Israel’s Ben-Gvir posts video of gallows site for hanging Palestinians;;https://www.theguardian.com/world/2026/aug/20/israel-ben-gvir-video-gallows-site-hanging-palestinians;https://www.theguardian.com/world/2026/aug/20/israel-ben-gvir-video-gallows-site-hanging-palestinians;False;2026-08-20T14:34:00+02:00;https://www.theguardian.com;2026-08-22T16:51:42.973148+02:00
35;0a5a3b6e-603e-5ba4-997c-29f850948b43;" This article is more than 4 months old
Analysis
Weather tracker: temperatures in Spain and Brazil well above late April norm
This article is more than 4 months old
Faye Hulton and Oliver Lewis for MetDesk";;https://www.theguardian.com/environment/2026/apr/20/weather-tracker-high-temperatures-spain-brazil;https://www.theguardian.com/environment/2026/apr/20/weather-tracker-high-temperatures-spain-brazil;False;2026-04-20T11:20:00+02:00;https://www.theguardian.com;2026-08-22T20:30:53.353458+02:00
36;0bd234a7-5010-5a1f-82f5-fabac4bc2383;Trump threatens to declare strait of Hormuz ‘territory of the United States’;;https://www.theguardian.com/us-news/2026/aug/14/trump-threat-strait-hormuz-us-territory;https://www.theguardian.com/us-news/2026/aug/14/trump-threat-strait-hormuz-us-territory;False;2026-08-14T23:38:00+02:00;https://www.theguardian.com;2026-08-23T22:08:40.585056+02:00
37;0c0ef4f9-d189-5d43-85ce-baa3c3d40dd6;Leading economies’ borrowing costs hit highest since 2008 crisis;;https://www.theguardian.com/business/2026/aug/17/government-borrowing-costs-highs-inflation-france-germany-us-japan-uk-bond-yields;https://www.theguardian.com/business/2026/aug/17/government-borrowing-costs-highs-inflation-france-germany-us-japan-uk-bond-yields;False;2026-08-17T17:13:00+02:00;https://www.theguardian.com;2026-08-23T22:09:01.577759+02:00
38;0ca1e4fd-febe-525a-b404-21fa84be43de;Flight attendant’s breast cancer was occupational disease, court rules;;https://www.theguardian.com/society/2026/aug/26/flight-attendant-breast-cancer-occupational-disease;https://www.theguardian.com/society/2026/aug/26/flight-attendant-breast-cancer-occupational-disease;False;2026-08-26T16:36:00+02:00;https://www.theguardian.com;2026-08-26T16:56:56.574848+02:00
39;0ce6ed9a-708c-5b0f-bd52-4e9d8cbbc2f8;" This article is more than 1 month old
Oil prices leap and stocks fall as Trump reinstates Hormuz blockade on Iranian shipping
This article is more than 1 month old";;https://www.theguardian.com/business/2026/jul/13/oil-prices-leap-stocks-fall-us-iran-strait-of-hormuz-brent-crude-markets;https://www.theguardian.com/business/2026/jul/13/oil-prices-leap-stocks-fall-us-iran-strait-of-hormuz-brent-crude-markets;False;2026-07-13T18:36:00+02:00;https://www.theguardian.com;2026-08-22T20:30:04.660168+02:00
40;0d1d146c-446b-514f-bfa6-656cde1290d1;Third drone and suspected military explosives found near Leipzig airport;;https://www.theguardian.com/world/2026/aug/25/germany-drone-suspected-military-explosives-found-near-leipzig-airport;https://www.theguardian.com/world/2026/aug/25/germany-drone-suspected-military-explosives-found-near-leipzig-airport;False;2026-08-25T14:37:00+02:00;https://www.theguardian.com;2026-08-25T16:10:50.046791+02:00
41;0d7732f8-f24b-59e3-b98d-3cd1534cfdbc;‘This is hell’: British widow ‘sick’ with worry after losing Brexit deportation appeal;;https://www.theguardian.com/world/2026/aug/14/british-widow-joyce-thomas-sweden-deported-brexit-policy;https://www.theguardian.com/world/2026/aug/14/british-widow-joyce-thomas-sweden-deported-brexit-policy;False;2026-08-14T09:00:00+02:00;https://www.theguardian.com;2026-08-22T16:53:39.835704+02:00
42;0e467c79-6506-5087-8f9d-0ae9f9f32ffd;"Andy Burnham could easily ignore the UK’s falling aid commitment. He would be wise not to
Halima Begum";;https://www.theguardian.com/global-development/2026/jul/23/andy-burnham-could-easily-ignore-the-uks-falling-aid-commitment-he-would-be-wise-not-to;https://www.theguardian.com/global-development/2026/jul/23/andy-burnham-could-easily-ignore-the-uks-falling-aid-commitment-he-would-be-wise-not-to;False;2026-07-23T06:00:00+02:00;https://www.theguardian.com;2026-08-22T16:54:09.955996+02:00
43;0e695b37-76c9-54a8-9d8f-e4deef651cfd;"Analysis
Weather tracker: Austria breaks heat records as Japan braces for Typhoon Dolphin
Ed Walton for MetDesk";;https://www.theguardian.com/environment/2026/aug/03/weather-tracker-austria-heat-europe-japan-typhoon-dolphin;https://www.theguardian.com/environment/2026/aug/03/weather-tracker-austria-heat-europe-japan-typhoon-dolphin;False;2026-08-03T10:16:00+02:00;https://www.theguardian.com;2026-08-22T18:13:22.067502+02:00
44;0ecb4597-b765-5588-b1fa-61a58657db84;Drone carrying explosives at German airport marks ‘new level of danger’, says interior minister;;https://www.theguardian.com/world/2026/aug/05/drone-german-airport-dhl-cargo-plane-collides-object-leipzig;https://www.theguardian.com/world/2026/aug/05/drone-german-airport-dhl-cargo-plane-collides-object-leipzig;False;2026-08-05T22:56:00+02:00;https://www.theguardian.com;2026-08-22T16:54:37.045556+02:00
45;0f13fb7e-a90c-5f8e-a8e8-37321a40ec7f;At least 14 newborn babies die in fire at Pakistan hospital’s maternity ward;;https://www.theguardian.com/world/2026/aug/26/newborn-babies-die-fire-pakistan-hospital-maternity-ward;https://www.theguardian.com/world/2026/aug/26/newborn-babies-die-fire-pakistan-hospital-maternity-ward;False;2026-08-26T09:05:00+02:00;https://www.theguardian.com;2026-08-26T10:55:54.667356+02:00
46;0f4a2e55-0f8f-54cb-9145-22ac461bfb7e;Natalie Harp reportedly posted 150 pro-Trump tweets on day of Capitol riot;;https://www.theguardian.com/us-news/2026/aug/23/natalie-harp-january-6-trump-capitol-tweets;https://www.theguardian.com/us-news/2026/aug/23/natalie-harp-january-6-trump-capitol-tweets;False;2026-08-23T18:47:00+02:00;https://www.theguardian.com;2026-08-23T22:09:11.481505+02:00
47;0f73ccc2-dca9-5fe8-a1e1-2db57350a6e2;Halting the march of the African armyworm: a natural cure offers hope to farmers;;https://www.theguardian.com/global-development/2026/aug/12/african-armyworm-crop-pest-discovery-fungus-science-hope-farmers;https://www.theguardian.com/global-development/2026/aug/12/african-armyworm-crop-pest-discovery-fungus-science-hope-farmers;False;2026-08-12T13:00:00+02:00;https://www.theguardian.com;2026-08-22T16:53:58.703612+02:00
48;0fcc3de3-ca10-5f39-b350-be42771ef53c;About 90,000 urged to evacuate as fast-moving wildfire threatens Reno, Nevada;;https://www.theguardian.com/us-news/2026/aug/24/hawk-fire-reno-nevada-injuries-evacuations;https://www.theguardian.com/us-news/2026/aug/24/hawk-fire-reno-nevada-injuries-evacuations;False;2026-08-24T16:15:00+02:00;https://www.theguardian.com;2026-08-24T17:50:27.415695+02:00
49;105ea137-451b-5814-a206-70077b30608d;Burnham backtracks on spending housing fund only on building social homes;;https://www.theguardian.com/society/2026/aug/24/andy-burnham-social-homes-backtrack;https://www.theguardian.com/society/2026/aug/24/andy-burnham-social-homes-backtrack;False;2026-08-24T23:30:00+02:00;https://www.theguardian.com;2026-08-25T09:50:23.220157+02:00
50;11a2e318-5e0e-58ce-a5e8-beaedd10b04d;Sky Sports agrees US Open contract extension after boost in female audience figures;;https://www.theguardian.com/sport/2026/aug/26/sky-sports-us-open-tennis-contract-extension-boost-female-audience-figures;https://www.theguardian.com/sport/2026/aug/26/sky-sports-us-open-tennis-contract-extension-boost-female-audience-figures;False;2026-08-26T11:22:00+02:00;https://www.theguardian.com;2026-08-26T11:31:26.252062+02:00
51;11ffa7d6-e83f-552f-b351-723509bcdc24;Free speech group calls foul play at prosecutors using Comey novel in case against him;;https://www.theguardian.com/us-news/2026/aug/22/james-comey-novel-trump-pen-america;https://www.theguardian.com/us-news/2026/aug/22/james-comey-novel-trump-pen-america;False;2026-08-22T18:32:00+02:00;https://www.theguardian.com;2026-08-22T19:12:23.414652+02:00
52;1251f882-b94e-551d-8522-497eefa7564f;Five more arrested over crash that killed seven people including two police officers;;https://www.theguardian.com/uk-news/2026/aug/25/more-people-arrested-over-a66-crash;https://www.theguardian.com/uk-news/2026/aug/25/more-people-arrested-over-a66-crash;False;2026-08-25T15:20:00+02:00;https://www.theguardian.com;2026-08-25T16:10:58.614618+02:00
53;1259243e-0a81-5d51-b189-86a21bda212a;South African police arrest two Thai men for allegedly smuggling parrot eggs;;https://www.theguardian.com/world/2026/aug/26/south-african-police-arrest-two-thai-men-smuggling-parrot-eggs;https://www.theguardian.com/world/2026/aug/26/south-african-police-arrest-two-thai-men-smuggling-parrot-eggs;False;2026-08-26T17:09:00+02:00;https://www.theguardian.com;2026-08-26T17:26:58.158957+02:00
54;12daf7a8-045b-5c9f-bfe1-1cd458f0bc2b;Alfalfa sprouts linked to food-poisoning outbreak in 15 states, US officials say;;https://www.theguardian.com/us-news/2026/aug/24/food-poisoning-alfalfa-sprouts;https://www.theguardian.com/us-news/2026/aug/24/food-poisoning-alfalfa-sprouts;False;2026-08-24T20:58:00+02:00;https://www.theguardian.com;2026-08-25T09:50:28.976571+02:00
55;;;;;;;;;
56;130b64e3-d62f-5368-acae-3281331bae76;US airfares expected to stay high even if Iran ceasefire drops oil prices, experts say;;https://www.theguardian.com/business/2026/aug/07/flight-travel-costs-iran-war;https://www.theguardian.com/business/2026/aug/07/flight-travel-costs-iran-war;False;2026-08-07T15:00:00+02:00;https://www.theguardian.com;2026-08-23T22:08:50.718140+02:00
57;133b26b6-8b17-5d5f-9075-15a44e078701;" This article is more than 2 months old
Africa can end Aids on its own terms. Will the world back us to finish the job?
This article is more than 2 months old
Jean Kaseya and Amma Adomaa Twum-Amoah";;https://www.theguardian.com/global-development/2026/jun/22/africa-can-end-aids-hiv-own-terms-world-global-support;https://www.theguardian.com/global-development/2026/jun/22/africa-can-end-aids-hiv-own-terms-world-global-support;False;2026-06-22T08:00:00+02:00;https://www.theguardian.com;2026-08-23T22:09:25.561460+02:00
58;13ab0f94-49fa-5336-959b-a19b9812ef4e;" This article is more than 1 month old
US launches seventh night of Iran strikes as Hormuz conflict escalates
This article is more than 1 month old";;https://www.theguardian.com/world/2026/jul/17/us-launches-seventh-night-of-iran-strikes-as-hormuz-conflict-escalates;https://www.theguardian.com/world/2026/jul/17/us-launches-seventh-night-of-iran-strikes-as-hormuz-conflict-escalates;False;2026-07-18T08:03:00+02:00;https://www.theguardian.com;2026-08-22T20:29:55.555553+02:00
59;13f5c9eb-5dd4-55f4-90ef-8e192b3d17dc;Kyle Kirkwood wins Freedom 250 IndyCar race after Trump waves the green flag;;https://www.theguardian.com/sport/2026/aug/23/kyle-kirkwood-freedom-250-indycar-trump;https://www.theguardian.com/sport/2026/aug/23/kyle-kirkwood-freedom-250-indycar-trump;False;2026-08-23T23:27:00+02:00;https://www.theguardian.com;2026-08-24T09:39:15.031287+02:00
60;13fb8361-84d8-58c0-8950-8c5d1ba0b834;Peruvian cardinal hails $150m lead poisoning settlement for 1,300 people as a ‘historic milestone’;;https://www.theguardian.com/global-development/2026/aug/05/peruvian-cardinal-historic-milestone-150m-lead-poisoning-settlement-1300-children;https://www.theguardian.com/global-development/2026/aug/05/peruvian-cardinal-historic-milestone-150m-lead-poisoning-settlement-1300-children;False;2026-08-05T12:40:00+02:00;https://www.theguardian.com;2026-08-23T22:09:27.059841+02:00
61;141678fe-ce51-529b-a835-0f2f17e06dac;Productivity Commission says ‘line was crossed’ when WA premier labelled them ‘east coast clowns’ over GST;;https://www.theguardian.com/australia-news/2026/aug/26/wa-gst-deal-productivity-commission-western-australia-premier-roger-cook;https://www.theguardian.com/australia-news/2026/aug/26/wa-gst-deal-productivity-commission-western-australia-premier-roger-cook;False;2026-08-26T09:38:00+02:00;https://www.theguardian.com;2026-08-26T10:55:50.101806+02:00
62;141e1f3f-59d2-59a6-bafd-2f7e8808aab5;Climate-saving wonder – or €240m vanity bauble that ages like milk? The rocks set to hit Rotterdam docks;;https://www.theguardian.com/artanddesign/2026/aug/25/rotterdam-rocks-mvrdv;https://www.theguardian.com/artanddesign/2026/aug/25/rotterdam-rocks-mvrdv;False;2026-08-25T13:37:00+02:00;https://www.theguardian.com;2026-08-25T16:11:16.665449+02:00
63;1446b7bc-a2d2-55ac-ba63-ce3451d04519;Tributes pour in after country music legend Dolly Parton dies – latest updates;;https://www.theguardian.com/us-news/live/2026/aug/25/dolly-parton-dead-age-80-live;https://www.theguardian.com/us-news/live/2026/aug/25/dolly-parton-dead-age-80-live;False;2026-08-26T10:48:00+02:00;https://www.theguardian.com;2026-08-26T10:55:57.701912+02:00
64;1561b181-dbb0-5844-98d1-59ad809b8f08;Nicola Jennings on Putin under pressure – cartoon;;https://www.theguardian.com/commentisfree/picture/2026/aug/19/nicola-jennings-putin-under-pressure-cartoon;https://www.theguardian.com/commentisfree/picture/2026/aug/19/nicola-jennings-putin-under-pressure-cartoon;False;2026-08-19T17:13:00+02:00;https://www.theguardian.com;2026-08-22T16:53:38.598336+02:00
65;15fd0eb6-1865-5dba-8376-f8c026e99c23;Pubs, bars and hotels report ‘Burnham bounce’ in optimism but call for further tax relief;;https://www.theguardian.com/business/2026/aug/26/pubs-bars-hotels-hospitality-burnham-bounce-optimism-tax-relief;https://www.theguardian.com/business/2026/aug/26/pubs-bars-hotels-hospitality-burnham-bounce-optimism-tax-relief;False;2026-08-26T16:35:00+02:00;https://www.theguardian.com;2026-08-26T16:56:58.284956+02:00
66;162cb6af-f60b-523e-98b4-1070cdadc894;Democrats demand answers from Trump on USS Abraham Lincoln conditions;;https://www.theguardian.com/us-news/2026/aug/16/democrats-trump-uss-abraham-lincoln;https://www.theguardian.com/us-news/2026/aug/16/democrats-trump-uss-abraham-lincoln;False;2026-08-16T19:08:00+02:00;https://www.theguardian.com;2026-08-22T20:30:14.717049+02:00
67;168701e6-0404-522a-9ee7-62f03fe6906a;Households in Great Britain ‘could owe energy suppliers £7bn by end of year’;;https://www.theguardian.com/business/2026/aug/24/households-in-great-britain-could-owe-energy-suppliers-7bn-by-end-of-year;https://www.theguardian.com/business/2026/aug/24/households-in-great-britain-could-owe-energy-suppliers-7bn-by-end-of-year;False;2026-08-24T17:40:00+02:00;https://www.theguardian.com;2026-08-24T17:50:24.245697+02:00
68;16875bdb-2021-5edd-bd8a-f1a27ae9479d;Illicit deeds have just gotten a new Halloween video game banned in Australia – and it’s not because of the violence;;https://www.theguardian.com/games/2026/aug/24/michael-myers-halloween-video-game-banned-in-australia-drugs;https://www.theguardian.com/games/2026/aug/24/michael-myers-halloween-video-game-banned-in-australia-drugs;False;2026-08-23T17:00:00+02:00;https://www.theguardian.com;2026-08-23T17:19:09.737439+02:00
69;17abdb5c-e89c-537e-b87a-69a8cdf5afcb;"Analysis
Trump’s war on Iran is unpopular and expensive. He’s perfectly OK with that
Adam Gabbatt";;https://www.theguardian.com/us-news/2026/jul/22/trump-iran-war-unpopular-expensive;https://www.theguardian.com/us-news/2026/jul/22/trump-iran-war-unpopular-expensive;False;2026-07-22T19:37:00+02:00;https://www.theguardian.com;2026-08-22T20:28:23.983320+02:00
70;17fc663d-e728-513a-a54e-a11797da7d8e;Founder of China’s Evergrande jailed for life after pleading guilty to fraud;;https://www.theguardian.com/business/2026/aug/20/evergrande-founder-jailed-life-fraud-hui-ka-yan;https://www.theguardian.com/business/2026/aug/20/evergrande-founder-jailed-life-fraud-hui-ka-yan;False;2026-08-20T14:03:00+02:00;https://www.theguardian.com;2026-08-23T22:09:04.726309+02:00
71;1826503c-fbdd-5fe5-aff2-d1cb6cf4c2a5;Fast-fashion giant Shein aims for $27bn valuation in Hong Kong market debut;;https://www.theguardian.com/business/2026/aug/24/fashion-giant-shein-27bn-valuation-hong-kong-market-debut;https://www.theguardian.com/business/2026/aug/24/fashion-giant-shein-27bn-valuation-hong-kong-market-debut;False;2026-08-24T06:02:00+02:00;https://www.theguardian.com;2026-08-24T09:39:03.427236+02:00
72;18df1f01-00de-5b1e-80ec-2ebb5e119bee;Trump threatens Iran’s trade partners, as military strikes make way for economic pressure;;https://www.theguardian.com/world/2026/aug/20/trump-threatens-crush-iran-economy-war-hormuz;https://www.theguardian.com/world/2026/aug/20/trump-threatens-crush-iran-economy-war-hormuz;False;2026-08-20T06:53:00+02:00;https://www.theguardian.com;2026-08-23T22:08:38.798557+02:00
73;19289edb-d3e0-5fa9-81e7-66690b279faf;33m tons of toxic seaweed clogs Caribbean beaches – video;;https://www.theguardian.com/us-news/video/2026/aug/21/33m-tons-of-toxic-seaweed-clogs-caribbean-beaches-video;https://www.theguardian.com/us-news/video/2026/aug/21/33m-tons-of-toxic-seaweed-clogs-caribbean-beaches-video;False;2026-08-21T21:27:00+02:00;https://www.theguardian.com;2026-08-22T18:13:37.759764+02:00
74;198fd0fe-d887-51c8-939c-8aada427ad09;Albanese seeks to quell datacentre disquiet as climate expert warns ‘we’ve got one shot to get the rules right’;;https://www.theguardian.com/australia-news/2026/aug/25/albanese-seeks-to-quell-datacentre-disquiet-as-climate-expert-warns-weve-got-one-shot-to-get-the-rules-right;https://www.theguardian.com/australia-news/2026/aug/25/albanese-seeks-to-quell-datacentre-disquiet-as-climate-expert-warns-weve-got-one-shot-to-get-the-rules-right;False;2026-08-24T16:01:00+02:00;https://www.theguardian.com;2026-08-24T17:50:21.265358+02:00
75;19953713-376f-549e-ac4c-d132913d4adf;A mosque in Ohio was attacked for the third time. Members doubt Trump’s FBI will call it a hate crime;;https://www.theguardian.com/us-news/2026/aug/22/ohio-mosque-attack-fbi-trump;https://www.theguardian.com/us-news/2026/aug/22/ohio-mosque-attack-fbi-trump;False;2026-08-22T14:00:00+02:00;https://www.theguardian.com;2026-08-22T16:53:42.645581+02:00
76;19d24b0b-7eb5-57e5-8869-9c0db014a00d;‘An amazing relief’: implant offers hope for those with refractory angina;;https://www.theguardian.com/society/2026/aug/24/an-amazing-relief-implant-offers-hope-for-those-with-refractory-angina;https://www.theguardian.com/society/2026/aug/24/an-amazing-relief-implant-offers-hope-for-those-with-refractory-angina;False;2026-08-24T07:00:00+02:00;https://www.theguardian.com;2026-08-24T09:39:09.000056+02:00
77;1b09aef7-0bd2-5b46-ace2-353561666241;" This article is more than 3 months old
Analysis
Weather tracker: Tornadoes and giant hail in central US
This article is more than 3 months old
Ed Walton and James Michelin for MetDesk";;https://www.theguardian.com/environment/2026/may/01/weather-tracker-tornadoes-and-giant-hail-in-central-us;https://www.theguardian.com/environment/2026/may/01/weather-tracker-tornadoes-and-giant-hail-in-central-us;False;2026-05-01T10:05:00+02:00;https://www.theguardian.com;2026-08-23T22:08:59.529725+02:00
78;1ba2b2a6-f36c-5def-ab42-a470127fde8e;Privacy policy;;https://www.theguardian.com/help/privacy-policy;https://www.theguardian.com/help/privacy-policy;False;2026-07-08T11:40:00+02:00;https://www.theguardian.com;2026-08-22T16:53:51.114507+02:00
79;1bdc781e-9f7e-5e40-9c03-f96e8e790eee;Ex-JPMorgan Chase executive shared confidential bank information with Epstein;;https://www.theguardian.com/business/2026/aug/26/jpmorgan-chase-jeffrey-epstein;https://www.theguardian.com/business/2026/aug/26/jpmorgan-chase-jeffrey-epstein;False;2026-08-27T03:25:00+02:00;https://www.theguardian.com;2026-08-27T10:24:54.905240+02:00
80;1bf0fd24-0f5d-58a7-a35c-8bebf9d905ef;Bills mourn ‘unthinkable tragedy’ after death of Ed Oliver’s two-year-old son;;https://www.theguardian.com/sport/2026/aug/22/bills-mourn-unthinkable-tragedy-after-death-of-ed-olivers-two-year-old-son;https://www.theguardian.com/sport/2026/aug/22/bills-mourn-unthinkable-tragedy-after-death-of-ed-olivers-two-year-old-son;False;2026-08-22T20:24:00+02:00;https://www.theguardian.com;2026-08-22T20:28:31.007704+02:00
81;1cc852dc-c2e0-5bd5-8fe2-699d6e71c165;" This article is more than 6 months old
Analysis
Weather tracker: Storm Leonardo continues to batter Europe and northern Africa
This article is more than 6 months old
Ishani Mistry for Met Desk";;https://www.theguardian.com/environment/2026/feb/06/weather-tracker-storm-leonardo-europe-portugal-spain-northern-africa;https://www.theguardian.com/environment/2026/feb/06/weather-tracker-storm-leonardo-europe-portugal-spain-northern-africa;False;2026-02-06T14:33:00+01:00;https://www.theguardian.com;2026-08-22T20:31:02.932216+02:00
82;1ce13080-24e7-5ce4-82f2-a88a1997ba4c;" This article is more than 1 month old
Trump withdraws Hormuz tolls threat but says US will continue to blockade Iran
This article is more than 1 month old";;https://www.theguardian.com/world/2026/jul/14/us-strikes-iran-bahrain-jordan-uae-tankers;https://www.theguardian.com/world/2026/jul/14/us-strikes-iran-bahrain-jordan-uae-tankers;False;2026-07-14T18:50:00+02:00;https://www.theguardian.com;2026-08-22T20:30:02.281441+02:00
83;1d7031b9-4976-51c9-b1d0-04ea48e8b808;Former Abercrombie CEO mentally fit for sex-trafficking trial, judge says;;https://www.theguardian.com/us-news/2026/aug/23/ex-abercrombie-ceo-mentally-fit-sex-trafficking-trial;https://www.theguardian.com/us-news/2026/aug/23/ex-abercrombie-ceo-mentally-fit-sex-trafficking-trial;False;2026-08-23T16:32:00+02:00;https://www.theguardian.com;2026-08-23T17:19:18.203372+02:00
84;1dc42fc0-a335-523f-b5d5-7c9f6afc54a6;"The Guardian view on the new Hungary: de-Orbánising at pace
Editorial";;https://www.theguardian.com/commentisfree/2026/aug/23/the-guardian-view-on-the-new-hungary-de-orbanising-at-pace;https://www.theguardian.com/commentisfree/2026/aug/23/the-guardian-view-on-the-new-hungary-de-orbanising-at-pace;False;2026-08-23T19:29:00+02:00;https://www.theguardian.com;2026-08-23T21:55:04.638024+02:00
85;1df629b2-a2b6-58de-83b5-1f65b212283e;South Korean airport becomes busiest in world for global traffic amid Iran war;;https://www.theguardian.com/world/2026/aug/13/south-korea-incheon-airport-iran-war-middle-east;https://www.theguardian.com/world/2026/aug/13/south-korea-incheon-airport-iran-war-middle-east;False;2026-08-13T11:45:00+02:00;https://www.theguardian.com;2026-08-22T20:30:19.430659+02:00
86;1e099376-917a-5d61-b90b-509d7906c35e;Saudi Arabia prepares sea and possible land offensive against Houthis;;https://www.theguardian.com/world/2026/jul/30/saudi-forces-planning-major-offensive-against-houthis-central-yemen;https://www.theguardian.com/world/2026/jul/30/saudi-forces-planning-major-offensive-against-houthis-central-yemen;False;2026-07-30T19:50:00+02:00;https://www.theguardian.com;2026-08-22T20:28:14.867841+02:00
87;1e369bd6-9cda-5a73-8d27-b82d6fc31d52;Iran war and high living costs fuelling last-minute holiday bookings, Tui says;;https://www.theguardian.com/business/2026/aug/12/iran-war-high-living-costs-fuel-last-minute-holiday-bookings-tui;https://www.theguardian.com/business/2026/aug/12/iran-war-high-living-costs-fuel-last-minute-holiday-bookings-tui;False;2026-08-12T12:45:00+02:00;https://www.theguardian.com;2026-08-22T20:30:23.208002+02:00
88;1e402d51-da7d-537a-a762-db0f694c1a54;‘Devastating’: Western Australia fears a black swan moment as bird flu threatens flagship species;;https://www.theguardian.com/australia-news/2026/aug/23/black-swan-bird-flu-western-australia;https://www.theguardian.com/australia-news/2026/aug/23/black-swan-bird-flu-western-australia;False;2026-08-22T22:00:00+02:00;https://www.theguardian.com;2026-08-23T10:34:34.947119+02:00
89;1e62dfb0-9f59-56c5-b64e-fcfdb5a6106a;" This article is more than 5 months old
Analysis
Weather tracker: At least 10 dead in Nairobi after a month’s rain falls in 24 hours
This article is more than 5 months old
Faye Hulton for MetDesk";;https://www.theguardian.com/environment/2026/mar/09/weather-tracker-deaths-in-nairobi-after-torrential-rain;https://www.theguardian.com/environment/2026/mar/09/weather-tracker-deaths-in-nairobi-after-torrential-rain;False;2026-03-09T11:33:00+01:00;https://www.theguardian.com;2026-08-22T20:30:59.126186+02:00
90;1eac68f7-3f01-5cd8-9db4-6d1c16f03ca1;Burnham urged to tackle cost of living crisis by pressuring Trump to end Iran war;;https://www.theguardian.com/business/2026/aug/07/unions-andy-burnham-uk-cost-of-living-crisis-donald-trump-iran-war;https://www.theguardian.com/business/2026/aug/07/unions-andy-burnham-uk-cost-of-living-crisis-donald-trump-iran-war;False;2026-08-07T09:00:00+02:00;https://www.theguardian.com;2026-08-22T20:30:28.275605+02:00
91;1eb8454d-6a24-50e2-9d63-ad3ae6e4e650;Swedish MP intervenes in ‘damaging’ Brexit row over elderly Britons ordered to leave;;https://www.theguardian.com/politics/2026/aug/18/swedish-mp-intervenes-brexit-row-elderly-britons-ordered-leave;https://www.theguardian.com/politics/2026/aug/18/swedish-mp-intervenes-brexit-row-elderly-britons-ordered-leave;False;2026-08-18T20:44:00+02:00;https://www.theguardian.com;2026-08-22T16:53:39.423347+02:00
92;;;;;;;;;
93;1fe607af-8b4f-5238-89a6-d6de7df138f6;"Analysis
Sacking turns former Zelenskyy loyalist into potent political opponent
Luke Harding";;https://www.theguardian.com/world/2026/aug/19/mykhailo-fedorov-zelenskyy-loyalist-opponent-ukraine;https://www.theguardian.com/world/2026/aug/19/mykhailo-fedorov-zelenskyy-loyalist-opponent-ukraine;False;2026-08-19T17:52:00+02:00;https://www.theguardian.com;2026-08-23T22:09:13.531636+02:00
94;1ff05d38-bdfe-55a7-a2c0-fb08acce163b;" This article is more than 2 months old
Analysis
Weather tracker: flash floods in New York and a heat dome in Europe
This article is more than 2 months old
Lauren Herdman (Metdesk)";;https://www.theguardian.com/environment/2026/may/25/weather-tracker-flash-floods-new-york-heat-dome-europe;https://www.theguardian.com/environment/2026/may/25/weather-tracker-flash-floods-new-york-heat-dome-europe;False;2026-05-25T10:08:00+02:00;https://www.theguardian.com;2026-08-22T20:30:49.366149+02:00
95;201056d1-ed8e-52c1-8772-c3211549d39b;China denounces US threat of sanctions over trade with Iran;;https://www.theguardian.com/world/2026/aug/25/china-us-sanctions-iran-oil;https://www.theguardian.com/world/2026/aug/25/china-us-sanctions-iran-oil;False;2026-08-25T13:43:00+02:00;https://www.theguardian.com;2026-08-25T16:10:43.617837+02:00
96;2055b612-0027-5bf6-912d-f1760af62f98;New data shows record number of arrests and deportations of immigrants in the US;;https://www.theguardian.com/us-news/2026/aug/26/record-arrests-deportations-immigrants;https://www.theguardian.com/us-news/2026/aug/26/record-arrests-deportations-immigrants;False;2026-08-26T12:00:00+02:00;https://www.theguardian.com;2026-08-26T12:10:16.605788+02:00
97;2176a7b7-a8b6-5eb9-9b90-c3d22cb8f481;Gold price hits three-month high amid fears over Iran war and Trump economy;;https://www.theguardian.com/business/2026/aug/25/gold-price-high-iran-war-donald-trump-economy-us;https://www.theguardian.com/business/2026/aug/25/gold-price-high-iran-war-donald-trump-economy-us;False;2026-08-25T10:18:00+02:00;https://www.theguardian.com;2026-08-25T16:11:13.395458+02:00
98;217f9df2-dd3a-5b3e-a38a-f7a41e68aabf;‘Escape wizard’ who has broken out of four prisons is arrested in Spain;;https://www.theguardian.com/world/2026/aug/26/escape-wizard-albanian-fugitive-toma-taulant-arrested-spain-after-breaking-out-of-four-jails;https://www.theguardian.com/world/2026/aug/26/escape-wizard-albanian-fugitive-toma-taulant-arrested-spain-after-breaking-out-of-four-jails;False;2026-08-26T18:22:00+02:00;https://www.theguardian.com;2026-08-27T10:24:45.021779+02:00
99;225ab142-78bd-5f99-b8af-7de319581a2a;US treasury doubles debt buyback to steady bond market amid inflation fears;;https://www.theguardian.com/business/2026/aug/19/us-treasury-doubles-debt-buyback-bond-market;https://www.theguardian.com/business/2026/aug/19/us-treasury-doubles-debt-buyback-bond-market;False;2026-08-19T16:57:00+02:00;https://www.theguardian.com;2026-08-23T22:08:47.403294+02:00
100;23d6491f-d526-5af4-84f4-bb2c3d77c2a3;" This article is more than 1 month old
US and Iran trade escalating strikes as supreme leader is buried after days-long funeral
This article is more than 1 month old";;https://www.theguardian.com/world/2026/jul/09/iran-trade-strikes-ceasefire-extended-donald-trump;https://www.theguardian.com/world/2026/jul/09/iran-trade-strikes-ceasefire-extended-donald-trump;False;2026-07-10T00:04:00+02:00;https://www.theguardian.com;2026-08-22T20:30:07.426769+02:00
101;242b94e6-c107-5db9-b9d9-2a3a5e2b3f5c;‘You can taste the ash’: surviving in America’s wildfire smoke capital;;https://www.theguardian.com/us-news/ng-interactive/2026/aug/26/oregon-wildfire-smoke-deaths;https://www.theguardian.com/us-news/ng-interactive/2026/aug/26/oregon-wildfire-smoke-deaths;False;2026-08-26T14:00:00+02:00;https://www.theguardian.com;2026-08-26T16:57:04.635043+02:00
102;250f1906-be27-57e6-99de-d28ef29001e1;US intelligence ‘believes Russia was behind Leipzig airport drone bomb’;;https://www.theguardian.com/world/2026/aug/10/us-intelligence-russia-leipzig-airport-drone-bomb;https://www.theguardian.com/world/2026/aug/10/us-intelligence-russia-leipzig-airport-drone-bomb;False;2026-08-10T17:55:00+02:00;https://www.theguardian.com;2026-08-23T22:09:02.721537+02:00
103;2577c56e-f4a5-58ef-b1c0-2897ad5fefb3;‘Economic D-day’: how desperate is Trump to end Iran war? — The Latest;;https://www.theguardian.com/news/audio/2026/aug/25/economic-d-day-how-desperate-trump-end-iran-war-the-latest;https://www.theguardian.com/news/audio/2026/aug/25/economic-d-day-how-desperate-trump-end-iran-war-the-latest;False;2026-08-25T17:54:00+02:00;https://www.theguardian.com;2026-08-25T18:19:08.836889+02:00
104;2581c28e-b94f-5b9b-b9dc-028782fd0993;NFL finally calls time on beleaguered Pro Bowl after years of format changes;;https://www.theguardian.com/sport/2026/aug/26/nfl-pro-bowl-games-scrapped-all-star-event;https://www.theguardian.com/sport/2026/aug/26/nfl-pro-bowl-games-scrapped-all-star-event;False;2026-08-27T01:38:00+02:00;https://www.theguardian.com;2026-08-27T10:24:54.163166+02:00
105;262977bb-bea3-5c95-ad78-f6473a7235ee;"Interview
‘I catch the signs a lot earlier now’: Amanda Anisimova on burnout and bouncing back
Simon Cambers";;https://www.theguardian.com/sport/2026/aug/26/amanda-anisimova-tennis-burnout-us-open-grand-slam;https://www.theguardian.com/sport/2026/aug/26/amanda-anisimova-tennis-burnout-us-open-grand-slam;False;2026-08-26T15:00:00+02:00;https://www.theguardian.com;2026-08-26T16:57:05.704864+02:00
106;263f1d6a-db17-5c1a-812c-31015529bba8;"Relax, everyone: Elon Musk has a mantra to make the climate crisis go away
Emma Brockes";;https://www.theguardian.com/commentisfree/2026/aug/20/elon-musk-climate-crisis-spacex-kardashev-scale-energy-production;https://www.theguardian.com/commentisfree/2026/aug/20/elon-musk-climate-crisis-spacex-kardashev-scale-energy-production;False;2026-08-20T09:00:00+02:00;https://www.theguardian.com;2026-08-22T16:41:53.168376+02:00
107;26c48eaf-3554-50b2-9591-a7d614251df2;Trump says he views strait of Hormuz as ‘American territory’;;https://www.theguardian.com/us-news/2026/aug/21/trump-strait-of-hormuz-american-territory;https://www.theguardian.com/us-news/2026/aug/21/trump-strait-of-hormuz-american-territory;False;2026-08-22T03:24:00+02:00;https://www.theguardian.com;2026-08-23T22:08:38.399542+02:00
108;27bd3f5a-8579-57fa-ac51-7ab7491a02c0;" This article is more than 1 month old
UK prioritised ties with UAE over averting mass atrocities in Sudan, MPs to be told
This article is more than 1 month old";;https://www.theguardian.com/global-development/2026/jun/23/uk-ties-uae-mass-atrocities-sudan-mps-select-committee-nathaniel-raymond;https://www.theguardian.com/global-development/2026/jun/23/uk-ties-uae-mass-atrocities-sudan-mps-select-committee-nathaniel-raymond;False;2026-06-23T15:15:00+02:00;https://www.theguardian.com;2026-08-22T16:54:07.753672+02:00
109;280094bd-2216-5a53-938a-a611ea4f97e2;‘We humans are inept at taking care of baby animals’: why well-fed orphan bears die in the wild;;https://www.theguardian.com/environment/2026/aug/18/orphan-bears-die-in-the-wild-grizzlies;https://www.theguardian.com/environment/2026/aug/18/orphan-bears-die-in-the-wild-grizzlies;False;2026-08-18T15:00:00+02:00;https://www.theguardian.com;2026-08-23T22:09:37.198359+02:00
110;2806ad82-9edb-549e-a7fd-039f2bcd9742;"Analysis
Weather tracker: Why Europe’s wildfires are proving so fierce and difficult to stop
Brendan Wood for MetDesk";;https://www.theguardian.com/environment/2026/jul/27/weather-tracker-europe-wildfires-difficult-stop-france-spain;https://www.theguardian.com/environment/2026/jul/27/weather-tracker-europe-wildfires-difficult-stop-france-spain;False;2026-07-27T09:21:00+02:00;https://www.theguardian.com;2026-08-22T18:13:22.906456+02:00
111;28187971-7e46-5987-8d36-f28e9722204d;"After 100 days of the deadliest Ebola outbreak, it can be stopped. Here’s how
Jean Kaseya and Tedros Adhanom Ghebreyesus";;https://www.theguardian.com/global-development/2026/aug/24/ebola-100-days-deadliest-outbreak-disease-communities-who;https://www.theguardian.com/global-development/2026/aug/24/ebola-100-days-deadliest-outbreak-disease-communities-who;False;2026-08-24T13:54:00+02:00;https://www.theguardian.com;2026-08-24T17:50:34.895448+02:00
112;28356111-984c-52de-b800-4cddc0bc92a6;The men claiming to defend women’s sports are throwing sex toys at female athletes;;https://www.theguardian.com/sport/2026/aug/24/the-men-claiming-to-defend-womens-sports-are-throwing-sex-toys-at-female-athletes;https://www.theguardian.com/sport/2026/aug/24/the-men-claiming-to-defend-womens-sports-are-throwing-sex-toys-at-female-athletes;False;2026-08-24T11:00:00+02:00;https://www.theguardian.com;2026-08-24T12:23:47.409922+02:00
113;289f60a2-8245-592e-a3a7-6fe04f09d8ef;Trump announces new 50% tariff on Canadian cars, trucks and steel;;https://www.theguardian.com/us-news/2026/aug/24/canada-tariff-increase-trump-auto;https://www.theguardian.com/us-news/2026/aug/24/canada-tariff-increase-trump-auto;False;2026-08-24T20:55:00+02:00;https://www.theguardian.com;2026-08-25T09:50:15.137611+02:00
114;293cb37a-ba2c-541e-b7dd-f887d44ed3a3;At least one in four former NFL players in study suffered from degenerative brain disease CTE;;https://www.theguardian.com/sport/2026/aug/25/study-reports-that-one-in-four-former-nfl-players-suffer-from-degenerative-brain-disease-cte;https://www.theguardian.com/sport/2026/aug/25/study-reports-that-one-in-four-former-nfl-players-suffer-from-degenerative-brain-disease-cte;False;2026-08-25T15:44:00+02:00;https://www.theguardian.com;2026-08-25T16:11:06.825099+02:00
115;29742b7c-672c-5c76-867a-ec28c13db346;Country diary: A farm that’s a pocket rocket of rewilding – and a success in the face of opposition;;https://www.theguardian.com/environment/2026/aug/26/country-diary-a-pocket-rocket-of-rewilding-and-a-success-in-the-face-of-opposition;https://www.theguardian.com/environment/2026/aug/26/country-diary-a-pocket-rocket-of-rewilding-and-a-success-in-the-face-of-opposition;False;2026-08-26T06:30:00+02:00;https://www.theguardian.com;2026-08-26T10:56:13.582656+02:00
116;29761d6f-83d5-5e4e-a04b-f240e1e7b7bf;" This article is more than 3 months old
Sudan paramilitary leaders acquired £17.7m property portfolio in Dubai, investigation reveals
This article is more than 3 months old";;https://www.theguardian.com/global-development/2026/apr/28/sudan-paramilitary-rsf-leaders-property-portfolio-dubai-uae-investigation;https://www.theguardian.com/global-development/2026/apr/28/sudan-paramilitary-rsf-leaders-property-portfolio-dubai-uae-investigation;False;2026-04-28T06:00:00+02:00;https://www.theguardian.com;2026-08-22T16:54:08.277593+02:00
117;29e2be6f-7f6b-509d-a9c1-a95fc3e0a84a;Victorian Labor promises free dental care if re-elected in Australia-first move;;https://www.theguardian.com/australia-news/2026/aug/22/victoria-labor-free-dental-care-ben-carroll-election-promise;https://www.theguardian.com/australia-news/2026/aug/22/victoria-labor-free-dental-care-ben-carroll-election-promise;False;2026-08-22T08:45:00+02:00;https://www.theguardian.com;2026-08-22T16:51:36.483414+02:00
118;29e47e4d-00ca-5c94-acfc-1f149d9e387b;"Trump’s justice department has found a new way for presidents to avoid accountability
Claire Finkelstein";;https://www.theguardian.com/commentisfree/2026/aug/25/trump-justice-department-presidents-accountability;https://www.theguardian.com/commentisfree/2026/aug/25/trump-justice-department-presidents-accountability;False;2026-08-25T12:00:00+02:00;https://www.theguardian.com;2026-08-25T16:11:05.672661+02:00
119;2a514a97-f4d0-5dcf-9bdf-6fb1de0e793c;French tourist dies in California’s Death Valley after being stranded in heat;;https://www.theguardian.com/us-news/2026/aug/24/french-tourist-death-valley-park;https://www.theguardian.com/us-news/2026/aug/24/french-tourist-death-valley-park;False;2026-08-24T20:55:00+02:00;https://www.theguardian.com;2026-08-25T09:50:33.847739+02:00
120;2b2d5eb9-d6ae-58e1-9b73-a71bcd95a5a9;" This article is more than 6 months old
Analysis
Weather tracker: Severe storms grip US as snow, ice and deep freeze spread
This article is more than 6 months old
James Michelin and Ollie Lewis for the MetDesk";;https://www.theguardian.com/environment/2026/jan/26/weather-tracker-severe-storms-grip-us-snow-ice-deep-freeze-warnings;https://www.theguardian.com/environment/2026/jan/26/weather-tracker-severe-storms-grip-us-snow-ice-deep-freeze-warnings;False;2026-01-26T11:21:00+01:00;https://www.theguardian.com;2026-08-22T20:31:03.901060+02:00
121;2c77ac93-6761-5388-9fad-788712b885e6;" This article is more than 8 months old
Analysis
Weather tracker: heatwave roasts Israel as 90 die in Vietnam downpours
This article is more than 8 months old
Lauren Herdman and Dan Adamson";;https://www.theguardian.com/environment/2025/nov/24/weather-tracker-heatwave-israel-western-australia-tropical-cyclone-fina;https://www.theguardian.com/environment/2025/nov/24/weather-tracker-heatwave-israel-western-australia-tropical-cyclone-fina;False;2025-11-24T12:56:00+01:00;https://www.theguardian.com;2026-08-22T20:31:12.301970+02:00
122;2c9203b5-4d88-59df-a916-fb28368da726;" This article is more than 1 month old
Oil price jumps as US-Iran clashes raise odds of interest rate rises
This article is more than 1 month old";;https://www.theguardian.com/business/2026/jul/14/oil-price-gas-rise-us-iran-interest-rates-stock-markets;https://www.theguardian.com/business/2026/jul/14/oil-price-gas-rise-us-iran-interest-rates-stock-markets;False;2026-07-14T13:24:00+02:00;https://www.theguardian.com;2026-08-22T20:30:02.667384+02:00
123;2c96df99-505a-5c12-a560-16363b5395bd;" This article is more than 7 months old
Analysis
Weather tracker: Further flood watches issued across California
This article is more than 7 months old
Claire Jones and Alice Fowle for MetDesk";;https://www.theguardian.com/environment/2025/dec/22/weather-tracker-flood-watches-california;https://www.theguardian.com/environment/2025/dec/22/weather-tracker-flood-watches-california;False;2025-12-22T11:51:00+01:00;https://www.theguardian.com;2026-08-22T20:31:08.882050+02:00
124;2cb1f3a5-302b-5f18-801d-9c21a5202d48;"Explainer
Why is the Trump administration causing turmoil in the bond markets?";;https://www.theguardian.com/business/2026/aug/20/why-us-bond-market-turmoil-hitting-governments-worldwide;https://www.theguardian.com/business/2026/aug/20/why-us-bond-market-turmoil-hitting-governments-worldwide;False;2026-08-20T18:14:00+02:00;https://www.theguardian.com;2026-08-23T22:09:17.306094+02:00
125;2cc73f28-bc9b-5148-997d-20ad433065f9;UK inflation rises to 2.9% as Iran war drives up energy bills;;https://www.theguardian.com/business/2026/aug/19/uk-inflation-rise-iran-war-energy-consumer-prices-index-interest-rates;https://www.theguardian.com/business/2026/aug/19/uk-inflation-rise-iran-war-energy-consumer-prices-index-interest-rates;False;2026-08-19T09:25:00+02:00;https://www.theguardian.com;2026-08-22T20:30:11.253072+02:00
126;2d348108-9780-58d3-af9d-a710fcd0470b;The Nazis drove Bauhaus out of town. Now the far right is waging another war against the movement;;https://www.theguardian.com/world/2026/aug/27/the-nazis-drove-bauhaus-out-of-town-now-the-far-right-is-waging-another-war-against-the-movement;https://www.theguardian.com/world/2026/aug/27/the-nazis-drove-bauhaus-out-of-town-now-the-far-right-is-waging-another-war-against-the-movement;False;2026-08-27T06:00:00+02:00;https://www.theguardian.com;2026-08-27T10:24:36.078710+02:00
127;2d388c64-8f2c-58b9-a70a-a1296ed1f052;Russia’s missile tests around disputed islands anger Japan;;https://www.theguardian.com/world/2026/aug/21/russia-launch-missiles-kuril-islands-japan;https://www.theguardian.com/world/2026/aug/21/russia-launch-missiles-kuril-islands-japan;False;2026-08-21T06:54:00+02:00;https://www.theguardian.com;2026-08-22T16:51:35.246633+02:00
128;2d9c4fac-7bb1-5049-a35f-d08e6913a83a;Trump threatens to demolish Kennedy Center if $250m renovation not done;;https://www.theguardian.com/us-news/2026/aug/25/trump-kennedy-center-demolish;https://www.theguardian.com/us-news/2026/aug/25/trump-kennedy-center-demolish;False;2026-08-26T01:15:00+02:00;https://www.theguardian.com;2026-08-26T10:56:05.058597+02:00
129;2dc9fd07-21cf-502d-8d19-f559186d5a93;CrossCountry cancels almost all rail services after power cut hits control centre;;https://www.theguardian.com/business/2026/aug/23/crosscountry-cancels-almost-all-rail-services-after-power-cut-hits-control-centre;https://www.theguardian.com/business/2026/aug/23/crosscountry-cancels-almost-all-rail-services-after-power-cut-hits-control-centre;False;2026-08-23T16:25:00+02:00;https://www.theguardian.com;2026-08-23T17:19:16.881782+02:00
130;2e778aba-2007-537a-8f78-efbbb548201a;Middle East crisis: US carries out strikes across Iran as Tehran targets American bases in region – as it happened;;https://www.theguardian.com/world/live/2026/jul/24/us-iran-donald-trump-iraq-bahrain-kuwait-jordan-latest-news-updates;https://www.theguardian.com/world/live/2026/jul/24/us-iran-donald-trump-iraq-bahrain-kuwait-jordan-latest-news-updates;False;2026-07-24T19:20:00+02:00;https://www.theguardian.com;2026-08-23T22:04:34.658548+02:00
131;2e8362fb-2676-5019-aff4-51999ee9e29b;Japan killed 14,000 bears after a rise in deadly attacks on people – but will it work?;;https://www.theguardian.com/environment/2026/aug/27/bears-killed-13-people-japan-14000-bears;https://www.theguardian.com/environment/2026/aug/27/bears-killed-13-people-japan-14000-bears;False;2026-08-27T06:00:00+02:00;https://www.theguardian.com;2026-08-27T10:24:59.497951+02:00
132;2ea6c83b-46ae-5355-8c6f-97d634e37b4e;‘Not any old vermin’: rats numbers are on the rise thanks to global heating – and poison may not be the answer;;https://www.theguardian.com/environment/2026/aug/25/rats-numbers-rise-global-heating-poison-cities;https://www.theguardian.com/environment/2026/aug/25/rats-numbers-rise-global-heating-poison-cities;False;2026-08-25T16:00:00+02:00;https://www.theguardian.com;2026-08-25T16:10:57.532697+02:00
133;2eb12480-38de-5649-9063-a477fcb7717b;Trump demands Iran pay compensation for decades of US soldier deaths;;https://www.theguardian.com/world/2026/aug/10/trump-demands-iran-pay-compensation-for-decades-of-us-soldier-deaths;https://www.theguardian.com/world/2026/aug/10/trump-demands-iran-pay-compensation-for-decades-of-us-soldier-deaths;False;2026-08-10T22:45:00+02:00;https://www.theguardian.com;2026-08-22T20:30:24.904778+02:00
134;2f0998d0-8104-514f-af6c-821ac77d9dd9;Forty children reported missing from UK asylum hotels still not found;;https://www.theguardian.com/uk-news/2026/aug/27/forty-children-reported-missing-uk-asylum-hotels-2023-still-not-found;https://www.theguardian.com/uk-news/2026/aug/27/forty-children-reported-missing-uk-asylum-hotels-2023-still-not-found;False;2026-08-27T06:00:00+02:00;https://www.theguardian.com;2026-08-27T10:24:47.754553+02:00
135;2f343536-07fb-5167-bb32-e3c115380017;"Explainer
China is the biggest buyer of Iran’s oil. Could US sanctions threaten those ties?";;https://www.theguardian.com/world/2026/aug/25/trump-us-economic-sanctions-china-biggest-buyer-iran-oil;https://www.theguardian.com/world/2026/aug/25/trump-us-economic-sanctions-china-biggest-buyer-iran-oil;False;2026-08-25T04:44:00+02:00;https://www.theguardian.com;2026-08-25T09:50:06.903599+02:00
136;2f6cd6ae-a5ba-5197-9d32-9f21deb43e5c;Minister tells social media firms to take down dangerous driving content in wake of fatal A66 crash in Middlesbrough – UK politics live;;https://www.theguardian.com/politics/live/2026/aug/24/labour-andy-bunrham-social-media-firms-dangerous-driving-content-middlesborough-latest-news-updates;https://www.theguardian.com/politics/live/2026/aug/24/labour-andy-bunrham-social-media-firms-dangerous-driving-content-middlesborough-latest-news-updates;False;2026-08-24T12:21:00+02:00;https://www.theguardian.com;2026-08-24T12:23:40.483550+02:00
137;2f754c82-20b9-5b78-a90a-73c309f16691;Samira’s story: the Sudanese refugee who has known no peace since she was 10;;https://www.theguardian.com/global-development/2026/aug/18/sudanese-refugee-samira-war-injury;https://www.theguardian.com/global-development/2026/aug/18/sudanese-refugee-samira-war-injury;False;2026-08-18T12:00:00+02:00;https://www.theguardian.com;2026-08-23T22:09:20.222544+02:00
138;30606938-a0b9-54e4-97a9-815f484de988;" This article is more than 3 months old
Analysis
Weather tracker: Cold spells in Greece and Turkey, and storms in Bangladesh
This article is more than 3 months old
Jodie Woodcock";;https://www.theguardian.com/environment/2026/may/04/weather-tracker-greece-winds-turkey-rain-bangladesh-storms-central-europe-heat;https://www.theguardian.com/environment/2026/may/04/weather-tracker-greece-winds-turkey-rain-bangladesh-storms-central-europe-heat;False;2026-05-04T17:01:00+02:00;https://www.theguardian.com;2026-08-22T20:30:52.066146+02:00
139;3097d750-383b-5d5a-a8b9-d79398972c03;"Analysis
Weather tracker: More than 900 wildfires rage across Canada
James Michelin for MetDesk";;https://www.theguardian.com/environment/2026/jul/24/weather-tracker-wildfires-canada-argentina-heat;https://www.theguardian.com/environment/2026/jul/24/weather-tracker-wildfires-canada-argentina-heat;False;2026-07-24T10:11:00+02:00;https://www.theguardian.com;2026-08-23T22:08:52.256786+02:00
140;30f050cd-629d-5806-b8ee-0626f62603c8;" This article is more than 1 month old
‘I fell in love with the art of coffee-making’: the female baristas shaking up Somalia’s booming cafe scene
This article is more than 1 month old";;https://www.theguardian.com/global-development/2026/jul/22/i-fell-in-love-with-the-art-of-coffee-making-the-female-baristas-shaking-up-somalias-booming-cafe-scene;https://www.theguardian.com/global-development/2026/jul/22/i-fell-in-love-with-the-art-of-coffee-making-the-female-baristas-shaking-up-somalias-booming-cafe-scene;False;2026-07-22T07:00:00+02:00;https://www.theguardian.com;2026-08-23T22:09:23.750588+02:00
141;312c8128-1cb6-5c49-8702-9c842ffb46d9;Badenoch plotted to remove Sunak as PM months before election, book claims;;https://www.theguardian.com/politics/2026/aug/25/kemi-badenoch-rishi-sunak-conservatives-anthony-seldon-book;https://www.theguardian.com/politics/2026/aug/25/kemi-badenoch-rishi-sunak-conservatives-anthony-seldon-book;False;2026-08-25T17:05:00+02:00;https://www.theguardian.com;2026-08-25T17:32:08.559112+02:00
142;31cbc161-28d0-585a-a627-1f2253088688;Freddie Mercury’s ‘splendid things’ to go on display at V&A;;https://www.theguardian.com/music/2026/aug/25/freddie-mercury-splendid-things-costumes-victoria-albert-museum-queen-v-and-a;https://www.theguardian.com/music/2026/aug/25/freddie-mercury-splendid-things-costumes-victoria-albert-museum-queen-v-and-a;False;2026-08-25T06:00:00+02:00;https://www.theguardian.com;2026-08-25T09:50:22.108378+02:00
143;31d7aa67-c861-592b-a4cf-47d1f6944f86;" This article is more than 2 months old
Analysis
Weather tracker: heat, humidity and thunderstorms a danger at World Cup
This article is more than 2 months old
Brendan Wood for MetDesk";;https://www.theguardian.com/environment/2026/jun/12/weather-tracker-heat-humidity-thunderstorms-risk-world-cup;https://www.theguardian.com/environment/2026/jun/12/weather-tracker-heat-humidity-thunderstorms-risk-world-cup;False;2026-06-12T10:40:00+02:00;https://www.theguardian.com;2026-08-22T18:13:28.939406+02:00
144;321ab5fc-ce71-5fd0-a17f-5ab4a73d1e69;" This article is more than 1 month old
Houthis claim strikes on two Saudi tankers as US attacks on Iran widen
This article is more than 1 month old";;https://www.theguardian.com/world/2026/jul/23/houthis-claim-attack-ship-tanker-saudi-arabia-red-sea;https://www.theguardian.com/world/2026/jul/23/houthis-claim-attack-ship-tanker-saudi-arabia-red-sea;False;2026-07-23T06:19:00+02:00;https://www.theguardian.com;2026-08-23T22:08:45.835278+02:00
145;3251cf96-ffab-5ce0-94b3-f8336faf7aad;" This article is more than 7 months old
Analysis
Extreme rainfall inundates South Africa and Mozambique
This article is more than 7 months old
Ishani Mistry and Ollie Lewis";;https://www.theguardian.com/environment/2026/jan/16/weather-tracer-extreme-rainfall-inundates-south-africa-mozambique-flood-warning;https://www.theguardian.com/environment/2026/jan/16/weather-tracer-extreme-rainfall-inundates-south-africa-mozambique-flood-warning;False;2026-01-16T11:16:00+01:00;https://www.theguardian.com;2026-08-22T20:31:05.414166+02:00
146;327a63fd-9f5e-5d1e-9552-da61ed57ef93;Cockroach protests: parents of Indian students who took their own lives reveal pressure of leaked exam papers and resits;;https://www.theguardian.com/global-development/2026/aug/09/cockroach-protests-parents-of-indian-students-who-took-their-own-lives-reveal-pressure-of-leaked-exam-papers-and-resits;https://www.theguardian.com/global-development/2026/aug/09/cockroach-protests-parents-of-indian-students-who-took-their-own-lives-reveal-pressure-of-leaked-exam-papers-and-resits;False;2026-08-09T06:00:00+02:00;https://www.theguardian.com;2026-08-23T22:09:22.039072+02:00
147;329a871e-6489-57ba-89eb-14bb57cd93f8;Louisiana supreme court justice wins rare $300,000 defamation trial against newspaper;;https://www.theguardian.com/media/2026/aug/25/louisiana-supreme-court-defamation-advocate-newspaper;https://www.theguardian.com/media/2026/aug/25/louisiana-supreme-court-defamation-advocate-newspaper;False;2026-08-25T16:37:00+02:00;https://www.theguardian.com;2026-08-25T17:32:09.777464+02:00
148;33cac18b-b26e-55e4-a5b7-9010596beac7;US halts all immigrant visa applications amid tightening restrictions;;https://www.theguardian.com/us-news/2026/aug/25/us-immigrant-visa-application-trump-crackdwon;https://www.theguardian.com/us-news/2026/aug/25/us-immigrant-visa-application-trump-crackdwon;False;2026-08-26T03:16:00+02:00;https://www.theguardian.com;2026-08-26T10:56:02.820051+02:00
149;34471006-acc5-5aa6-a592-77ac5c3ef533;UK to use Ukraine battlefield data to train AI to protect sensitive sites;;https://www.theguardian.com/politics/2026/aug/24/uk-to-use-ukraine-battlefield-data-to-train-ai-to-protect-sensitive-sites;https://www.theguardian.com/politics/2026/aug/24/uk-to-use-ukraine-battlefield-data-to-train-ai-to-protect-sensitive-sites;False;2026-08-24T20:16:00+02:00;https://www.theguardian.com;2026-08-25T09:50:20.815100+02:00
150;348c6b51-55b6-5e64-8176-7cbe9cf8c681;"This is not a natural calamity: it is being done to us knowingly
Tim Winton";;https://www.theguardian.com/membership/2026/aug/24/this-is-not-a-natural-calamity-it-is-being-done-to-us-knowingly;https://www.theguardian.com/membership/2026/aug/24/this-is-not-a-natural-calamity-it-is-being-done-to-us-knowingly;False;2026-08-24T11:45:00+02:00;https://www.theguardian.com;2026-08-24T12:23:50.579962+02:00
151;35d80c0f-c609-56d9-aa5a-48b8ca364dc4;" This article is more than 7 months old
Analysis
Weather tracker: Polar wind set to end warmth in US south and midwest
This article is more than 7 months old
Ollie Lewis for MetDesk";;https://www.theguardian.com/environment/2025/dec/29/weather-tracker-polar-wind-set-to-end-warmth-in-us-south-and-midwest;https://www.theguardian.com/environment/2025/dec/29/weather-tracker-polar-wind-set-to-end-warmth-in-us-south-and-midwest;False;2025-12-29T10:47:00+01:00;https://www.theguardian.com;2026-08-22T20:31:08.454885+02:00
152;36adf42c-78b1-54d3-8452-a811659ee8d5;US supreme court lets Trump continue work on White House ballroom for now;;https://www.theguardian.com/us-news/2026/aug/21/white-house-ballroom-construction-scotus;https://www.theguardian.com/us-news/2026/aug/21/white-house-ballroom-construction-scotus;False;2026-08-21T22:48:00+02:00;https://www.theguardian.com;2026-08-22T16:53:44.807286+02:00
153;36e5ce8e-ca8c-5daf-97de-93d32ba5eef7;" This article is more than 1 month old
Iran warns of ‘eye for an eye’ response if US follows through on Trump’s threats to destroy infrastructure – as it happened
This article is more than 1 month old";;https://www.theguardian.com/world/live/2026/jul/22/middle-east-us-iran-war-trump-houthis-strait-of-hormuz-nuclear-pickaxe-mountain-latest-news-updates;https://www.theguardian.com/world/live/2026/jul/22/middle-east-us-iran-war-trump-houthis-strait-of-hormuz-nuclear-pickaxe-mountain-latest-news-updates;False;2026-07-22T23:51:00+02:00;https://www.theguardian.com;2026-08-23T22:04:35.725815+02:00
154;36edf769-248c-5830-b5a2-150f234c0aff;A quarter of young Africans believe USAID cuts could be positive, survey finds;;https://www.theguardian.com/global-development/2026/jul/30/a-quarter-of-young-africans-believe-usaid-cuts-could-be-positive-survey-finds;https://www.theguardian.com/global-development/2026/jul/30/a-quarter-of-young-africans-believe-usaid-cuts-could-be-positive-survey-finds;False;2026-07-30T07:00:00+02:00;https://www.theguardian.com;2026-08-23T22:09:22.964896+02:00
155;371714ae-9686-56c0-84eb-60d8fb852b6b;Rangers finalize deal for Portland Timbers striker Kevin Kelsy;;https://www.theguardian.com/football/2026/aug/26/kevin-kelsy-rangers-portland-timbers-transfer;https://www.theguardian.com/football/2026/aug/26/kevin-kelsy-rangers-portland-timbers-transfer;False;2026-08-26T20:00:00+02:00;https://www.theguardian.com;2026-08-27T10:24:54.525276+02:00
156;37a841b1-0c64-5daf-bfe3-c24599d5a969;Extreme heat linked to deaths of over 40,000 people in England between 1988 and 2025;;https://www.theguardian.com/environment/2026/aug/26/deaths-england-hottest-days-extreme-weather;https://www.theguardian.com/environment/2026/aug/26/deaths-england-hottest-days-extreme-weather;False;2026-08-26T11:51:00+02:00;https://www.theguardian.com;2026-08-26T12:10:15.626974+02:00
157;37ad5daa-bdfb-5eaf-9ab9-1e7210e547a0;Russia withdraws ambassador to UK as Kremlin raises pressure over Ukraine support;;https://www.theguardian.com/world/2026/aug/23/russia-withdraws-ambassador-uk-kremlin-pressure-ukraine-andrey-kelin;https://www.theguardian.com/world/2026/aug/23/russia-withdraws-ambassador-uk-kremlin-pressure-ukraine-andrey-kelin;False;2026-08-23T15:01:00+02:00;https://www.theguardian.com;2026-08-23T17:19:12.984796+02:00
158;37f05b43-4b89-589a-af25-d57e8335aceb;Twelve people arrested after A66 crash that killed seven including two police officers;;https://www.theguardian.com/uk-news/2026/aug/24/people-arrested-over-a66-crash-that-killed-seven-including-two-police-officers;https://www.theguardian.com/uk-news/2026/aug/24/people-arrested-over-a66-crash-that-killed-seven-including-two-police-officers;False;2026-08-24T16:02:00+02:00;https://www.theguardian.com;2026-08-24T17:50:25.110946+02:00
159;3807016d-9cbf-5540-bb58-b4aa74e55c64;Britain’s railway prepares for more extreme weather as intense El Niño develops;;https://www.theguardian.com/environment/2026/aug/21/britains-railway-prepares-for-more-extreme-weather-as-intense-el-nino-develops;https://www.theguardian.com/environment/2026/aug/21/britains-railway-prepares-for-more-extreme-weather-as-intense-el-nino-develops;False;2026-08-21T20:07:00+02:00;https://www.theguardian.com;2026-08-23T22:09:31.611295+02:00
160;39004127-9db0-5356-9f74-4cd201272072;Trump praises back-to-back meetings with Zelenskyy and Netanyahu;;https://www.theguardian.com/us-news/2026/jul/28/trump-netanyahu-zelenskyy-meetings;https://www.theguardian.com/us-news/2026/jul/28/trump-netanyahu-zelenskyy-meetings;False;2026-07-29T03:09:00+02:00;https://www.theguardian.com;2026-08-22T20:30:43.914637+02:00
161;391daa7e-4752-5c13-b549-3668a41136bc;" This article is more than 1 month old
Analysis
Iran proves it can still inflict damage despite waves of US attacks
This article is more than 1 month old
Dan Sabbagh Defence and security editor";;https://www.theguardian.com/world/2026/jul/17/iran-inflict-damage-us-attacks;https://www.theguardian.com/world/2026/jul/17/iran-inflict-damage-us-attacks;False;2026-07-17T16:52:00+02:00;https://www.theguardian.com;2026-08-22T20:29:56.314445+02:00
162;392fc0bd-7323-55a2-b315-2838c7c9fb64;Germans hogging the sunloungers? Poll finds Italians and French are worse;;https://www.theguardian.com/world/2026/aug/08/sunlounger-hoggers-poll-germans-italians-french-british;https://www.theguardian.com/world/2026/aug/08/sunlounger-hoggers-poll-germans-italians-french-british;False;2026-08-08T06:00:00+02:00;https://www.theguardian.com;2026-08-22T16:54:35.403658+02:00
163;3933f0e2-b2bf-50a8-b5e8-91a7dfae38fe;From tourism to power generation and productivity, Europe feels economic cost of heatwaves;;https://www.theguardian.com/business/2026/aug/16/tourism-power-generation-productivity-europe-economic-cost-heatwaves;https://www.theguardian.com/business/2026/aug/16/tourism-power-generation-productivity-europe-economic-cost-heatwaves;False;2026-08-16T10:00:00+02:00;https://www.theguardian.com;2026-08-23T22:09:01.968285+02:00
164;3985a16d-360b-5d01-807d-8dcab7aa7b05;Hanson forced to intervene after One Nation MP says party’s migration target ‘not too different’ from Labor’s;;https://www.theguardian.com/australia-news/2026/aug/23/one-nation-mp-david-farley-immigration-target-net-overseas-migration-not-too-different-labor-rural-workforce;https://www.theguardian.com/australia-news/2026/aug/23/one-nation-mp-david-farley-immigration-target-net-overseas-migration-not-too-different-labor-rural-workforce;False;2026-08-23T05:12:00+02:00;https://www.theguardian.com;2026-08-23T10:34:21.968950+02:00
165;39d3ee4d-ff51-58c3-bb65-0dde4e53e10e;Visit the TTNQ website;;https://tropicalnorthqueensland.org.au/?utm_source=Guardian&utm_medium=Editorial&utm_campaign=Guardian_Campaign&utm_id=TTNQ_Guardian_Single_Article_2026_Editorial_Link&utm_content=editorial;https://tropicalnorthqueensland.org.au/?utm_source=Guardian&utm_medium=Editorial&utm_campaign=Guardian_Campaign&utm_id=TTNQ_Guardian_Single_Article_2026_Editorial_Link&utm_content=editorial;False;2026-06-05T17:27:00+02:00;https://www.theguardian.com;2026-08-22T16:45:13.419907+02:00
166;39fe3be7-3dc5-5cf5-b5f2-d6a50f069e5a;Girl, 13, among missing British citizens after flash flood in Nepal;;https://www.theguardian.com/world/2026/aug/26/missing-british-citizens-flash-flood-nepal;https://www.theguardian.com/world/2026/aug/26/missing-british-citizens-flash-flood-nepal;False;2026-08-26T21:12:00+02:00;https://www.theguardian.com;2026-08-27T10:24:40.123403+02:00
167;3a17370a-f371-5783-a1a6-e6b9641a8b1e;"Analysis
‘Starve the beast’? The $40tn cost of Republicans’ false promises to cut spending
Eduardo Porter";;https://www.theguardian.com/business/2026/aug/20/us-national-debt-republicans;https://www.theguardian.com/business/2026/aug/20/us-national-debt-republicans;False;2026-08-20T17:21:00+02:00;https://www.theguardian.com;2026-08-22T16:53:53.267960+02:00
168;3aa6c782-4699-58ff-8824-d546a1d3b71c;Iryna Zarutska’s family sues North Carolina city over her murder;;https://www.theguardian.com/us-news/2026/aug/23/iryna-zarutska-charlotte-nc-lawsuit;https://www.theguardian.com/us-news/2026/aug/23/iryna-zarutska-charlotte-nc-lawsuit;False;2026-08-23T19:14:00+02:00;https://www.theguardian.com;2026-08-23T22:09:10.766731+02:00
169;3abd6226-c58e-5ce8-b8f2-c2a5c6306b4c;Badenoch says Reform defectors ‘some of the most dishonest people I have met’;;https://www.theguardian.com/politics/2026/aug/22/kemi-badenoch-says-reform-defectors-some-of-the-most-dishonest-people-i-have-met;https://www.theguardian.com/politics/2026/aug/22/kemi-badenoch-says-reform-defectors-some-of-the-most-dishonest-people-i-have-met;False;2026-08-22T18:08:00+02:00;https://www.theguardian.com;2026-08-22T19:12:20.282428+02:00
170;3ae63a8b-6303-550e-877a-e6d54b885595;"Australia news live: woman dies after car crashes into Melbourne restaurant; five arrested as police raid CFMEU headquarters";;https://www.theguardian.com/australia-news/live/2026/aug/24/australia-news-live-shark-attack-leah-stewart-housing-rents-first-home-cost-of-living-antisemitism-royal-commission-icac-politics-economy-sydney-melbourne-ntwnfb;https://www.theguardian.com/australia-news/live/2026/aug/24/australia-news-live-shark-attack-leah-stewart-housing-rents-first-home-cost-of-living-antisemitism-royal-commission-icac-politics-economy-sydney-melbourne-ntwnfb;False;2026-08-24T09:35:00+02:00;https://www.theguardian.com;2026-08-24T09:39:04.798776+02:00
171;3b0c57fd-daba-50de-85bd-8cc763fcb3c9;Lionel Messi fined for slapping opposition player in MLS game;;https://www.theguardian.com/football/2026/aug/22/lionel-messi-fine-slapping-opposition-player-quinn-sullivanmls-soccer-football;https://www.theguardian.com/football/2026/aug/22/lionel-messi-fine-slapping-opposition-player-quinn-sullivanmls-soccer-football;False;2026-08-22T11:50:00+02:00;https://www.theguardian.com;2026-08-22T16:53:49.308107+02:00
172;3b9c7140-b09f-5ab7-a036-c822c46e6e9b;US threatens severe sanctions against countries with economic ties to Iran;;https://www.theguardian.com/world/2026/aug/24/us-severe-sanctions-economic-ties-iran;https://www.theguardian.com/world/2026/aug/24/us-severe-sanctions-economic-ties-iran;False;2026-08-24T20:57:00+02:00;https://www.theguardian.com;2026-08-25T09:50:07.293653+02:00
173;3bad0b8f-8cbf-5bca-88b8-18281e6e8123;US strikes a vessel in the eastern Pacific, killing 2 people in first attack in months;;https://www.theguardian.com/world/2026/aug/24/vessel-strike-eastern-pacific;https://www.theguardian.com/world/2026/aug/24/vessel-strike-eastern-pacific;False;2026-08-24T23:40:00+02:00;https://www.theguardian.com;2026-08-25T09:50:14.800055+02:00
174;3c08b229-183e-5e13-9cab-d8053378bc3e;Devastation, doubt and blame: Hurricane Helene looms over North Carolina’s US Senate race;;https://www.theguardian.com/us-news/ng-interactive/2026/aug/24/north-carolina-senate-race-hurricane-helene;https://www.theguardian.com/us-news/ng-interactive/2026/aug/24/north-carolina-senate-race-hurricane-helene;False;2026-08-24T12:00:00+02:00;https://www.theguardian.com;2026-08-24T12:23:44.362718+02:00
175;3cf7bee7-f6d5-54b7-a459-0768027ca8ef;" This article is more than 1 month old
Analysis
Chaos and confusion bring US no closer to resolution on strait of Hormuz
This article is more than 1 month old
Patrick Wintour";;https://www.theguardian.com/world/2026/jul/15/chaos-confusion-no-closer-resolution-strait-hormuz-us-iran-donald-trump;https://www.theguardian.com/world/2026/jul/15/chaos-confusion-no-closer-resolution-strait-hormuz-us-iran-donald-trump;False;2026-07-15T19:32:00+02:00;https://www.theguardian.com;2026-08-22T20:30:00.869895+02:00
176;3d30cf05-da23-5fb0-97eb-9611abb42c36;Woodside scraps long-term emissions and clean energy targets despite windfall oil profits caused by Iran war;;https://www.theguardian.com/australia-news/2026/aug/25/woodside-scraps-emissions-clean-energy-targets-australia;https://www.theguardian.com/australia-news/2026/aug/25/woodside-scraps-emissions-clean-energy-targets-australia;False;2026-08-25T08:18:00+02:00;https://www.theguardian.com;2026-08-25T09:50:19.683730+02:00
177;3d406d99-01a6-5c6c-8c7f-4023f23e787c;Browns QB Deshaun Watson laments ‘disrespectful’ booing by team’s own fans;;https://www.theguardian.com/sport/2026/aug/22/browns-qb-deshaun-watson-says-being-booed-by-teams-own-fans-is-disrespectful;https://www.theguardian.com/sport/2026/aug/22/browns-qb-deshaun-watson-says-being-booed-by-teams-own-fans-is-disrespectful;False;2026-08-23T02:46:00+02:00;https://www.theguardian.com;2026-08-23T10:34:28.517584+02:00
178;3e1c2815-db10-5172-aa7b-15438b5f9d03;"NSW’s koala national park will protect threatened species and cap logging. Could the Greens really block it?
Adam Morton";;https://www.theguardian.com/environment/2026/aug/25/could-greens-block-nsw-great-koala-national-park-carbon-credits;https://www.theguardian.com/environment/2026/aug/25/could-greens-block-nsw-great-koala-national-park-carbon-credits;False;2026-08-25T17:00:00+02:00;https://www.theguardian.com;2026-08-25T17:32:16.490567+02:00
179;3e5a1379-bdcc-5477-aa3f-e9c450a55ddb;Pete Hegseth dismisses reports of deteriorating conditions on USS Abraham Lincoln;;https://www.theguardian.com/us-news/2026/aug/13/uss-abraham-conditions-hegseth;https://www.theguardian.com/us-news/2026/aug/13/uss-abraham-conditions-hegseth;False;2026-08-13T22:06:00+02:00;https://www.theguardian.com;2026-08-22T20:30:18.340088+02:00
180;3e82fa64-2c43-5e1f-af98-50cb6cdb3985;Germany’s firewall was meant to hold the far right at bay. It may have done the reverse;;https://www.theguardian.com/world/2026/aug/19/germanys-firewall-was-meant-to-hold-the-far-right-at-bay-it-may-have-done-the-reverse;https://www.theguardian.com/world/2026/aug/19/germanys-firewall-was-meant-to-hold-the-far-right-at-bay-it-may-have-done-the-reverse;False;2026-08-19T16:30:00+02:00;https://www.theguardian.com;2026-08-23T22:09:01.178366+02:00
181;3ec969e0-273a-5f4e-a062-ac26f466cc7e;"Analysis
How to lose Trump’s trade war: test Canada’s resolve with threats to hockey sticks
Adam Gabbatt";;https://www.theguardian.com/us-news/2026/aug/26/trump-canada-trade-war;https://www.theguardian.com/us-news/2026/aug/26/trump-canada-trade-war;False;2026-08-26T20:15:00+02:00;https://www.theguardian.com;2026-08-27T10:24:38.200959+02:00
182;3ee67273-582d-58f5-856d-9fad109a451d;London’s low emission zone is working – so why are cities around the world so cautious about clean air?;;https://www.theguardian.com/environment/2026/aug/23/london-low-emission-zone-working-other-cities-cautious-clean-air;https://www.theguardian.com/environment/2026/aug/23/london-low-emission-zone-working-other-cities-cautious-clean-air;False;2026-08-23T09:00:00+02:00;https://www.theguardian.com;2026-08-23T10:34:24.709399+02:00
183;3eed791b-0e58-51cc-b20f-e6bd9621bbfa;"Sex sells and wins votes – and the Democrats know it
Arwa Mahdawi";;https://www.theguardian.com/commentisfree/2026/aug/25/sex-sells-and-wins-votes-the-democrats-know-it;https://www.theguardian.com/commentisfree/2026/aug/25/sex-sells-and-wins-votes-the-democrats-know-it;False;2026-08-25T16:30:00+02:00;https://www.theguardian.com;2026-08-25T17:32:12.981609+02:00
184;407f3083-8cd1-5aac-b0c6-c0e145e76331;Fur seal’s death marks first Australian mainland mammal fatality from spreading H5 bird flu strain;;https://www.theguardian.com/world/2026/aug/23/fur-seal-death-first-australian-mainland-mammal-h5-bird-flu;https://www.theguardian.com/world/2026/aug/23/fur-seal-death-first-australian-mainland-mammal-h5-bird-flu;False;2026-08-23T02:42:00+02:00;https://www.theguardian.com;2026-08-23T10:34:22.710013+02:00
185;40c761b6-d157-50ae-84c7-0e7cafa47ca7;Family of missing footballer fear he is among 500 believed dead in Myanmar shipwrecks;;https://www.theguardian.com/global-development/2026/jul/25/family-of-missing-rohingya-footballer-fear-he-is-among-500-believed-dead-in-myanmar-shipwrecks;https://www.theguardian.com/global-development/2026/jul/25/family-of-missing-rohingya-footballer-fear-he-is-among-500-believed-dead-in-myanmar-shipwrecks;False;2026-07-25T11:00:00+02:00;https://www.theguardian.com;2026-08-22T16:54:03.287055+02:00
186;4104477f-2dbd-56b5-8789-9afcc923531f;"Drill, Burnham, drill? The oil basin that is a totem for Trump – and a headache for Britain’s new PM
Matthew Taylor Environment correspondent";;https://www.theguardian.com/environment/ng-interactive/2026/aug/23/drill-burnham-north-sea-oil-basin-totem-trump-headache-britain;https://www.theguardian.com/environment/ng-interactive/2026/aug/23/drill-burnham-north-sea-oil-basin-totem-trump-headache-britain;False;2026-08-23T07:00:00+02:00;https://www.theguardian.com;2026-08-23T22:09:35.744883+02:00
187;41201933-a17e-57a2-a108-fc8d89ba0370;Country diary: South Wales’s summer of fires will linger long in the memory;;https://www.theguardian.com/world/2026/aug/24/country-diary-south-waless-summer-of-fires-will-linger-long-in-the-memory;https://www.theguardian.com/world/2026/aug/24/country-diary-south-waless-summer-of-fires-will-linger-long-in-the-memory;False;2026-08-24T06:30:00+02:00;https://www.theguardian.com;2026-08-24T12:23:52.402201+02:00
188;417cd705-0836-545f-93ff-4b19133a76c5;Google Terms of Service;;https://policies.google.com/terms;https://policies.google.com/terms;False;2026-07-08T11:40:00+02:00;https://www.theguardian.com;2026-08-22T16:53:51.696310+02:00
189;419470a9-3294-5542-a0c2-c592ec8f145a;"This is the question Democrats should ask voters in order to win this November
Robert Reich";;https://www.theguardian.com/commentisfree/2026/aug/26/democrats-voters-november-elections;https://www.theguardian.com/commentisfree/2026/aug/26/democrats-voters-november-elections;False;2026-08-26T13:00:00+02:00;https://www.theguardian.com;2026-08-26T16:56:48.384229+02:00
190;419ab9fb-38b1-5122-8745-b8c25a9923ec;1.3m plastic bottles collected in a day in global volunteer ocean cleanup;;https://www.theguardian.com/environment/2026/aug/26/plastic-bottles-coastal-cleanup-ocean-conservancy;https://www.theguardian.com/environment/2026/aug/26/plastic-bottles-coastal-cleanup-ocean-conservancy;False;2026-08-26T15:00:00+02:00;https://www.theguardian.com;2026-08-26T16:57:09.747212+02:00
191;42a4e72c-4a95-593e-86b2-d4f74423ee95;Father of USS Lincoln sailor taken into ICE detention while son deployed in Middle East;;https://www.theguardian.com/us-news/2026/aug/24/uss-lincoln-sailor-deployed-iran-war-father-arrested-by-ice;https://www.theguardian.com/us-news/2026/aug/24/uss-lincoln-sailor-deployed-iran-war-father-arrested-by-ice;False;2026-08-24T07:42:00+02:00;https://www.theguardian.com;2026-08-24T09:39:09.905154+02:00
192;436d2dcd-e885-5b13-b714-2a7bdfd0d5f7;‘Forever chemicals’ surge during pilot of Thames Water plan to combat drought;;https://www.theguardian.com/environment/2026/aug/27/forever-chemicals-london-thames-water;https://www.theguardian.com/environment/2026/aug/27/forever-chemicals-london-thames-water;False;2026-08-27T07:00:00+02:00;https://www.theguardian.com;2026-08-27T10:24:46.929107+02:00
193;446186e6-d46b-56b5-a6f9-4aac6fe06346;Five Americans among seven killed in safari helicopter crash in Kenya;;https://www.theguardian.com/world/2026/aug/19/kenya-helicopter-safari-crash;https://www.theguardian.com/world/2026/aug/19/kenya-helicopter-safari-crash;False;2026-08-19T22:17:00+02:00;https://www.theguardian.com;2026-08-22T16:51:30.557433+02:00
194;44815bd5-80ff-5355-bd2b-31cb3b715d7b;Darline Graham and Ralph Norman head to South Carolina’s Senate runoff;;https://www.theguardian.com/us-news/2026/aug/25/south-carolina-senate-runoff-election;https://www.theguardian.com/us-news/2026/aug/25/south-carolina-senate-runoff-election;False;2026-08-25T12:00:00+02:00;https://www.theguardian.com;2026-08-25T16:11:04.799437+02:00
195;4513e733-06f7-51ec-901c-de8646c34b17;Ukrainian star leaves LSU women’s basketball team after signing of Russian recruit;;https://www.theguardian.com/sport/2026/aug/25/lsu-kate-koval-kim-mulkey-ukraine-russia;https://www.theguardian.com/sport/2026/aug/25/lsu-kate-koval-kim-mulkey-ukraine-russia;False;2026-08-25T17:39:00+02:00;https://www.theguardian.com;2026-08-25T18:19:21.782202+02:00
196;45532cfd-6442-538a-b542-4342c74dc78c;"What should replace the American-led world order?
Aslı Bâli and Samuel Moyn";;https://www.theguardian.com/commentisfree/2026/jul/29/us-decline-world-order-replacement;https://www.theguardian.com/commentisfree/2026/jul/29/us-decline-world-order-replacement;False;2026-07-29T12:00:00+02:00;https://www.theguardian.com;2026-08-22T20:30:43.477873+02:00
197;455e605f-0b0d-5dca-b06d-1f7c5d07f862;Democrats incredulous over Hakeem Jeffries and Jared Kushner meeting;;https://www.theguardian.com/us-news/2026/aug/23/hakeem-jeffries-jared-kushner-meeting;https://www.theguardian.com/us-news/2026/aug/23/hakeem-jeffries-jared-kushner-meeting;False;2026-08-23T19:55:00+02:00;https://www.theguardian.com;2026-08-23T22:09:09.980032+02:00
198;45a44eb3-9109-55ff-a662-615bb83916c3;Understanding reached on coordinates for shipping route through Hormuz, Iran says;;https://www.theguardian.com/world/2026/aug/05/iran-oman-reach-hormuz-route-coordinates;https://www.theguardian.com/world/2026/aug/05/iran-oman-reach-hormuz-route-coordinates;False;2026-08-05T21:31:00+02:00;https://www.theguardian.com;2026-08-22T20:29:42.700183+02:00
199;46106375-6faa-58a0-881d-c2f7c228a53f;"Analysis
The lesson from Canada’s collapsed trade talks with the US: negotiation may be futile
Olivia Bowden";;https://www.theguardian.com/us-news/2026/aug/23/canada-us-collapsed-trade-talks-negotiation-breakdown-analysis;https://www.theguardian.com/us-news/2026/aug/23/canada-us-collapsed-trade-talks-negotiation-breakdown-analysis;False;2026-08-23T19:24:00+02:00;https://www.theguardian.com;2026-08-23T21:54:59.323636+02:00
200;4683d7ed-60bd-5dd1-92bc-a3a877e02f33;" This article is more than 3 months old
Analysis
Weather tracker: Furnace Creek sizzles as snow sweeps Siberia in a week of extremes
This article is more than 3 months old
Ed Walton (MetDesk)";;https://www.theguardian.com/environment/2026/may/15/weather-tracker-furnace-creek-siberia-snow-siberia-week-extremes;https://www.theguardian.com/environment/2026/may/15/weather-tracker-furnace-creek-siberia-snow-siberia-week-extremes;False;2026-05-15T12:04:00+02:00;https://www.theguardian.com;2026-08-23T22:08:58.234310+02:00
201;46a94a48-2e00-54e2-998f-b8cb93960795;Jannik Sinner and Jack Draper out of US Open as injuries take their toll;;https://www.theguardian.com/sport/2026/aug/21/jannik-sinner-out-of-us-open-tennis-with-knee-injury;https://www.theguardian.com/sport/2026/aug/21/jannik-sinner-out-of-us-open-tennis-with-knee-injury;False;2026-08-21T18:27:00+02:00;https://www.theguardian.com;2026-08-22T16:53:50.527029+02:00
202;46b9babc-86e6-5027-af6f-afa5909cf30a;"Trump’s new attorney general poses a huge threat to abortion rights
Moira Donegan";;https://www.theguardian.com/commentisfree/2026/aug/22/trump-attorney-general-todd-blanche-abortion-rights;https://www.theguardian.com/commentisfree/2026/aug/22/trump-attorney-general-todd-blanche-abortion-rights;False;2026-08-22T13:00:00+02:00;https://www.theguardian.com;2026-08-22T16:53:46.475932+02:00
203;46be14c2-b332-56eb-ab94-eb5e021360fe;" This article is more than 2 months old
Analysis
Weather tracker: Monsoon season brings vital rainfall to parts of Asia
This article is more than 2 months old
Brendan Wood for MetDesk";;https://www.theguardian.com/environment/2026/jun/08/weather-tracker-monsoon-season-vital-rainfall-parts-asia;https://www.theguardian.com/environment/2026/jun/08/weather-tracker-monsoon-season-vital-rainfall-parts-asia;False;2026-06-08T12:42:00+02:00;https://www.theguardian.com;2026-08-22T20:30:47.506463+02:00
204;;;;;;;;;
205;4748d037-38ce-5a76-a968-76eae1c9dddc;"The Guardian view on Trump’s economic threats: bullies can overplay their hand
Editorial";;https://www.theguardian.com/commentisfree/2026/aug/25/the-guardian-view-on-trumps-economic-threats-bullies-can-overplay-their-hand;https://www.theguardian.com/commentisfree/2026/aug/25/the-guardian-view-on-trumps-economic-threats-bullies-can-overplay-their-hand;False;2026-08-25T19:27:00+02:00;https://www.theguardian.com;2026-08-25T19:43:42.299108+02:00
206;47a6a169-fcad-5c1c-b6bb-0e9114a2c556;US issues sanctions against UK-based direct action group Palestine Action;;https://www.theguardian.com/uk-news/2026/aug/26/us-issues-sanctions-uk-based-palestine-action;https://www.theguardian.com/uk-news/2026/aug/26/us-issues-sanctions-uk-based-palestine-action;False;2026-08-26T19:45:00+02:00;https://www.theguardian.com;2026-08-27T10:24:53.045799+02:00
207;47dd6783-85ef-5a31-9b78-8bbd1dfeb29f;Major Sydney property developer collapses after ‘perfect storm’, leaving buyers in limbo;;https://www.theguardian.com/australia-news/2026/aug/25/bathla-group-sydney-property-developer-collapses;https://www.theguardian.com/australia-news/2026/aug/25/bathla-group-sydney-property-developer-collapses;False;2026-08-25T09:42:00+02:00;https://www.theguardian.com;2026-08-25T09:50:17.474493+02:00
208;482185d7-d2d7-50ea-960d-2951ea81217c;" This article is more than 1 month old
US gas prices edge up again as US-Iran tensions heighten over strait of Hormuz
This article is more than 1 month old";;https://www.theguardian.com/world/2026/jul/16/us-gas-prices-rise-strait-of-hormuz;https://www.theguardian.com/world/2026/jul/16/us-gas-prices-rise-strait-of-hormuz;False;2026-07-16T14:26:00+02:00;https://www.theguardian.com;2026-08-22T20:29:58.078333+02:00
209;4988c0f6-2f6f-5841-b21e-b2cadbf35fd1;Big decisions pay off as Coco Gauff gears up for US Open with Cincinnati title;;https://www.theguardian.com/sport/2026/aug/24/coco-gauff-beats-pegula-wins-cincinnati-open-title;https://www.theguardian.com/sport/2026/aug/24/coco-gauff-beats-pegula-wins-cincinnati-open-title;False;2026-08-24T06:33:00+02:00;https://www.theguardian.com;2026-08-24T09:39:14.643731+02:00
210;498c550c-78c7-568c-bdc0-3f1f34f2994b;Spain to allow 500 children in Ceuta to go to mainland in immigration U-turn;;https://www.theguardian.com/world/2026/aug/19/spain-allows-500-migrant-minors-in-ceuta-to-relocate-to-the-mainland-in-u-turn;https://www.theguardian.com/world/2026/aug/19/spain-allows-500-migrant-minors-in-ceuta-to-relocate-to-the-mainland-in-u-turn;False;2026-08-19T16:33:00+02:00;https://www.theguardian.com;2026-08-22T16:51:30.950148+02:00
211;49af94e1-7676-5518-8b5a-d5501354c59e;Taiwan charges nine people for smuggling ‘high-end’ AI servers to China;;https://www.theguardian.com/technology/2026/aug/25/taiwan-china-ai-smugglers;https://www.theguardian.com/technology/2026/aug/25/taiwan-china-ai-smugglers;False;2026-08-25T21:02:00+02:00;https://www.theguardian.com;2026-08-26T10:55:48.033010+02:00
212;49c09c2a-3178-5247-8e3b-b21412beaf80;Iran seeks to criminalise all contact with foreign media in latest ‘chilling’ crackdown;;https://www.theguardian.com/global-development/2026/aug/26/iran-criminalises-contact-foreign-media-human-rights-crackdown;https://www.theguardian.com/global-development/2026/aug/26/iran-criminalises-contact-foreign-media-human-rights-crackdown;False;2026-08-26T07:00:00+02:00;https://www.theguardian.com;2026-08-26T10:55:54.094571+02:00
213;4a44dcfb-d476-5d2d-8b82-948119686bf5;New York business group sues Mamdani over city-owned grocery stores plan;;https://www.theguardian.com/us-news/2026/aug/25/zohran-mamdani-lawsuit-city-owned-grocery-stores;https://www.theguardian.com/us-news/2026/aug/25/zohran-mamdani-lawsuit-city-owned-grocery-stores;False;2026-08-25T16:48:00+02:00;https://www.theguardian.com;2026-08-25T17:32:09.373342+02:00
214;4a8591fe-c54a-55aa-9406-4ae8c663e1a0;Australia has just 12,000 sea lions left – and ‘carnage’ may await them as bird flu takes hold, scientists warn;;https://www.theguardian.com/world/2026/aug/25/australia-has-just-12000-sea-lions-left-and-carnage-may-await-them-as-bird-flu-takes-hold-scientists-warn;https://www.theguardian.com/world/2026/aug/25/australia-has-just-12000-sea-lions-left-and-carnage-may-await-them-as-bird-flu-takes-hold-scientists-warn;False;2026-08-24T17:00:00+02:00;https://www.theguardian.com;2026-08-24T17:50:20.495634+02:00
215;4aa4b866-5b98-5965-b956-22860d0e12aa;" This article is more than 9 months old
Analysis
Weather tracker: Typhoon Fung-Wong becomes second in a week to hit the Philippines
This article is more than 9 months old
Jodie Woodcock and Alice Fowle";;https://www.theguardian.com/environment/2025/nov/10/weather-tracker-typhoon-fung-wong-philippines;https://www.theguardian.com/environment/2025/nov/10/weather-tracker-typhoon-fung-wong-philippines;False;2025-11-10T08:37:00+01:00;https://www.theguardian.com;2026-08-22T20:31:14.609403+02:00
216;4afd0221-2666-5f75-b278-df2e5dfb8268;The US has a plan to save the Colorado River. Experts say it won’t be enough to stop the crisis;;https://www.theguardian.com/us-news/2026/aug/21/colorado-river-water-crisis-plan;https://www.theguardian.com/us-news/2026/aug/21/colorado-river-water-crisis-plan;False;2026-08-21T21:41:00+02:00;https://www.theguardian.com;2026-08-22T16:41:55.442419+02:00
217;4b588302-e049-51aa-96a9-16a93bf49831;'Scared to death' evacuees escape fast-moving wildfire in Reno, Nevada – video;;https://www.theguardian.com/us-news/video/2026/aug/24/scared-to-death-evacuees-escape-fast-moving-wildfire-in-reno-nevada-video;https://www.theguardian.com/us-news/video/2026/aug/24/scared-to-death-evacuees-escape-fast-moving-wildfire-in-reno-nevada-video;False;2026-08-24T13:13:00+02:00;https://www.theguardian.com;2026-08-24T17:50:36.628063+02:00
218;4bc3ead2-ad28-5308-9018-e55d6e431c40;How do you vaccinate 1,000 tiny penguins against bird flu in the wild? It’s ‘really tricky’ but there is a way;;https://www.theguardian.com/environment/2026/aug/24/little-penguins-bird-flu-vaccination-phillip-island-australia;https://www.theguardian.com/environment/2026/aug/24/little-penguins-bird-flu-vaccination-phillip-island-australia;False;2026-08-24T08:11:00+02:00;https://www.theguardian.com;2026-08-24T09:39:05.213152+02:00
219;4bfa8257-6110-5b3b-9e86-5d49098e9f75;Japan enlists 1,800 people to drag a 360-tonne castle keep using ropes and rollers;;https://www.theguardian.com/world/2026/aug/25/japan-1800-people-move-pull-400-tonne-hirosaki-castle-with-ropes;https://www.theguardian.com/world/2026/aug/25/japan-1800-people-move-pull-400-tonne-hirosaki-castle-with-ropes;False;2026-08-25T03:10:00+02:00;https://www.theguardian.com;2026-08-25T09:50:16.381083+02:00
220;4c85b9c1-2789-52e3-8c00-a009985c5f62;Leipzig drone bomb was found near Ukrainian plane carrying ammunition, say police;;https://www.theguardian.com/world/2026/aug/06/leipzig-drone-bomb-found-near-ukrainian-plane-carrying-ammunition;https://www.theguardian.com/world/2026/aug/06/leipzig-drone-bomb-found-near-ukrainian-plane-carrying-ammunition;False;2026-08-06T17:06:00+02:00;https://www.theguardian.com;2026-08-22T16:54:36.256314+02:00
221;4cb2ba54-ec0b-572a-9330-3895747ba16e;Ghent professors challenged expertise of Jason Arday’s plagiarism accuser;;https://www.theguardian.com/uk-news/2026/aug/27/ghent-professors-challenged-expertise-jason-arday-plagiarism-accuser;https://www.theguardian.com/uk-news/2026/aug/27/ghent-professors-challenged-expertise-jason-arday-plagiarism-accuser;False;2026-08-27T07:00:00+02:00;https://www.theguardian.com;2026-08-27T10:24:44.285277+02:00
222;4d1bb62e-2e1c-5ab6-a606-6d6fd1fafb6b;" This article is more than 1 month old
US attacks oil tanker in strait of Hormuz as strikes reported in Tehran
This article is more than 1 month old";;https://www.theguardian.com/world/2026/jul/16/us-attacks-oil-tanker-strait-of-hormuz-iran-tehran-strikes;https://www.theguardian.com/world/2026/jul/16/us-attacks-oil-tanker-strait-of-hormuz-iran-tehran-strikes;False;2026-07-16T04:40:00+02:00;https://www.theguardian.com;2026-08-22T20:30:00.201195+02:00
223;4d258cf3-d63d-5f65-b1dd-e08b55d8f22e;Two planned datacentres will have higher UK carbon emissions than ExxonMobil, analysis finds;;https://www.theguardian.com/uk-news/2026/aug/25/planned-datacentres-carbon-emissions-uk-exxonmobil;https://www.theguardian.com/uk-news/2026/aug/25/planned-datacentres-carbon-emissions-uk-exxonmobil;False;2026-08-25T13:04:00+02:00;https://www.theguardian.com;2026-08-25T16:11:15.854718+02:00
224;4d4eb686-bb72-57db-b1a5-558cbc5b9348;" This article is more than 8 months old
Analysis
Weather tracker: Storm Claudia brings more flooding to Portugal and Spain
This article is more than 8 months old
Brendan Wood and Maggie Shopova";;https://www.theguardian.com/environment/2025/nov/17/weather-tracker-storm-claudia-more-flooding-portugal-spain;https://www.theguardian.com/environment/2025/nov/17/weather-tracker-storm-claudia-more-flooding-portugal-spain;False;2025-11-17T11:51:00+01:00;https://www.theguardian.com;2026-08-22T20:31:13.413440+02:00
225;4d9bffb5-84cf-5c24-9e58-c7a2b55b2b9d;London rollout of robotaxis delayed amid lack of guidance for firms to follow;;https://www.theguardian.com/technology/2026/aug/26/london-rollout-robotaxis-delayed-uber-wayve;https://www.theguardian.com/technology/2026/aug/26/london-rollout-robotaxis-delayed-uber-wayve;False;2026-08-26T10:48:00+02:00;https://www.theguardian.com;2026-08-26T10:55:55.695094+02:00
226;4dd609d1-0bfd-5af3-90cd-3d35ba601f1f;‘I hate Democrats, but I love Abdul’: voters who left over Gaza return for progressive push;;https://www.theguardian.com/us-news/2026/aug/23/democrats-abdul-el-sayed-progressives;https://www.theguardian.com/us-news/2026/aug/23/democrats-abdul-el-sayed-progressives;False;2026-08-23T12:00:00+02:00;https://www.theguardian.com;2026-08-23T17:19:22.795186+02:00
227;4e315b7f-45c3-57ec-ad0d-a78e335e425f;‘They were told bikes were for men’: how Latin America’s city of cycling is breaking gender barriers;;https://www.theguardian.com/global-development/2026/aug/06/bikes-city-of-cycling-gender-barriers-colombias-capital-bogota-emissions;https://www.theguardian.com/global-development/2026/aug/06/bikes-city-of-cycling-gender-barriers-colombias-capital-bogota-emissions;False;2026-08-06T12:00:00+02:00;https://www.theguardian.com;2026-08-22T16:54:13.937206+02:00
228;4f565f51-74fa-5db4-ac25-08c8622608b2;Abortion rights group endorses Democrat Troy Jackson in critical Maine Senate race;;https://www.theguardian.com/us-news/2026/aug/26/abortion-rights-group-endorses-democrat-troy-jackson-in-critical-maine-senate-race;https://www.theguardian.com/us-news/2026/aug/26/abortion-rights-group-endorses-democrat-troy-jackson-in-critical-maine-senate-race;False;2026-08-26T11:30:00+02:00;https://www.theguardian.com;2026-08-26T12:10:18.087115+02:00
229;50383619-7213-59f8-8aa4-9fe5117ce220;‘It brings me joy’: how young people are making CDs cool again;;https://www.theguardian.com/business/2026/aug/22/young-people-buying-all-in-one-cd-players;https://www.theguardian.com/business/2026/aug/22/young-people-buying-all-in-one-cd-players;False;2026-08-22T11:00:00+02:00;https://www.theguardian.com;2026-08-22T16:51:48.497807+02:00
230;50c33ac5-10eb-58e4-9389-c234e4926be0;" This article is more than 1 month old
Analysis
Weather tracker: Europe braces for another heat surge as tropical nights return
This article is more than 1 month old
Jodie Woodcock for MetDesk";;https://www.theguardian.com/environment/2026/jul/06/weather-tracker-europe-heat-tropical-nights-spain-france-portugal-uk-high-temperatures-typhoon-bavi;https://www.theguardian.com/environment/2026/jul/06/weather-tracker-europe-heat-tropical-nights-spain-france-portugal-uk-high-temperatures-typhoon-bavi;False;2026-07-06T11:40:00+02:00;https://www.theguardian.com;2026-08-23T22:08:53.524826+02:00
231;51f6cae8-3853-5e29-b28b-2a43401a05a3;Alarm over $20m plan to supply ICE officers with electric-shock gloves;;https://www.theguardian.com/us-news/2026/aug/24/ice-officers-electric-shock-gloves;https://www.theguardian.com/us-news/2026/aug/24/ice-officers-electric-shock-gloves;False;2026-08-24T12:00:00+02:00;https://www.theguardian.com;2026-08-24T12:23:40.922154+02:00
232;51fa433b-1c44-557f-9ae1-38bffbc47947;Tim Scott defends Darline Graham’s ‘national security is not my thing’ comment;;https://www.theguardian.com/us-news/2026/aug/23/tim-scott-defends-darline-graham;https://www.theguardian.com/us-news/2026/aug/23/tim-scott-defends-darline-graham;False;2026-08-23T19:18:00+02:00;https://www.theguardian.com;2026-08-23T21:55:01.592242+02:00
233;523e6524-039b-593c-aa78-f30edb6e8512;Three pro-Israel Democrats given key roles on House foreign affairs panel;;https://www.theguardian.com/us-news/2026/aug/26/pro-israel-democrats-house-foreign-affairs-committee;https://www.theguardian.com/us-news/2026/aug/26/pro-israel-democrats-house-foreign-affairs-committee;False;2026-08-26T17:23:00+02:00;https://www.theguardian.com;2026-08-26T17:27:02.693786+02:00
234;5285633f-8037-5ddc-aef2-d864eecb0a52;Iran-backed Houthis claim missile attack on Saudi Arabia as regional tensions escalate;;https://www.theguardian.com/world/2026/jul/25/houthis-vow-retaliate-saudi-strikes-yemen-iran-war;https://www.theguardian.com/world/2026/jul/25/houthis-vow-retaliate-saudi-strikes-yemen-iran-war;False;2026-07-25T14:28:00+02:00;https://www.theguardian.com;2026-08-22T20:28:21.137733+02:00
235;537f5df3-12a2-57b8-a93d-3472079d2889;"Americans say they lose weight in Europe – and I think I know why
Arwa Mahdawi";;https://www.theguardian.com/commentisfree/2026/aug/26/americans-say-they-lose-weight-in-europe-i-think-i-know-why-arwa-mahdawi;https://www.theguardian.com/commentisfree/2026/aug/26/americans-say-they-lose-weight-in-europe-i-think-i-know-why-arwa-mahdawi;False;2026-08-26T12:00:00+02:00;https://www.theguardian.com;2026-08-26T12:10:19.336376+02:00
236;53f43062-59d7-5d82-ad4a-a3b3797d5aca;Andy Burnham arrives in Ukraine with plans to share UK blueprints for long-range missiles - Europe live;;https://www.theguardian.com/world/live/2026/aug/24/europe-ukraine-russia-war-kyiv-andy-burnham-volodymyr-zelenskyy-latest-news-updates;https://www.theguardian.com/world/live/2026/aug/24/europe-ukraine-russia-war-kyiv-andy-burnham-volodymyr-zelenskyy-latest-news-updates;False;2026-08-24T09:33:00+02:00;https://www.theguardian.com;2026-08-24T09:39:06.326730+02:00
237;53fe634f-722d-5e63-ba0f-09ea4da0f24f;Nearly 1,500 missing, mostly tourists, after Nepal-Tibet flash flood kills at least 165;;https://www.theguardian.com/world/2026/aug/27/what-caused-nepal-flash-flood-glacial-collapse-tibet-border;https://www.theguardian.com/world/2026/aug/27/what-caused-nepal-flash-flood-glacial-collapse-tibet-border;False;2026-08-27T08:51:00+02:00;https://www.theguardian.com;2026-08-27T10:24:39.128988+02:00
238;53ffd389-bbd5-501d-a37c-e4ebaf570f9e;US deports 20 people to Liberia, the first of 1,200 migrants under Trump deal;;https://www.theguardian.com/us-news/2026/aug/20/liberia-deportation-agreement;https://www.theguardian.com/us-news/2026/aug/20/liberia-deportation-agreement;False;2026-08-20T21:57:00+02:00;https://www.theguardian.com;2026-08-23T22:09:04.286977+02:00
239;56061a63-b99c-5098-be9e-a5df26db64e7;Ukrainian diver arrested in Croatia over Nord Stream pipeline bombings;;https://www.theguardian.com/business/2026/aug/19/ukrainian-diver-arrested-in-croatia-over-nord-stream-pipeline-bombings;https://www.theguardian.com/business/2026/aug/19/ukrainian-diver-arrested-in-croatia-over-nord-stream-pipeline-bombings;False;2026-08-19T16:14:00+02:00;https://www.theguardian.com;2026-08-22T16:54:29.640528+02:00
240;5674c85c-963c-5ec9-9f74-31354102a845;"Canadians do not seek a trade war – but neither will we be bullied by Donald Trump
Jen Gerson";;https://www.theguardian.com/commentisfree/2026/aug/25/canadians-trade-war-bullied-donald-trump-alliance-rupture;https://www.theguardian.com/commentisfree/2026/aug/25/canadians-trade-war-bullied-donald-trump-alliance-rupture;False;2026-08-25T07:00:00+02:00;https://www.theguardian.com;2026-08-25T09:50:30.576251+02:00
241;5681f303-76aa-5832-9f15-e18a1fdc906e;Tiananmen Square vigil organisers in Hong Kong found guilty of ‘inciting subversion’;;https://www.theguardian.com/world/2026/aug/21/tiananmen-square-vigil-hong-kong-alliance-activists-guilty-verdict-lee-cheuk-yan-chow-hang-tung;https://www.theguardian.com/world/2026/aug/21/tiananmen-square-vigil-hong-kong-alliance-activists-guilty-verdict-lee-cheuk-yan-chow-hang-tung;False;2026-08-21T12:43:00+02:00;https://www.theguardian.com;2026-08-22T16:51:34.474629+02:00
242;56ec96c1-0692-5cbc-961e-5531dcf07a5d;Guns, axes, explosives: violent museum heists are on the rise, says Europol;;https://www.theguardian.com/culture/2026/aug/24/violent-museum-robberies-europol-report;https://www.theguardian.com/culture/2026/aug/24/violent-museum-robberies-europol-report;False;2026-08-24T16:31:00+02:00;https://www.theguardian.com;2026-08-24T17:50:22.098925+02:00
243;575bf4d7-d341-54b8-b9f7-f9ae04df514a;"The Guardian view on the French left: division makes Marine Le Pen’s path to the Élysée more straightforward
Editorial";;https://www.theguardian.com/commentisfree/2026/aug/25/the-guardian-view-on-the-french-left-division-makes-marine-le-pens-path-to-the-elysee-more-straightforward;https://www.theguardian.com/commentisfree/2026/aug/25/the-guardian-view-on-the-french-left-division-makes-marine-le-pens-path-to-the-elysee-more-straightforward;False;2026-08-25T19:27:00+02:00;https://www.theguardian.com;2026-08-25T19:43:41.053434+02:00
244;575e0b41-7094-5ecd-b132-eee5c09292ac;Democrats demand answers over treatment of wounded US troops after Iran strike;;https://www.theguardian.com/us-news/2026/jul/30/iran-strike-democrats-troops-wounded;https://www.theguardian.com/us-news/2026/jul/30/iran-strike-democrats-troops-wounded;False;2026-07-30T16:58:00+02:00;https://www.theguardian.com;2026-08-22T20:30:41.118531+02:00
245;578e142e-c6d8-58fe-9e9b-ff6172f7ba7a;Burnham plans trip to New York as Ukraine pleads for US-made missiles;;https://www.theguardian.com/politics/2026/aug/25/andy-burnham-us-new-york-ukraine-patriot-missiles;https://www.theguardian.com/politics/2026/aug/25/andy-burnham-us-new-york-ukraine-patriot-missiles;False;2026-08-25T09:03:00+02:00;https://www.theguardian.com;2026-08-25T09:50:21.763240+02:00
246;58001755-4959-5846-85d7-12b49f206ef5;Andy Burnham says he wants to bring men’s World Cup back to UK in 2042;;https://www.theguardian.com/politics/2026/aug/22/andy-burnham-uk-host-mens-world-cup-football-2042;https://www.theguardian.com/politics/2026/aug/22/andy-burnham-uk-host-mens-world-cup-football-2042;False;2026-08-22T14:13:00+02:00;https://www.theguardian.com;2026-08-22T16:51:47.718415+02:00
247;580b3d94-2127-51f1-a474-9202b85f4b95;‘Pack of lies’: Robert Jenrick launches personal attack on Kemi Badenoch;;https://www.theguardian.com/politics/2026/aug/26/robert-jenrick-personal-attack-kemi-badenoch-lies;https://www.theguardian.com/politics/2026/aug/26/robert-jenrick-personal-attack-kemi-badenoch-lies;False;2026-08-26T17:00:00+02:00;https://www.theguardian.com;2026-08-26T17:27:00.194519+02:00
248;5835a8b8-515f-55f9-a323-00f8816f850f;Nepal floods: missing Australians identified as children as young as 11 among those yet to be found;;https://www.theguardian.com/australia-news/2026/aug/27/children-among-australian-tourists-missing-feared-dead-nepal-tibet-floods;https://www.theguardian.com/australia-news/2026/aug/27/children-among-australian-tourists-missing-feared-dead-nepal-tibet-floods;False;2026-08-27T09:45:00+02:00;https://www.theguardian.com;2026-08-27T10:24:42.100817+02:00
249;59bf910c-914b-58c1-9033-348c7c6991fc;Ending private health rebate for Australians 65 and over is ‘good policy change’, report co-author finds;;https://www.theguardian.com/australia-news/2026/aug/27/private-health-insurance-rebate-65-and-over;https://www.theguardian.com/australia-news/2026/aug/27/private-health-insurance-rebate-65-and-over;False;2026-08-26T17:00:00+02:00;https://www.theguardian.com;2026-08-26T17:26:58.956313+02:00
250;59f8744f-f454-5000-b430-55139fa37fbd;" This article is more than 1 month old
Explainer
How the Bab al-Mandab blockade threat helped push oil back above $100
This article is more than 1 month old";;https://www.theguardian.com/business/2026/jul/23/bab-al-mandab-blockade-push-oil-100-houthi-ships;https://www.theguardian.com/business/2026/jul/23/bab-al-mandab-blockade-push-oil-100-houthi-ships;False;2026-07-23T18:04:00+02:00;https://www.theguardian.com;2026-08-23T22:08:45.365584+02:00
251;5a2237d3-ae14-5356-88d9-960a82682800;Persuasion, denial and bluster: Trump ‘stuck’ on Iran war ahead of elections;;https://www.theguardian.com/us-news/ng-interactive/2026/aug/22/trump-iran-war-midterm-elections;https://www.theguardian.com/us-news/ng-interactive/2026/aug/22/trump-iran-war-midterm-elections;False;2026-08-22T11:00:00+02:00;https://www.theguardian.com;2026-08-23T22:08:38.012963+02:00
252;5a56e444-0e69-5524-bf84-38f4580bf484;Hundreds arrested on suspicion of arson in France as wildfires rage across Europe;;https://www.theguardian.com/world/2026/aug/14/arrested-suspicion-starting-wildfires-europe-france;https://www.theguardian.com/world/2026/aug/14/arrested-suspicion-starting-wildfires-europe-france;False;2026-08-15T17:32:00+02:00;https://www.theguardian.com;2026-08-22T16:54:32.608876+02:00
253;5a6399b8-c135-5db8-bee3-28a3b84b9b1b;"In Poland, compassion for Ukrainians has turned to contempt. The consequences could be dramatic
Mateusz Mazzini";;https://www.theguardian.com/commentisfree/2026/aug/26/poland-ukrainians-compassion-contempt-warsaw-refugees-kyiv;https://www.theguardian.com/commentisfree/2026/aug/26/poland-ukrainians-compassion-contempt-warsaw-refugees-kyiv;False;2026-08-26T06:00:00+02:00;https://www.theguardian.com;2026-08-26T10:56:01.151938+02:00
254;5a67a5ba-5b02-5d02-958a-68397db1ed99;" This article is more than 1 month old
Analysis
Weather tracker: Typhoon leaves people stranded on rooftops in China
This article is more than 1 month old
Megan Davies and Daniel Harris for MetDesk";;https://www.theguardian.com/world/2026/jul/10/weather-tracker-typhoon-leaves-people-stranded-on-rooftops-in-china;https://www.theguardian.com/world/2026/jul/10/weather-tracker-typhoon-leaves-people-stranded-on-rooftops-in-china;False;2026-07-10T11:18:00+02:00;https://www.theguardian.com;2026-08-22T18:13:25.322645+02:00
255;5af00b24-44f8-5ae9-be1d-299ed33bb13a;Australia may face a rush of datacentre construction as AI firms look to dodge upcoming rules, experts say;;https://www.theguardian.com/australia-news/2026/aug/26/australia-may-face-a-rush-of-datacentre-construction-as-ai-firms-look-to-dodge-upcoming-rules-experts-say;https://www.theguardian.com/australia-news/2026/aug/26/australia-may-face-a-rush-of-datacentre-construction-as-ai-firms-look-to-dodge-upcoming-rules-experts-say;False;2026-08-25T17:00:00+02:00;https://www.theguardian.com;2026-08-25T17:32:07.288998+02:00
256;5bd7771a-4f26-5fa6-9b67-fbf0a1009a6a;" This article is more than 1 month old
Analysis
Weather tracker: Thunderstorms strike across Europe amid record heatwave
This article is more than 1 month old
Magdalena Shopova for MetDesk";;https://www.theguardian.com/environment/2026/jul/17/weather-tracker-thunderstorms-strike-across-europe-amid-record-heatwave;https://www.theguardian.com/environment/2026/jul/17/weather-tracker-thunderstorms-strike-across-europe-amid-record-heatwave;False;2026-07-17T10:35:00+02:00;https://www.theguardian.com;2026-08-23T22:08:53.031850+02:00
257;5bdfd1e3-8627-5af2-b9e2-942c546348a5;Nepal flash flood live updates: more than 1,000 people missing after glacial collapse at Tibet border;;https://www.theguardian.com/world/live/2026/aug/27/nepal-flash-flood-live-updates-tibet-border-death-toll-missing-himalayas-floods-flooding-latest-news;https://www.theguardian.com/world/live/2026/aug/27/nepal-flash-flood-live-updates-tibet-border-death-toll-missing-himalayas-floods-flooding-latest-news;False;2026-08-27T10:15:00+02:00;https://www.theguardian.com;2026-08-27T10:24:45.652530+02:00
258;5c263959-7ad6-5c48-bd28-113cddd73250;Bluster and backdown have turned Iran war into Trump’s own Groundhog Day;;https://www.theguardian.com/world/ng-interactive/2026/aug/08/trump-iran-war-criticism-groundhog-day;https://www.theguardian.com/world/ng-interactive/2026/aug/08/trump-iran-war-criticism-groundhog-day;False;2026-08-08T11:00:00+02:00;https://www.theguardian.com;2026-08-23T22:08:50.326663+02:00
259;5c2f91ad-834b-53ed-82b3-7b47bcdc10e5;The return of the caspian tiger: how a species feared extinct has come back to Kazakhstan;;https://www.theguardian.com/environment/2026/aug/11/extinction-caspian-tiger-release-female-kazakhstan-aoe;https://www.theguardian.com/environment/2026/aug/11/extinction-caspian-tiger-release-female-kazakhstan-aoe;False;2026-08-11T12:00:00+02:00;https://www.theguardian.com;2026-08-23T22:09:08.154288+02:00
260;5c3bb3a0-03f5-50e7-b3df-9618a434f4c5;‘Pent-up demand’: First home buyers chase more loans as property investors step back, data shows;;https://www.theguardian.com/australia-news/2026/aug/24/first-home-buyers-property-investors-mortgage-loan;https://www.theguardian.com/australia-news/2026/aug/24/first-home-buyers-property-investors-mortgage-loan;False;2026-08-23T17:00:00+02:00;https://www.theguardian.com;2026-08-23T17:19:11.369329+02:00
261;5cebb17e-100d-5cdb-b443-1c6d044aaebc;Iran says a deal with Oman to reopen the strait of Hormuz is close to being finalised – as it happened;;https://www.theguardian.com/world/live/2026/aug/06/iran-oman-strait-of-hormuz-yemen-houthis-israel-lebanon-gaza-us-donald-trump-middle-east-crisis-live-news;https://www.theguardian.com/world/live/2026/aug/06/iran-oman-strait-of-hormuz-yemen-houthis-israel-lebanon-gaza-us-donald-trump-middle-east-crisis-live-news;False;2026-08-06T21:15:00+02:00;https://www.theguardian.com;2026-08-23T22:04:32.184076+02:00
262;5d0bc447-ee90-535d-acbc-fb17a0ed6df5;Corgi high fashion and at the races: in pictures ;;https://www.theguardian.com/artanddesign/gallery/2026/aug/15/corgi-high-fashion-and-at-the-races-in-pictures;https://www.theguardian.com/artanddesign/gallery/2026/aug/15/corgi-high-fashion-and-at-the-races-in-pictures;False;2026-08-15T23:19:00+02:00;https://www.theguardian.com;2026-08-23T22:09:14.365849+02:00
263;5dd8fb95-e3cd-512e-80b5-3559e22fe51d;Raheem Sterling charged with dangerous driving and nitrous oxide possession;;https://www.theguardian.com/football/2026/aug/26/raheem-sterling-charged-with-dangerous-driving-and-nitrous-oxide-possession;https://www.theguardian.com/football/2026/aug/26/raheem-sterling-charged-with-dangerous-driving-and-nitrous-oxide-possession;False;2026-08-26T10:34:00+02:00;https://www.theguardian.com;2026-08-26T10:55:56.169236+02:00
264;5ddbf0fe-d685-5b8e-b6c6-8b25b4ef1124;Brazil’s vast iron mine that supplies the world and fractures the Amazon – in pictures;;https://www.theguardian.com/global-development/gallery/2026/aug/21/brazils-vast-iron-mine-that-supplies-the-world-and-fractures-the-amazon-in-pictures;https://www.theguardian.com/global-development/gallery/2026/aug/21/brazils-vast-iron-mine-that-supplies-the-world-and-fractures-the-amazon-in-pictures;False;2026-08-21T14:00:00+02:00;https://www.theguardian.com;2026-08-23T22:09:38.858325+02:00
265;5e1b01b4-1015-563e-a4e3-d7a96a452776;Iran’s president denies threatening to resign during talks over strait of Hormuz;;https://www.theguardian.com/world/2026/aug/04/irans-president-denies-threatening-to-resign-during-talks-over-strait-of-hormuz;https://www.theguardian.com/world/2026/aug/04/irans-president-denies-threatening-to-resign-during-talks-over-strait-of-hormuz;False;2026-08-04T20:24:00+02:00;https://www.theguardian.com;2026-08-22T20:29:43.279485+02:00
266;5e2cd566-e75b-5e5b-80a1-cd1548bb6711;Colombia’s new president Abelardo de la Espriella announces immigration crackdown;;https://www.theguardian.com/world/2026/aug/25/colombia-immigration-crackdown-president-abelardo-de-la-espriella;https://www.theguardian.com/world/2026/aug/25/colombia-immigration-crackdown-president-abelardo-de-la-espriella;False;2026-08-25T02:34:00+02:00;https://www.theguardian.com;2026-08-25T09:50:14.424686+02:00
267;5e86f71b-3328-5fe3-a884-b100b0333879;Wednesday briefing: How Canada has turned a trade dispute into a defence of its sovereignty;;https://www.theguardian.com/world/2026/aug/26/wednesday-briefing-how-canada-has-turned-a-trade-dispute-into-a-defence-of-its-sovereignty;https://www.theguardian.com/world/2026/aug/26/wednesday-briefing-how-canada-has-turned-a-trade-dispute-into-a-defence-of-its-sovereignty;False;2026-08-26T07:47:00+02:00;https://www.theguardian.com;2026-08-26T10:55:58.833244+02:00
268;5e896920-76b1-5d7a-a9ab-6233d7a8f001;Fast-moving wildfire in Reno, Nevada, forces tens of thousands to evacuate homes;;https://www.theguardian.com/us-news/2026/aug/23/wildfire-reno-nevada-hawk-fire;https://www.theguardian.com/us-news/2026/aug/23/wildfire-reno-nevada-hawk-fire;False;2026-08-23T20:22:00+02:00;https://www.theguardian.com;2026-08-23T21:55:00.684938+02:00
269;5e9eccf3-4766-56cd-bfc5-a22eec59db8b;40,000 bottles of eye drops across the US recalled over issues with sterility of product;;https://www.theguardian.com/us-news/2026/aug/22/eyedrop-recall-clear-eyes;https://www.theguardian.com/us-news/2026/aug/22/eyedrop-recall-clear-eyes;False;2026-08-22T17:44:00+02:00;https://www.theguardian.com;2026-08-22T18:13:31.152682+02:00
270;6021a600-f688-599f-b379-1ad0c4cd65f4;Alan Jones and fellow 2GB host referred to SMH and reporter as ‘pigs in the media’, court hears;;https://www.theguardian.com/australia-news/2026/aug/25/alan-jones-trial-2gb-host-called-smh-pigs-ntwnfb;https://www.theguardian.com/australia-news/2026/aug/25/alan-jones-trial-2gb-host-called-smh-pigs-ntwnfb;False;2026-08-25T09:46:00+02:00;https://www.theguardian.com;2026-08-25T16:10:54.900071+02:00
271;60268e83-f6ef-5759-ba92-4f168c818658;" This article is more than 1 year old
‘They slaughtered us like animals’: the inside story of how one of the biggest atrocities of the Sudan war unfolded in Zamzam
This article is more than 1 year old";;https://www.theguardian.com/global-development/2025/aug/07/genocide-sudan-zamzam-camp-timeline;https://www.theguardian.com/global-development/2025/aug/07/genocide-sudan-zamzam-camp-timeline;False;2025-08-07T06:00:00+02:00;https://www.theguardian.com;2026-08-23T22:09:28.530205+02:00
272;602c6b4b-b1a8-50ba-ac19-ab59a757c2f2;Trump threatens to bomb Oman if it ‘gets in the way’ of Iran deal as Kushner meets Netanyahu – as it happened;;https://www.theguardian.com/world/live/2026/aug/17/trump-kushner-netanyahu-hamas-gaza-israel-blair-us-iran-hormuz-oil-latest-news-updates;https://www.theguardian.com/world/live/2026/aug/17/trump-kushner-netanyahu-hamas-gaza-israel-blair-us-iran-hormuz-oil-latest-news-updates;False;2026-08-17T18:48:00+02:00;https://www.theguardian.com;2026-08-23T22:04:31.048869+02:00
273;6079b10d-0b79-53be-8c7e-f1119fa99b5f;" This article is more than 5 months old
‘Extraordinary cruelty’: images show longterm ‘starvation strategy’ in Sudan
This article is more than 5 months old";;https://www.theguardian.com/global-development/ng-interactive/2026/mar/10/extraordinary-cruelty-images-show-longterm-starvation-strategy-in-sudan;https://www.theguardian.com/global-development/ng-interactive/2026/mar/10/extraordinary-cruelty-images-show-longterm-starvation-strategy-in-sudan;False;2026-03-10T08:00:00+01:00;https://www.theguardian.com;2026-08-22T16:54:19.113199+02:00
274;6149a7ba-9bc6-5eab-a0f2-08e109292198;"Australia news live: Man arrested after allegedly attacking woman and boy in Melbourne CBD; Richmond denies players ‘making light’ of Swans scandal in footage";;https://www.theguardian.com/australia-news/live/2026/aug/25/australia-news-live-sydney-trains-delays-cancellations-albanese-gst-wa-one-nation-coalition-secret-harbour-election-tax-reform-royal-commission-antisemitism-icac-victorian-rail-loop-alan-jones-trial-ntwnfb;https://www.theguardian.com/australia-news/live/2026/aug/25/australia-news-live-sydney-trains-delays-cancellations-albanese-gst-wa-one-nation-coalition-secret-harbour-election-tax-reform-royal-commission-antisemitism-icac-victorian-rail-loop-alan-jones-trial-ntwnfb;False;2026-08-25T09:44:00+02:00;https://www.theguardian.com;2026-08-25T09:50:16.918679+02:00
275;61818de0-d5c1-5442-90bc-c6b20753f99b;Target apologizes for ‘offensive’ Halloween costume after backlash;;https://www.theguardian.com/us-news/2026/aug/24/target-apology-halloween-costume-backlash;https://www.theguardian.com/us-news/2026/aug/24/target-apology-halloween-costume-backlash;False;2026-08-24T23:29:00+02:00;https://www.theguardian.com;2026-08-25T09:50:28.192111+02:00
276;61b42a3b-ee4e-5199-8018-13f12307b817;Ex-Myanmar ambassador to UK on trial for trespassing in diplomatic residence;;https://www.theguardian.com/uk-news/2026/aug/12/ex-myanmar-ambassador-uk-kyaw-zwar-minn-trial-trespassing-diplomatic-residence;https://www.theguardian.com/uk-news/2026/aug/12/ex-myanmar-ambassador-uk-kyaw-zwar-minn-trial-trespassing-diplomatic-residence;False;2026-08-12T20:01:00+02:00;https://www.theguardian.com;2026-08-22T16:51:45.777884+02:00
277;622d8484-a9ac-5162-bb16-6ec1d488b5b3;Wild swimming linked to higher risk of stomach bugs and skin rashes;;https://www.theguardian.com/lifeandstyle/2026/aug/27/wild-swimming-higher-risk-stomach-bugs-skin-rashes-uea;https://www.theguardian.com/lifeandstyle/2026/aug/27/wild-swimming-higher-risk-stomach-bugs-skin-rashes-uea;False;2026-08-27T07:00:00+02:00;https://www.theguardian.com;2026-08-27T10:24:47.286057+02:00
278;62b72b38-ed9a-539c-82e9-9cb6c36e4f2b;Fears grow for fourth rate hike after Australia sees higher-than-expected July inflation;;https://www.theguardian.com/australia-news/2026/aug/26/fears-grow-for-fourth-rate-hike-after-higher-than-expected-july-inflation-rate;https://www.theguardian.com/australia-news/2026/aug/26/fears-grow-for-fourth-rate-hike-after-higher-than-expected-july-inflation-rate;False;2026-08-26T08:44:00+02:00;https://www.theguardian.com;2026-08-26T10:55:52.124874+02:00
279;62e04e43-cbc3-565a-84da-c90853cafada;Too smart to eat? Why octopus farms are such a slippery problem;;https://www.theguardian.com/environment/2026/aug/13/environment-food-farming-intelligence-eating-octopus-ethics-sustainability;https://www.theguardian.com/environment/2026/aug/13/environment-food-farming-intelligence-eating-octopus-ethics-sustainability;False;2026-08-13T06:00:00+02:00;https://www.theguardian.com;2026-08-23T22:09:38.363400+02:00
280;63266473-0c1e-57e0-a788-a146f823df8e;"With ICC sanctions, Trump wants to make the world safe for war criminals
Kenneth Roth";;https://www.theguardian.com/commentisfree/2026/aug/21/icc-sanctions-trump-war-criminals;https://www.theguardian.com/commentisfree/2026/aug/21/icc-sanctions-trump-war-criminals;False;2026-08-21T14:00:00+02:00;https://www.theguardian.com;2026-08-23T22:09:13.152203+02:00
281;636c278e-3d16-5dbe-b56e-4a10c4cbf941;Fashion tech founder sentenced to prison for $300m fraud scheme;;https://www.theguardian.com/business/2026/aug/20/christine-hunsicker-caastle-sentenced-prison;https://www.theguardian.com/business/2026/aug/20/christine-hunsicker-caastle-sentenced-prison;False;2026-08-21T00:27:00+02:00;https://www.theguardian.com;2026-08-23T22:09:16.893438+02:00
282;637379da-1482-5d92-a3cd-6139e40a53cb;Trump-backed Ken Paxton unveils ‘Texas first’ datacenter plan aimed at ‘negative impact’;;https://www.theguardian.com/us-news/2026/aug/25/ken-paxton-datacenters-plan-texas;https://www.theguardian.com/us-news/2026/aug/25/ken-paxton-datacenters-plan-texas;False;2026-08-25T19:54:00+02:00;https://www.theguardian.com;2026-08-26T10:56:06.384843+02:00
283;63a2c345-553c-5729-87df-8bbffa1dbb53;New UK cost of living crisis looms with soaring energy bills forecast to lift inflation;;https://www.theguardian.com/business/2026/aug/16/new-uk-cost-of-living-crisis-looms-rising-energy-bills-inflation;https://www.theguardian.com/business/2026/aug/16/new-uk-cost-of-living-crisis-looms-rising-energy-bills-inflation;False;2026-08-16T10:42:00+02:00;https://www.theguardian.com;2026-08-22T20:30:16.098427+02:00
284;6515d367-f110-5b8e-867d-b6906c4be361;" This article is more than 4 months old
Analysis
Weather tracker: hail covers parts of Tunisia and Algeria like snow
This article is more than 4 months old
Faye Hulton for MetDesk";;https://www.theguardian.com/environment/2026/apr/17/weather-tracker-hail-covers-parts-of-tunisia-and-algeria-like-snow;https://www.theguardian.com/environment/2026/apr/17/weather-tracker-hail-covers-parts-of-tunisia-and-algeria-like-snow;False;2026-04-17T09:49:00+02:00;https://www.theguardian.com;2026-08-22T20:30:53.709938+02:00
285;654704f3-d717-5927-811b-295dd263e03b;Typhoon Narra: record flood waters submerge homes and force mass evacuations in China;;https://www.theguardian.com/world/2026/aug/26/typhoon-narra-floods-evacuations-china;https://www.theguardian.com/world/2026/aug/26/typhoon-narra-floods-evacuations-china;False;2026-08-26T03:46:00+02:00;https://www.theguardian.com;2026-08-26T10:55:47.587666+02:00
286;659590b9-6f39-5173-9f39-7776ff282e4c;Luka Dončić looks like a superstar adrift at the Lakers;;https://www.theguardian.com/sport/2026/aug/25/luka-doncic-lakers-future;https://www.theguardian.com/sport/2026/aug/25/luka-doncic-lakers-future;False;2026-08-25T11:00:00+02:00;https://www.theguardian.com;2026-08-25T16:11:12.967992+02:00
287;6613daf8-bf80-5af1-9d32-1ec6b528fd4d;Ships stuck in strait of Hormuz pose ‘super-spreader’ biodiversity threat, scientists warn;;https://www.theguardian.com/environment/2026/jul/29/biodiversity-superspreader-invasive-species-threat-ships-stuck-strait-hormuz-gulf;https://www.theguardian.com/environment/2026/jul/29/biodiversity-superspreader-invasive-species-threat-ships-stuck-strait-hormuz-gulf;False;2026-07-29T07:00:00+02:00;https://www.theguardian.com;2026-08-22T20:28:18.834785+02:00
288;6614e3bb-dd65-54e1-9552-3f3ce1c81adc;" This article is more than 8 months old
Analysis
Weather tracker: Bushfires ravage Western Australia as temperatures soar
This article is more than 8 months old
Ollie Lewis and James Michelin";;https://www.theguardian.com/environment/2025/dec/15/weather-tracker-bushfires-western-australia-temperatures;https://www.theguardian.com/environment/2025/dec/15/weather-tracker-bushfires-western-australia-temperatures;False;2025-12-15T09:54:00+01:00;https://www.theguardian.com;2026-08-22T20:31:09.657895+02:00
289;6680b005-56f0-5da4-8402-860def36fbf2;"Analysis
Iran’s war with the US is not its only conflict as internal crises mount
Patrick Wintour
Diplomatic editor";;https://www.theguardian.com/world/2026/jul/30/iran-war-us-conflict-internal-crises-economy-dissent;https://www.theguardian.com/world/2026/jul/30/iran-war-us-conflict-internal-crises-economy-dissent;False;2026-07-30T17:24:00+02:00;https://www.theguardian.com;2026-08-22T20:30:40.308797+02:00
290;66c1d054-1566-56d3-a461-a234f53c9179;South Carolina chooses Darline Graham as Republican nominee for US Senate;;https://www.theguardian.com/us-news/2026/aug/25/south-carolina-senate-republican-primary-runoff;https://www.theguardian.com/us-news/2026/aug/25/south-carolina-senate-republican-primary-runoff;False;2026-08-26T03:06:00+02:00;https://www.theguardian.com;2026-08-26T10:56:03.256852+02:00
291;6700e36e-d218-597f-b665-dc5a09d4599b;" This article is more than 4 months old
More than £1bn pledged for Sudan as humanitarian crisis deepens
This article is more than 4 months old";;https://www.theguardian.com/global-development/2026/apr/15/more-than-1bn-pledged-for-sudan-as-humanitarian-crisis-deepens;https://www.theguardian.com/global-development/2026/apr/15/more-than-1bn-pledged-for-sudan-as-humanitarian-crisis-deepens;False;2026-04-15T19:49:00+02:00;https://www.theguardian.com;2026-08-22T16:54:08.915173+02:00
292;670e19af-35a3-5f8d-ab75-d780209f7c6d;Trump EPA aims to exempt datacenters from disclosing air pollution, advocates warn;;https://www.theguardian.com/us-news/2026/aug/25/datacenters-air-pollution-epa;https://www.theguardian.com/us-news/2026/aug/25/datacenters-air-pollution-epa;False;2026-08-25T13:00:00+02:00;https://www.theguardian.com;2026-08-25T16:11:01.154035+02:00
293;68839b7d-0d82-5e48-b396-13a46ad66cd4;Wiped out: US faces surging toilet paper prices amid trade war with Canada;;https://www.theguardian.com/us-news/2026/aug/26/paper-product-toilet-paper-tariffs-us-canada;https://www.theguardian.com/us-news/2026/aug/26/paper-product-toilet-paper-tariffs-us-canada;False;2026-08-26T12:00:00+02:00;https://www.theguardian.com;2026-08-26T12:10:15.121334+02:00
294;68859281-1066-58c6-8718-0da1a8e8d544;"Trump’s tough-guy image has been undone by his own actions
Mohamad Bazzi";;https://www.theguardian.com/commentisfree/2026/aug/17/trump-tough-guy-image-catering-truck;https://www.theguardian.com/commentisfree/2026/aug/17/trump-tough-guy-image-catering-truck;False;2026-08-17T12:00:00+02:00;https://www.theguardian.com;2026-08-23T22:08:47.851552+02:00
295;68c304c6-2817-5562-a36d-5c8b8d362ac9;‘Enough is enough’: 121 Indigenous Victorians have died by suicide in the past five years;;https://www.theguardian.com/australia-news/2026/aug/25/indigenous-australia-victoria-suicide-mental-health-ntwnfb;https://www.theguardian.com/australia-news/2026/aug/25/indigenous-australia-victoria-suicide-mental-health-ntwnfb;False;2026-08-25T09:06:00+02:00;https://www.theguardian.com;2026-08-25T09:50:18.261341+02:00
296;68d02622-4668-512b-973e-acd122393fb2;Australia news live: transport regulator investigating two more incidents at Sydney airport, taking tally to six in a month;;https://www.theguardian.com/australia-news/live/2026/aug/26/national-cabinet-datacentres-cpi-inflation-data-politics-reactions-anthony-albansese-labor-angus-taylor-coalition-ntwnfb;https://www.theguardian.com/australia-news/live/2026/aug/26/national-cabinet-datacentres-cpi-inflation-data-politics-reactions-anthony-albansese-labor-angus-taylor-coalition-ntwnfb;False;2026-08-26T10:52:00+02:00;https://www.theguardian.com;2026-08-26T10:55:48.679894+02:00
297;69219226-5f62-5dcd-9efe-ac71a9c927c2;" This article is more than 1 month old
Why the UK is accused of allowing the UAE to fuel war in Sudan – video explainer
This article is more than 1 month old";;https://www.theguardian.com/global-development/video/2026/jul/01/why-uk-accused-allowing-uae-fuel-war-sudan-video-explainer;https://www.theguardian.com/global-development/video/2026/jul/01/why-uk-accused-allowing-uae-fuel-war-sudan-video-explainer;False;2026-07-01T13:32:00+02:00;https://www.theguardian.com;2026-08-22T16:54:14.698255+02:00
298;69982cec-60ac-5a1c-ab57-fa18fee225c1;Woman allegedly repeatedly stabbed with scissors while protecting son from ‘random’ Melbourne CBD attack;;https://www.theguardian.com/australia-news/2026/aug/25/woman-allegedly-repeatedly-stabbed-with-scissors-while-protecting-son-from-random-melbourne-cbd-attack-ntwnfb;https://www.theguardian.com/australia-news/2026/aug/25/woman-allegedly-repeatedly-stabbed-with-scissors-while-protecting-son-from-random-melbourne-cbd-attack-ntwnfb;False;2026-08-25T11:01:00+02:00;https://www.theguardian.com;2026-08-25T16:10:53.296638+02:00
299;69f671ed-3153-5e8c-a60b-6ff483be594f;US pauses Iran attacks after Trump advised to halt bombing;;https://www.theguardian.com/world/2026/jul/26/us-pauses-trump-netanyahu-attacks-on-iran-talks-hormuz;https://www.theguardian.com/world/2026/jul/26/us-pauses-trump-netanyahu-attacks-on-iran-talks-hormuz;False;2026-07-27T08:33:00+02:00;https://www.theguardian.com;2026-08-22T20:28:20.238963+02:00
300;6a143282-6e6b-5391-b432-2709ab7b933c;" This article is more than 3 months old
Analysis
Weather tracker: Heavy rain triggers flooding and landslides in parts of China
This article is more than 3 months old
Magdalena Shopova for MetDesk";;https://www.theguardian.com/environment/2026/may/22/slow-moving-bands-heavy-rain-flooding-landslides-china;https://www.theguardian.com/environment/2026/may/22/slow-moving-bands-heavy-rain-flooding-landslides-china;False;2026-05-22T10:04:00+02:00;https://www.theguardian.com;2026-08-23T22:08:57.252174+02:00
301;6abe45b8-5e63-599e-b0d9-3be0ea67a06d;Sonya Massey’s family says death of sheriff’s deputy who killed her ‘doesn’t feel like justice’;;https://www.theguardian.com/us-news/2026/aug/26/sonya-massey-family-sean-grayson-death;https://www.theguardian.com/us-news/2026/aug/26/sonya-massey-family-sean-grayson-death;False;2026-08-26T12:00:00+02:00;https://www.theguardian.com;2026-08-26T12:10:17.324290+02:00
302;6b531331-e684-5141-8ed9-01838889b984;Multiple people killed in shooting at Montana home also set on fire, officials say;;https://www.theguardian.com/us-news/2026/aug/25/billings-montana-shooting-home-fire;https://www.theguardian.com/us-news/2026/aug/25/billings-montana-shooting-home-fire;False;2026-08-25T19:09:00+02:00;https://www.theguardian.com;2026-08-25T19:43:38.552514+02:00
303;6b71b8d9-0591-570f-aeb6-1ec54fbd8ce5;"The flag culture wars have come to an unlikely place: progressive Iceland
Alexander Hurst";;https://www.theguardian.com/commentisfree/2026/aug/19/flag-culture-wars-progressive-iceland-far-right;https://www.theguardian.com/commentisfree/2026/aug/19/flag-culture-wars-progressive-iceland-far-right;False;2026-08-19T06:00:00+02:00;https://www.theguardian.com;2026-08-22T16:53:39.018590+02:00
304;6ba4f1ed-aa84-5198-ba5c-12c5b63015be;" This article is more than 1 month old
Why a surge in sexually transmitted infections in Europe should worry everybody
This article is more than 1 month old
Peter Beyer";;https://www.theguardian.com/global-development/2026/jun/30/sexually-transmitted-infections-europe-world-drug-resistant-bacteria-amr;https://www.theguardian.com/global-development/2026/jun/30/sexually-transmitted-infections-europe-world-drug-resistant-bacteria-amr;False;2026-06-30T08:00:00+02:00;https://www.theguardian.com;2026-08-23T22:09:25.158619+02:00
305;6c34c611-4bce-5e22-ad3c-4bf15ea7781c;Pauline Hanson adds to confusion over One Nation’s immigration policy – as it happened;;https://www.theguardian.com/australia-news/live/2026/aug/27/australia-news-live-ai-datacentres-national-cabinet-renewable-energy-icac-perrottet-alan-jones-bruce-lehrmann-qantas-sydney-melbourne-nepal-floods-ntwnfb;https://www.theguardian.com/australia-news/live/2026/aug/27/australia-news-live-ai-datacentres-national-cabinet-renewable-energy-icac-perrottet-alan-jones-bruce-lehrmann-qantas-sydney-melbourne-nepal-floods-ntwnfb;False;2026-08-27T09:36:00+02:00;https://www.theguardian.com;2026-08-27T10:24:42.727653+02:00
306;6ccc0e26-bf86-5427-9306-023d850a24be;​W​hy are European leaders staying silent after our summer of climate shock?;;https://www.theguardian.com/world/2026/aug/26/why-are-european-leaders-staying-silent-after-our-summer-of-climate-shock;https://www.theguardian.com/world/2026/aug/26/why-are-european-leaders-staying-silent-after-our-summer-of-climate-shock;False;2026-08-26T16:40:00+02:00;https://www.theguardian.com;2026-08-26T16:56:56.163822+02:00
307;6cd8a981-77de-5869-834c-0f8e94c14f16;Iran strikes tankers under US escort in Hormuz strait as Trump gathers cabinet to discuss war;;https://www.theguardian.com/world/2026/jul/31/iran-strikes-tankers-us-escort-hormuz-strait-trump-gathers-cabinet;https://www.theguardian.com/world/2026/jul/31/iran-strikes-tankers-us-escort-hormuz-strait-trump-gathers-cabinet;False;2026-07-31T16:48:00+02:00;https://www.theguardian.com;2026-08-22T20:28:14.157825+02:00
308;6d5603ca-b339-526f-8eef-8408185e5b28;Photo of Disraeli among missing parliamentary works of art, FoI request finds;;https://www.theguardian.com/politics/2026/aug/24/photo-of-disraeli-among-missing-parliamentary-works-of-art-foi-request-finds;https://www.theguardian.com/politics/2026/aug/24/photo-of-disraeli-among-missing-parliamentary-works-of-art-foi-request-finds;False;2026-08-24T06:01:00+02:00;https://www.theguardian.com;2026-08-24T09:39:09.545330+02:00
309;6d697058-d1d5-5191-8b2a-5da58d8755c8;Artist known for sculptures of Mao Zedong jailed for slandering ‘heroes and martyrs’;;https://www.theguardian.com/world/2026/aug/25/artist-gao-zhen-sculptures-mao-zedong-jailed-china;https://www.theguardian.com/world/2026/aug/25/artist-gao-zhen-sculptures-mao-zedong-jailed-china;False;2026-08-25T13:53:00+02:00;https://www.theguardian.com;2026-08-25T16:10:51.779469+02:00
310;6f18520e-093c-5522-ab11-89e7de2fee22;Travelling through Iran reveals mixed narratives about the US-Israel war;;https://www.theguardian.com/world/2026/aug/08/iran-journey-israel-us-war;https://www.theguardian.com/world/2026/aug/08/iran-journey-israel-us-war;False;2026-08-08T07:00:00+02:00;https://www.theguardian.com;2026-08-22T20:29:40.790055+02:00
311;6f32c32e-fe58-54d8-b5e7-b24846c5ef60;" This article is more than 1 year old
Explainer
Sudan’s civil war: how did it begin, what is the human cost, and what is happening now?
This article is more than 1 year old";;https://www.theguardian.com/global-development/2024/mar/22/what-caused-the-civil-war-in-sudan-and-how-has-it-become-one-of-the-worlds-worst-humanitarian-crises;https://www.theguardian.com/global-development/2024/mar/22/what-caused-the-civil-war-in-sudan-and-how-has-it-become-one-of-the-worlds-worst-humanitarian-crises;False;2024-10-21T12:40:00+02:00;https://www.theguardian.com;2026-08-22T16:54:16.239712+02:00
312;6f44adbf-fb03-5ce6-8629-e08331df61a9;Arrest warrant issued for wife of Massachusetts officer found dead at home;;https://www.theguardian.com/us-news/2026/aug/23/massachusetts-officer-death-home-wife-arrest-warrant;https://www.theguardian.com/us-news/2026/aug/23/massachusetts-officer-death-home-wife-arrest-warrant;False;2026-08-23T15:25:00+02:00;https://www.theguardian.com;2026-08-23T22:09:15.595609+02:00
313;6f61e5e5-0f8b-58b1-9cf7-a5e43fea1a95;Canada announces retaliatory tariffs on wide range of US goods;;https://www.theguardian.com/world/2026/aug/25/canada-retaliatory-tariffs-on-range-of-us-goods;https://www.theguardian.com/world/2026/aug/25/canada-retaliatory-tariffs-on-range-of-us-goods;False;2026-08-25T18:17:00+02:00;https://www.theguardian.com;2026-08-25T19:43:39.753833+02:00
314;7002b6c1-5dc2-5943-83b5-296c2a6310f4;US Treasury’s Scott Bessent ‘will lose’ battle with bond markets, former mentor warns;;https://www.theguardian.com/business/2026/aug/25/us-treasury-scott-bessent-bond-buying-donald-trump-stanley-druckenmiller;https://www.theguardian.com/business/2026/aug/25/us-treasury-scott-bessent-bond-buying-donald-trump-stanley-druckenmiller;False;2026-08-25T09:14:00+02:00;https://www.theguardian.com;2026-08-25T09:50:23.617776+02:00
315;70ddcf76-b84b-5309-b21d-34b995f222ec;"Explainer
From Arizona to Wisconsin, election deniers are vying for office nationwide";;https://www.theguardian.com/us-news/2026/aug/24/election-deniers-running-for-office;https://www.theguardian.com/us-news/2026/aug/24/election-deniers-running-for-office;False;2026-08-24T12:00:00+02:00;https://www.theguardian.com;2026-08-24T12:23:43.950871+02:00
316;72b91d71-5eae-5d36-85b0-e525cc3cdc0e;Gun stash in German forest believed to be linked to Russia, say reports;;https://www.theguardian.com/world/2026/aug/21/gun-stash-germany-forest-berlin-believed-linked-russia-reports;https://www.theguardian.com/world/2026/aug/21/gun-stash-germany-forest-berlin-believed-linked-russia-reports;False;2026-08-21T16:51:00+02:00;https://www.theguardian.com;2026-08-22T16:51:41.336691+02:00
317;72bbd309-3a8f-58b3-adc3-7577bd7b30aa;Australia’s marine parks protect ‘places no one goes’ rather than fragile coastal zones, scientists say;;https://www.theguardian.com/environment/2026/aug/24/australias-marine-parks-protect-places-no-one-goes-rather-than-fragile-coastal-zones-scientists-say;https://www.theguardian.com/environment/2026/aug/24/australias-marine-parks-protect-places-no-one-goes-rather-than-fragile-coastal-zones-scientists-say;False;2026-08-23T17:00:00+02:00;https://www.theguardian.com;2026-08-23T22:09:05.472515+02:00
318;734a3983-08d2-540e-9ff3-307a4aef5178;Concerns grow over increased global ties with Taliban in Afghanistan;;https://www.theguardian.com/world/2026/aug/15/concern-grow-global-ties-taliban-afghanistan-human-rights;https://www.theguardian.com/world/2026/aug/15/concern-grow-global-ties-taliban-afghanistan-human-rights;False;2026-08-15T07:00:00+02:00;https://www.theguardian.com;2026-08-22T16:51:45.327416+02:00
319;739674d8-e6fb-58ca-9760-3d850222a265;" This article is more than 8 months old
Analysis
Sri Lanka braced for more damage after torrential rain kills hundreds across Asia
This article is more than 8 months old
Ollie Lewis";;https://www.theguardian.com/environment/2025/dec/01/sri-lanka-braced-for-more-damage-after-torrential-rain-floods-kills-hundreds-across-asia;https://www.theguardian.com/environment/2025/dec/01/sri-lanka-braced-for-more-damage-after-torrential-rain-floods-kills-hundreds-across-asia;False;2025-12-01T12:32:00+01:00;https://www.theguardian.com;2026-08-22T20:31:11.446525+02:00
320;744a0a94-1494-5812-a373-94ddb485bdfb;Lindsay Clancy trial: psychologist says he doubts claim she was hallucinating;;https://www.theguardian.com/us-news/2026/aug/24/lindsay-clancy-trial-psychologist-testimony;https://www.theguardian.com/us-news/2026/aug/24/lindsay-clancy-trial-psychologist-testimony;False;2026-08-25T01:00:00+02:00;https://www.theguardian.com;2026-08-25T09:50:27.825666+02:00
321;7497242d-e96a-52a9-bfd7-168269d72f61;Seventeen-year-old girl killed in sword attack at school in Sweden;;https://www.theguardian.com/world/2026/aug/22/seventeen-year-old-girl-killed-in-sword-attack-at-school-in-sweden;https://www.theguardian.com/world/2026/aug/22/seventeen-year-old-girl-killed-in-sword-attack-at-school-in-sweden;False;2026-08-22T20:11:00+02:00;https://www.theguardian.com;2026-08-22T20:15:13.285282+02:00
322;752456a4-6dbf-5689-b07a-289b43791a61;"Introducing Ulez was my hardest decision as mayor of London – but now we know its astonishing impact
Sadiq Khan";;https://www.theguardian.com/commentisfree/2026/aug/18/ulez-hardest-decision-mayor-london-impact-sadiq-khan;https://www.theguardian.com/commentisfree/2026/aug/18/ulez-hardest-decision-mayor-london-impact-sadiq-khan;False;2026-08-19T00:30:00+02:00;https://www.theguardian.com;2026-08-22T16:45:14.939289+02:00
323;753b684a-a0b2-5384-89b0-f0434eff8c52;JD Vance reportedly mocks Carney for trying to ‘out-tough’ Trump on trade;;https://www.theguardian.com/us-news/2026/aug/21/jd-vance-mark-carney-out-tough-trump-trade;https://www.theguardian.com/us-news/2026/aug/21/jd-vance-mark-carney-out-tough-trump-trade;False;2026-08-21T17:22:00+02:00;https://www.theguardian.com;2026-08-22T16:51:32.253937+02:00
324;753c6e9b-2bf7-5566-a241-ecd99862f28e;Two police officers among seven people killed in North Yorkshire crash;;https://www.theguardian.com/uk-news/2026/aug/22/people-die-in-crash-involving-police-vehicle-and-car-in-north-yorkshire;https://www.theguardian.com/uk-news/2026/aug/22/people-die-in-crash-involving-police-vehicle-and-car-in-north-yorkshire;False;2026-08-22T14:47:00+02:00;https://www.theguardian.com;2026-08-22T16:51:46.171111+02:00
325;75502fdc-667f-50c7-b660-7fa0aed89799;" This article is more than 4 months old
Analysis
Weather tracker: Cold weather sweeps Europe and cyclone hits Australia
This article is more than 4 months old
James Parrish and James Michelin for MetDesk";;https://www.theguardian.com/world/2026/mar/27/weather-tracker-cold-weather-sweeps-europe-cyclone-hits-australia;https://www.theguardian.com/world/2026/mar/27/weather-tracker-cold-weather-sweeps-europe-cyclone-hits-australia;False;2026-03-27T10:24:00+01:00;https://www.theguardian.com;2026-08-22T20:30:57.432739+02:00
326;75658443-02dd-5258-8431-a0229c1a8985;"From bone-dry to soaked to the bone, welcome to the age of climate whiplash
Aditya Chakrabortty";;https://www.theguardian.com/commentisfree/2026/aug/20/hot-summer-wet-winter-welcome-to-the-age-of-climate-whiplash;https://www.theguardian.com/commentisfree/2026/aug/20/hot-summer-wet-winter-welcome-to-the-age-of-climate-whiplash;False;2026-08-20T07:00:00+02:00;https://www.theguardian.com;2026-08-23T22:09:32.344023+02:00
327;75e3e6e5-cdfe-59b4-9ef2-3e17c315a7e3;"How Mark Carney’s speeches have become political earthquakes
Ted Widmer";;https://www.theguardian.com/commentisfree/2026/aug/26/mark-carney-speeches-trump;https://www.theguardian.com/commentisfree/2026/aug/26/mark-carney-speeches-trump;False;2026-08-26T12:00:00+02:00;https://www.theguardian.com;2026-08-26T12:10:21.915783+02:00
328;75eb2b89-8178-591e-b645-3c0dc39009c7;Lego sales jump 21% to nearly £5bn, helped by World Cup and F1 ranges;;https://www.theguardian.com/lifeandstyle/2026/aug/25/lego-sales-world-cup-f1-tie-kpop-demon-hunters-star-wars;https://www.theguardian.com/lifeandstyle/2026/aug/25/lego-sales-world-cup-f1-tie-kpop-demon-hunters-star-wars;False;2026-08-25T13:29:00+02:00;https://www.theguardian.com;2026-08-25T16:10:59.467462+02:00
329;7600f263-704f-5e7d-afab-25516eb410af;French PM booed on visit to wildfire-affected region as EU sends assistance to Belgium and Spain – as it happened;;https://www.theguardian.com/world/live/2026/aug/17/europe-wildfires-france-greece-belgium-germany-climate-crisis-drought-extreme-heat-latest-news-updates;https://www.theguardian.com/world/live/2026/aug/17/europe-wildfires-france-greece-belgium-germany-climate-crisis-drought-extreme-heat-latest-news-updates;False;2026-08-17T17:48:00+02:00;https://www.theguardian.com;2026-08-23T22:04:41.069865+02:00
330;770392bc-b542-57b5-9655-c0c95a6f0fec;‘The payment is small and the paths are steep’: the women saving India’s remotest people from polio;;https://www.theguardian.com/global-development/2026/aug/11/health-disease-polio-vaccination-india-immunisation-women-remote-children-kashmir;https://www.theguardian.com/global-development/2026/aug/11/health-disease-polio-vaccination-india-immunisation-women-remote-children-kashmir;False;2026-08-11T08:00:00+02:00;https://www.theguardian.com;2026-08-23T22:09:21.072386+02:00
331;78a70df9-ed4f-5485-ba53-4ef5a4230b0e;"We are finally witnessing the decline of corporate Democrats
Robert Reich";;https://www.theguardian.com/commentisfree/2026/aug/20/corporate-democrats-decline;https://www.theguardian.com/commentisfree/2026/aug/20/corporate-democrats-decline;False;2026-08-20T12:00:00+02:00;https://www.theguardian.com;2026-08-23T22:09:16.076247+02:00
332;78c62b6e-9494-5216-9740-32743161efe7;Holding election in wartime would risk destroying Ukraine, says Zelenskyy;;https://www.theguardian.com/world/2026/aug/23/ukraine-election-wartime-risk-russia-zelenskyy;https://www.theguardian.com/world/2026/aug/23/ukraine-election-wartime-risk-russia-zelenskyy;False;2026-08-23T13:50:00+02:00;https://www.theguardian.com;2026-08-23T17:19:13.416000+02:00
333;78cd4d6f-8e1a-5afa-981f-8293ae9f0c7f;Mother and two-year-old daughter killed by lightning strike in Florida;;https://www.theguardian.com/us-news/2026/aug/25/mother-daughter-killed-lightning-florida;https://www.theguardian.com/us-news/2026/aug/25/mother-daughter-killed-lightning-florida;False;2026-08-25T15:05:00+02:00;https://www.theguardian.com;2026-08-25T16:11:00.348442+02:00
334;7a1e62ff-e2a3-5142-a9a6-5b2d3c15b027;" This article is more than 2 months old
Analysis
Weather tracker: Saharan heat to send temperatures soaring across Europe
This article is more than 2 months old
James Parrish for the MetDesk";;https://www.theguardian.com/environment/2026/jun/15/weather-tracker-sahara-heatwave-temperatures-europe-australia;https://www.theguardian.com/environment/2026/jun/15/weather-tracker-sahara-heatwave-temperatures-europe-australia;False;2026-06-15T10:34:00+02:00;https://www.theguardian.com;2026-08-22T18:13:28.503338+02:00
335;7a5ee8e9-da74-5c60-905a-b0d8a7c5f791;" This article is more than 1 month old
Almost 100 troops injured in recent weeks, Pentagon admits, as Iran launches reprisals on US allies
This article is more than 1 month old";;https://www.theguardian.com/world/2026/jul/21/us-troops-injured-killed-iran-war-attacks-pentagon;https://www.theguardian.com/world/2026/jul/21/us-troops-injured-killed-iran-war-attacks-pentagon;False;2026-07-21T06:09:00+02:00;https://www.theguardian.com;2026-08-22T20:29:53.207167+02:00
336;7a85e251-8a80-5b3a-b5f8-9667310f7446;" This article is more than 2 months old
Analysis
Typhoon Jangmi threatens Japan as Europe swelters
This article is more than 2 months old
Magdalena Shopova and Ed Walton for MetDesk";;https://www.theguardian.com/environment/2026/jun/01/typhoon-jangmi-japan-europe-temperatures-australia;https://www.theguardian.com/environment/2026/jun/01/typhoon-jangmi-japan-europe-temperatures-australia;False;2026-06-01T09:17:00+02:00;https://www.theguardian.com;2026-08-22T20:30:48.503512+02:00
337;7aaf0972-4752-5b05-a8ef-dffd0481fc6b;Judge dismisses Trump lawsuit that claimed Harvard failed to protect Jewish students;;https://www.theguardian.com/us-news/2026/aug/13/trump-harvard-lawsuit-dismissed;https://www.theguardian.com/us-news/2026/aug/13/trump-harvard-lawsuit-dismissed;False;2026-08-13T21:17:00+02:00;https://www.theguardian.com;2026-08-22T20:30:18.890602+02:00
338;7bb22f43-b92c-5201-a020-ab9c8b527cb3;‘Like smoking a cigarette’: Indonesia chokes on haze as blazes intensify amid super ‘El Niño’;;https://www.theguardian.com/world/2026/aug/25/indonesia-wildfires-kalimantan-smoke-super-el-nino;https://www.theguardian.com/world/2026/aug/25/indonesia-wildfires-kalimantan-smoke-super-el-nino;False;2026-08-25T06:17:00+02:00;https://www.theguardian.com;2026-08-25T09:50:16.023881+02:00
339;7bc4c728-9dd4-59d4-907d-63a4932b9ae3;We asked our climate reporters to highlight one idea for positive change. We got a chronicle of global transformation;;https://www.theguardian.com/membership/ng-interactive/2026/aug/25/we-asked-our-climate-reporters-to-highlight-one-idea-for-positive-change-we-got-a-chronicle-of-global-transformation;https://www.theguardian.com/membership/ng-interactive/2026/aug/25/we-asked-our-climate-reporters-to-highlight-one-idea-for-positive-change-we-got-a-chronicle-of-global-transformation;False;2026-08-25T14:27:00+02:00;https://www.theguardian.com;2026-08-25T16:11:16.292742+02:00
340;7be2490d-85fb-565c-bd24-5d372bfb80dd;"I once saw Enes Kanter speak truth to power. Now he only punches down
Bryan Armen Graham";;https://www.theguardian.com/sport/2026/aug/25/enes-kanter-freedom-transgender-wnba-natasha-cloud-trump;https://www.theguardian.com/sport/2026/aug/25/enes-kanter-freedom-transgender-wnba-natasha-cloud-trump;False;2026-08-25T11:00:00+02:00;https://www.theguardian.com;2026-08-25T16:11:06.203598+02:00
341;7c5942a3-86bf-586e-b7bf-fb577039af31;;;https://www.theguardian.com/global-development/2026/aug/15/five-years-taliban-rule-afghanistan-collapse-visualised;https://www.theguardian.com/global-development/2026/aug/15/five-years-taliban-rule-afghanistan-collapse-visualised;False;2026-08-15T08:00:00+02:00;https://www.theguardian.com;2026-08-23T22:09:24.710695+02:00
342;7c924631-6789-5918-a5e6-99ecd9dea5e8;"To Iran’s political prisoners, trapped ‘between two blades of a scissors’
Open letter";;https://www.theguardian.com/commentisfree/ng-interactive/2026/aug/20/iran-political-prisoners;https://www.theguardian.com/commentisfree/ng-interactive/2026/aug/20/iran-political-prisoners;False;2026-08-20T11:00:00+02:00;https://www.theguardian.com;2026-08-23T22:08:47.017617+02:00
343;7e0167cc-f3b9-5b6d-8dda-a928534cd22f;Fresh US-Iran talks are ‘last chance’ for Tehran to avoid war escalating, Trump says;;https://www.theguardian.com/world/2026/aug/03/iran-in-talks-with-oman-over-shipping-route-but-not-us-says-tehran;https://www.theguardian.com/world/2026/aug/03/iran-in-talks-with-oman-over-shipping-route-but-not-us-says-tehran;False;2026-08-03T21:36:00+02:00;https://www.theguardian.com;2026-08-22T20:29:44.462401+02:00
344;7e725bc6-adf3-5fdd-a81d-a65414c1691c;‘Absurd’: children to see gambling logos on sports jerseys until 2032 in transition period condemned by Pocock;;https://www.theguardian.com/australia-news/2026/aug/24/gambling-sport-logos-jerseys-pocock-labor;https://www.theguardian.com/australia-news/2026/aug/24/gambling-sport-logos-jerseys-pocock-labor;False;2026-08-23T17:00:00+02:00;https://www.theguardian.com;2026-08-23T17:19:12.124196+02:00
345;7f83c8fb-5ff0-52a1-a538-8010cf6ef1e1;‘Unsafe for swimming’: Ironman Leeds is latest casualty of heat-fuelled toxic algae;;https://www.theguardian.com/environment/2026/aug/22/ironman-leeds-swim-heatwave-fuelled-toxic-algae;https://www.theguardian.com/environment/2026/aug/22/ironman-leeds-swim-heatwave-fuelled-toxic-algae;False;2026-08-22T13:00:00+02:00;https://www.theguardian.com;2026-08-22T16:45:06.672888+02:00
346;7fbfe3b7-73c9-59d5-8e7e-3479bd1540cc;" This article is more than 2 months old
Explainer
The race to combat Ebola: what vaccines and treatments are being developed and how long will it take?
This article is more than 2 months old";;https://www.theguardian.com/global-development/2026/jun/04/the-race-to-combat-ebola-what-vaccines-and-treatments-are-being-developed-and-how-long-will-it-take;https://www.theguardian.com/global-development/2026/jun/04/the-race-to-combat-ebola-what-vaccines-and-treatments-are-being-developed-and-how-long-will-it-take;False;2026-06-04T10:00:00+02:00;https://www.theguardian.com;2026-08-23T22:09:27.554748+02:00
347;806895b3-1540-54a7-9c83-0c710636a805;Eight-year-old dies after contracting rare brain-eating amoeba in Louisiana;;https://www.theguardian.com/us-news/2026/aug/23/child-dies-brain-eating-amoeba-infection-louisiana;https://www.theguardian.com/us-news/2026/aug/23/child-dies-brain-eating-amoeba-infection-louisiana;False;2026-08-24T00:17:00+02:00;https://www.theguardian.com;2026-08-24T09:39:10.777308+02:00
348;808bd160-5266-527f-89eb-fa94ce8ceaae;Another set of Sullivan brothers are making football waves in Bangladesh;;https://www.theguardian.com/football/2026/aug/25/bangladesh-soccer-team-ronan-declan-sullivan;https://www.theguardian.com/football/2026/aug/25/bangladesh-soccer-team-ronan-declan-sullivan;False;2026-08-25T11:00:00+02:00;https://www.theguardian.com;2026-08-25T16:11:09.980862+02:00
349;80bf97ad-26f2-5de9-aa55-9a630c16991c;"Analysis
Weather tracker: Extreme rain deluges Japan and South Korea
Morgan Thomas for MetDesk";;https://www.theguardian.com/environment/2026/aug/21/weather-tracker-extreme-rainfall-japan-south-korea;https://www.theguardian.com/environment/2026/aug/21/weather-tracker-extreme-rainfall-japan-south-korea;False;2026-08-21T10:19:00+02:00;https://www.theguardian.com;2026-08-22T16:51:34.857725+02:00
350;8291aa59-e3d6-57ff-9be5-811d94f9d865;" This article is more than 8 months old
Analysis
Weather tracker: Heavy snow blankets parts of US as winter storms hit
This article is more than 8 months old
James Michelin and Maggie Shopova for MetDesk";;https://www.theguardian.com/environment/2025/dec/05/weather-tracker-heavy-snow-blankets-parts-us-winter-storms-hit;https://www.theguardian.com/environment/2025/dec/05/weather-tracker-heavy-snow-blankets-parts-us-winter-storms-hit;False;2025-12-05T11:20:00+01:00;https://www.theguardian.com;2026-08-22T20:31:11.019221+02:00
351;834878f0-1034-54e3-abca-c3bb1a229350;" This article is more than 6 months old
Analysis
Weather tracker: Spain and Portugal hit by third deadly storm in two weeks
This article is more than 6 months old
Alice Fowl, Claire Jones and Morgan Thomas for MetDesk";;https://www.theguardian.com/environment/2026/feb/09/weather-tracker-spain-and-portugal-hit-by-third-fatal-storm;https://www.theguardian.com/environment/2026/feb/09/weather-tracker-spain-and-portugal-hit-by-third-fatal-storm;False;2026-02-09T12:00:00+01:00;https://www.theguardian.com;2026-08-22T20:31:02.476664+02:00
352;83db2b6a-7b3e-5d5a-bcab-2a0fc45a244e;London bus drivers resume strike over heatwave working amid fears over air con deal;;https://www.theguardian.com/uk-news/2026/aug/25/london-bus-drivers-resume-strike-over-heatwave-working-amid-fears-over-air-con-deal;https://www.theguardian.com/uk-news/2026/aug/25/london-bus-drivers-resume-strike-over-heatwave-working-amid-fears-over-air-con-deal;False;2026-08-25T17:59:00+02:00;https://www.theguardian.com;2026-08-25T18:19:18.565619+02:00
353;83dfbc70-f6b8-5de6-a32a-4546cd046dc6;Texas law banning drag shows where children may be present struck down again;;https://www.theguardian.com/us-news/2026/aug/26/texas-drag-performance-ban-fails;https://www.theguardian.com/us-news/2026/aug/26/texas-drag-performance-ban-fails;False;2026-08-26T17:14:00+02:00;https://www.theguardian.com;2026-08-26T17:27:00.567659+02:00
354;843696be-6af9-55fb-8a1c-d83a7d33b2fc;Readers reply: Is it inevitable that consumerism will literally fill up the planet?;;https://www.theguardian.com/lifeandstyle/2026/aug/23/readers-reply-consumerism-literally-fill-planet-discarded-stuff;https://www.theguardian.com/lifeandstyle/2026/aug/23/readers-reply-consumerism-literally-fill-planet-discarded-stuff;False;2026-08-23T15:00:00+02:00;https://www.theguardian.com;2026-08-23T17:19:29.368977+02:00
355;844973cb-5382-5c09-8d22-ab0cff173d62;Survivors of violent crime criticise MoJ for not explaining offender restriction zones;;https://www.theguardian.com/law/2026/aug/24/survivors-violent-crime-criticise-moj-not-explaining-offender-restriction-zones;https://www.theguardian.com/law/2026/aug/24/survivors-violent-crime-criticise-moj-not-explaining-offender-restriction-zones;False;2026-08-24T15:48:00+02:00;https://www.theguardian.com;2026-08-24T17:50:25.667365+02:00
356;84ea78ba-1105-5881-9639-7b8a5705674d;Two unvaccinated people die of measles in Pennsylvania;;https://www.theguardian.com/us-news/2026/aug/25/measles-deaths-pennsylvania;https://www.theguardian.com/us-news/2026/aug/25/measles-deaths-pennsylvania;False;2026-08-25T16:34:00+02:00;https://www.theguardian.com;2026-08-25T17:32:10.261782+02:00
357;84ff7faf-96d0-5bdd-8d89-cfd18a962aa3;Federal MP Luke Gosling charged with breaching bail after alleged assault in NT;;https://www.theguardian.com/australia-news/2026/aug/25/federal-mp-luke-gosling-charged-with-breaching-bail-after-alleged-assault-in-nt-ntwnfb;https://www.theguardian.com/australia-news/2026/aug/25/federal-mp-luke-gosling-charged-with-breaching-bail-after-alleged-assault-in-nt-ntwnfb;False;2026-08-25T11:54:00+02:00;https://www.theguardian.com;2026-08-25T16:10:52.610063+02:00
358;8525f422-02aa-5d6e-82bf-7f2603fbb37e;Landslide at waste mound in Guinea capital kills 30, government says;;https://www.theguardian.com/world/2026/aug/23/landslide-waste-mound-conakry-guinea-kills-dozens;https://www.theguardian.com/world/2026/aug/23/landslide-waste-mound-conakry-guinea-kills-dozens;False;2026-08-24T00:16:00+02:00;https://www.theguardian.com;2026-08-24T09:39:02.657170+02:00
359;85b193c2-94d8-5eb0-a487-b68633e479ba;" This article is more than 5 months old
Analysis
Weather tracker: Storm Regina brings 6-metre waves to the Canaries
This article is more than 5 months old
Ed Walton for MetDesk";;https://www.theguardian.com/environment/2026/mar/06/weather-tracker-storm-regina-brings-6-metre-waves-to-the-canaries;https://www.theguardian.com/environment/2026/mar/06/weather-tracker-storm-regina-brings-6-metre-waves-to-the-canaries;False;2026-03-06T11:00:00+01:00;https://www.theguardian.com;2026-08-22T20:30:59.487281+02:00
360;85f24120-a023-545a-a2b9-b0e2c4996bd1;Angel Reese is turning trolls and talk of ‘mebounds’ into fuel for a breakthrough;;https://www.theguardian.com/sport/2026/aug/26/angel-reese-wnba-rebounds;https://www.theguardian.com/sport/2026/aug/26/angel-reese-wnba-rebounds;False;2026-08-26T12:00:00+02:00;https://www.theguardian.com;2026-08-26T12:10:22.588430+02:00
361;8616c6e5-ce79-51c5-a3f9-7a3a6e2db878;‘Reaching 50 is a success story’: how one trans woman survived HIV and stigma in Latin America;;https://www.theguardian.com/global-development/2026/aug/10/hiv-aids-trans-activists-fear-rolling-back-progress;https://www.theguardian.com/global-development/2026/aug/10/hiv-aids-trans-activists-fear-rolling-back-progress;False;2026-08-10T11:00:00+02:00;https://www.theguardian.com;2026-08-22T16:53:59.734337+02:00
362;86397882-193d-538f-92c0-90857db37d70;Ella Baron on AI and the drought – cartoon;;https://www.theguardian.com/commentisfree/picture/2026/aug/23/ella-baron-on-ai-and-the-drought-cartoon;https://www.theguardian.com/commentisfree/picture/2026/aug/23/ella-baron-on-ai-and-the-drought-cartoon;False;2026-08-23T19:03:00+02:00;https://www.theguardian.com;2026-08-23T21:55:09.077489+02:00
363;866fd517-ae22-5807-88b1-d8073304972a;The ex-gang member breaking the cycle of violence among LA youths;;https://www.theguardian.com/us-news/ng-interactive/2026/aug/25/los-angeles-gangs-youth-gun-violence;https://www.theguardian.com/us-news/ng-interactive/2026/aug/25/los-angeles-gangs-youth-gun-violence;False;2026-08-25T17:00:00+02:00;https://www.theguardian.com;2026-08-25T17:32:12.555778+02:00
364;86ef342e-826e-56ce-809d-b2309b53821e;" This article is more than 9 months old
Analysis
Weather tracker: Hurricane Melissa leaves trail of destruction across Caribbean
This article is more than 9 months old
Nicholas Lee and Maggie Shopova";;https://www.theguardian.com/environment/2025/oct/31/weather-tracker-hurricane-melissa-caribbean-jamaica-haiti-cuba;https://www.theguardian.com/environment/2025/oct/31/weather-tracker-hurricane-melissa-caribbean-jamaica-haiti-cuba;False;2025-10-31T08:50:00+01:00;https://www.theguardian.com;2026-08-22T20:31:17.131513+02:00
365;87fc254a-4eb7-57e6-9233-7eb1ea338d6a;Germany investigates drone carrying ‘explosive device’ near Ukrainian plane at busy cargo airport – as it happened;;https://www.theguardian.com/world/live/2026/aug/05/europe-ukraine-russia-kyiv-zelenskyy-heatwave-austria-hungary-poland-czech-republic-latest-news-updates;https://www.theguardian.com/world/live/2026/aug/05/europe-ukraine-russia-kyiv-zelenskyy-heatwave-austria-hungary-poland-czech-republic-latest-news-updates;False;2026-08-05T17:40:00+02:00;https://www.theguardian.com;2026-08-23T22:04:42.198048+02:00
366;88a12e45-e290-5dd7-818b-7a12bacc27ec;Killer fungus: how a disease threatening bat species has spread to northern Canada;;https://www.theguardian.com/environment/2026/aug/13/biodiversity-bat-species-fungus-disease-canada-alaska-white-nose-syndrome;https://www.theguardian.com/environment/2026/aug/13/biodiversity-bat-species-fungus-disease-canada-alaska-white-nose-syndrome;False;2026-08-13T14:00:00+02:00;https://www.theguardian.com;2026-08-23T22:09:37.793151+02:00
367;89734974-0ccb-5b07-a454-cb7d569a668a;" This article is more than 4 months old
Analysis
Weather tracker: Cyclone Maila batters Solomon Islands with 115mph winds
This article is more than 4 months old
Alice Fowle and Maggie Shopova for MetDesk";;https://www.theguardian.com/environment/2026/apr/10/weather-tracker-cyclone-maila-solomon-islands;https://www.theguardian.com/environment/2026/apr/10/weather-tracker-cyclone-maila-solomon-islands;False;2026-04-10T11:11:00+02:00;https://www.theguardian.com;2026-08-22T20:30:54.631244+02:00
368;8a10c272-c112-55d4-ba4e-8cc96c29ae27;Iran vows to retaliate against countries that cooperate with fresh US sanctions;;https://www.theguardian.com/world/2026/aug/24/iran-vows-retaliate-countries-cooperate-fresh-us-sanctions;https://www.theguardian.com/world/2026/aug/24/iran-vows-retaliate-countries-cooperate-fresh-us-sanctions;False;2026-08-24T13:53:00+02:00;https://www.theguardian.com;2026-08-24T17:50:12.665600+02:00
369;8a6c9704-00a2-5457-9c7d-5c133bfd5bd5;Children make up half of mpox cases in Guinea-Bissau as epidemic spreads;;https://www.theguardian.com/global-development/2026/aug/24/children-half-mpox-disease-cases-guinea-bissau-epidemic-spreads-west-africa;https://www.theguardian.com/global-development/2026/aug/24/children-half-mpox-disease-cases-guinea-bissau-epidemic-spreads-west-africa;False;2026-08-24T12:11:00+02:00;https://www.theguardian.com;2026-08-24T12:23:39.390713+02:00
370;8abe282a-2ca0-56bd-b62f-f53b712935cd;AI tool will lead to more child refugees being treated as adults, charity warns;;https://www.theguardian.com/global-development/2026/jul/29/uk-immigration-ai-age-facial-recognition-child-refugees-adults-bias;https://www.theguardian.com/global-development/2026/jul/29/uk-immigration-ai-age-facial-recognition-child-refugees-adults-bias;False;2026-07-29T06:00:00+02:00;https://www.theguardian.com;2026-08-22T16:54:01.872080+02:00
371;8bb13218-2428-5e80-9f32-6fb72c57d8bd;Going with the grain: how restoring biodiversity led one farmer back to heritage wheat;;https://www.theguardian.com/environment/2026/aug/25/farmer-cut-out-middleman-restore-biodiversity-henry-astor-heritage-wheat-aoe;https://www.theguardian.com/environment/2026/aug/25/farmer-cut-out-middleman-restore-biodiversity-henry-astor-heritage-wheat-aoe;False;2026-08-25T09:00:00+02:00;https://www.theguardian.com;2026-08-25T09:50:35.341096+02:00
372;8bba2a25-938d-579f-a1bd-8876351d4587;CIA director John Ratcliffe reportedly on Moscow visit;;https://www.theguardian.com/us-news/2026/aug/25/cia-director-john-ratcliffe-moscow-russia;https://www.theguardian.com/us-news/2026/aug/25/cia-director-john-ratcliffe-moscow-russia;False;2026-08-25T18:00:00+02:00;https://www.theguardian.com;2026-08-25T18:19:18.116568+02:00
373;8bf35935-3655-5d79-b7d8-0bb8c6b56157;Revealed: How undercover agents spied on anti-ICE protesters in Minnesota;;https://www.theguardian.com/us-news/2026/aug/25/ice-signal-chat-minnesota;https://www.theguardian.com/us-news/2026/aug/25/ice-signal-chat-minnesota;False;2026-08-25T18:56:00+02:00;https://www.theguardian.com;2026-08-25T19:43:39.295715+02:00
374;8c04f4b0-13b1-507e-96eb-2cd705ba3f5a;‘Show the necessary respect’: German athlete Kolbe slams racist abuse of teammates;;https://www.theguardian.com/sport/2026/aug/13/show-the-necessary-respect-german-athlete-kolbe-slams-racist-abuse-of-teammates;https://www.theguardian.com/sport/2026/aug/13/show-the-necessary-respect-german-athlete-kolbe-slams-racist-abuse-of-teammates;False;2026-08-13T21:46:00+02:00;https://www.theguardian.com;2026-08-23T22:09:02.382901+02:00
375;8c75f1b0-fc67-59c2-84e3-8a9aeafe1703;US building twice as much gas-fired capacity as China in AI boom, analysis finds;;https://www.theguardian.com/us-news/2026/aug/25/us-gas-power-china-ai-datacenter;https://www.theguardian.com/us-news/2026/aug/25/us-gas-power-china-ai-datacenter;False;2026-08-25T12:00:00+02:00;https://www.theguardian.com;2026-08-25T16:11:01.530236+02:00
376;8dc2224d-b5dd-53ef-90e6-5902fdff06a8;"Jumpy bond markets make it clear: Trump risks driving US into debt crisis
Heather Stewart";;https://www.theguardian.com/business/2026/aug/23/jumpy-bond-markets-make-it-clear-trump-risks-driving-us-into-debt-crisis;https://www.theguardian.com/business/2026/aug/23/jumpy-bond-markets-make-it-clear-trump-risks-driving-us-into-debt-crisis;False;2026-08-23T12:53:00+02:00;https://www.theguardian.com;2026-08-23T17:19:24.194654+02:00
377;8dd84483-c019-5bc9-9bc8-f7dc447d0f26;Ebola outbreak in Democratic Republic of the Congo now deadliest in country’s history;;https://www.theguardian.com/world/2026/aug/17/ebola-outbreak-drc-democratic-republic-of-congo-deadliest-in-history;https://www.theguardian.com/world/2026/aug/17/ebola-outbreak-drc-democratic-republic-of-congo-deadliest-in-history;False;2026-08-17T16:07:00+02:00;https://www.theguardian.com;2026-08-22T16:51:31.468800+02:00
378;8df50016-910b-56e5-bf67-e8163bf9ec0b;Teófimo López outpoints Rolly Romero to win title in third weight class;;https://www.theguardian.com/sport/2026/aug/23/teofimo-lopez-rolly-romero-fight-result-boxing;https://www.theguardian.com/sport/2026/aug/23/teofimo-lopez-rolly-romero-fight-result-boxing;False;2026-08-23T10:32:00+02:00;https://www.theguardian.com;2026-08-23T22:09:16.535522+02:00
379;8e144617-01a7-521e-847b-66777f14d269;Netflix, Disney+ and Amazon price rises in western Europe ‘highest in world’;;https://www.theguardian.com/media/2026/aug/24/netflix-disney-amazon-prime-video-price-rises-western-europe-us;https://www.theguardian.com/media/2026/aug/24/netflix-disney-amazon-prime-video-price-rises-western-europe-us;False;2026-08-24T15:45:00+02:00;https://www.theguardian.com;2026-08-24T17:50:22.516563+02:00
380;8e6c82a1-552f-58c0-a20a-e5ab4c5e0e56;Trump administration plans to revoke 200,000 visas of asylum seekers;;https://www.theguardian.com/us-news/2026/aug/24/trump-administration-revoke-asylum-visas;https://www.theguardian.com/us-news/2026/aug/24/trump-administration-revoke-asylum-visas;False;2026-08-25T03:45:00+02:00;https://www.theguardian.com;2026-08-25T09:50:23.978623+02:00
381;8f501296-5d89-5c04-87f4-9d96662f50d6;Trump’s border wall construction threatens rock art as old as the pyramids: ‘The ancestors are still here’;;https://www.theguardian.com/us-news/2026/aug/24/indigenous-rock-art-border-wall;https://www.theguardian.com/us-news/2026/aug/24/indigenous-rock-art-border-wall;False;2026-08-24T14:00:00+02:00;https://www.theguardian.com;2026-08-24T17:50:31.565904+02:00
382;903c4274-adb8-5f3c-ba1c-6d4efccbcdea;Sign up for the Her Stage newsletter: our free email on women from around the world;;https://www.theguardian.com/global/2022/sep/20/sign-up-for-the-her-stage-newsletter-our-free-email-on-women-from-around-the-world;https://www.theguardian.com/global/2022/sep/20/sign-up-for-the-her-stage-newsletter-our-free-email-on-women-from-around-the-world;False;2026-05-06T12:30:00+02:00;https://www.theguardian.com;2026-08-22T16:54:27.994131+02:00
383;906ec812-31b8-53de-9faa-68d36ea29858;‘There’s a baby on the field’: Toddler invades pitch during Minnesota’s MLS win over San Jose;;https://www.theguardian.com/football/2026/aug/24/toddler-pitch-invader-mls-minnesota-united-san-jose-earthquakes;https://www.theguardian.com/football/2026/aug/24/toddler-pitch-invader-mls-minnesota-united-san-jose-earthquakes;False;2026-08-24T17:29:00+02:00;https://www.theguardian.com;2026-08-24T17:50:26.580863+02:00
384;90a6f01e-8dff-5879-b748-77e9f7154a16;Abusers coercing or duping women to post explicit OnlyFans content, UK court cases reveal;;https://www.theguardian.com/society/2026/aug/22/two-uk-men-convicted-explicit-content-onlyfans-without-consent;https://www.theguardian.com/society/2026/aug/22/two-uk-men-convicted-explicit-content-onlyfans-without-consent;False;2026-08-22T14:47:00+02:00;https://www.theguardian.com;2026-08-22T16:51:46.753606+02:00
385;90e1091b-c09b-50ce-9f3f-47f1c0692828;" This article is more than 7 months old
Analysis
Weather tracker: Arctic air grips Europe as severe winds batter Corsica
This article is more than 7 months old
Faye Hulton and Ed Walton for MetDesk";;https://www.theguardian.com/environment/2026/jan/05/weather-tracker-arctic-air-grips-europe-winds-corsica;https://www.theguardian.com/environment/2026/jan/05/weather-tracker-arctic-air-grips-europe-winds-corsica;False;2026-01-05T10:15:00+01:00;https://www.theguardian.com;2026-08-22T20:31:07.654450+02:00
386;90e7aa72-0153-595a-bbd8-ebf8ce705f80;New daily diabetes pill that helps with weight loss launches in UK pharmacies;;https://www.theguardian.com/society/2026/aug/24/daily-diabetes-pill-foundayo-weight-loss-uk-pharmacies;https://www.theguardian.com/society/2026/aug/24/daily-diabetes-pill-foundayo-weight-loss-uk-pharmacies;False;2026-08-24T07:01:00+02:00;https://www.theguardian.com;2026-08-24T09:39:08.463333+02:00
387;90f0917c-cde2-5726-8dfa-5ea634e5289f;Eco homes that can stay cool for sale in England and Wales – in pictures;;https://www.theguardian.com/money/gallery/2026/aug/21/eco-homes-that-can-stay-cool-for-sale-in-england-and-wales-in-pictures;https://www.theguardian.com/money/gallery/2026/aug/21/eco-homes-that-can-stay-cool-for-sale-in-england-and-wales-in-pictures;False;2026-08-21T08:00:00+02:00;https://www.theguardian.com;2026-08-22T16:45:22.467811+02:00
388;913b8ce0-1459-5adf-9fca-efbe9bb700a7;"The Guardian view on Andy Burnham’s foreign policy: work in progress
Editorial";;https://www.theguardian.com/commentisfree/2026/aug/23/the-guardian-view-on-andy-burnhams-foreign-policy-work-in-progress;https://www.theguardian.com/commentisfree/2026/aug/23/the-guardian-view-on-andy-burnhams-foreign-policy-work-in-progress;False;2026-08-23T19:30:00+02:00;https://www.theguardian.com;2026-08-23T22:09:12.731777+02:00
389;9181afbb-7fa1-5a95-8986-dd2798146fa8;First Thing: Supreme court threatens midterms mail-in voting as it backs Trump plan;;https://www.theguardian.com/us-news/2026/aug/25/first-thing-us-supreme-court-midterms-mail-in-voting-trump-plan;https://www.theguardian.com/us-news/2026/aug/25/first-thing-us-supreme-court-midterms-mail-in-voting-trump-plan;False;2026-08-25T14:31:00+02:00;https://www.theguardian.com;2026-08-25T16:10:51.365439+02:00
390;91903101-83ac-5061-8da7-861392e35e3f;US-Iran strikes risk regional war in Middle East - The Latest;;https://www.theguardian.com/news/audio/2026/jul/30/us-iran-strikes-risk-regional-war-in-middle-east-the-latest;https://www.theguardian.com/news/audio/2026/jul/30/us-iran-strikes-risk-regional-war-in-middle-east-the-latest;False;2026-07-30T17:45:00+02:00;https://www.theguardian.com;2026-08-22T20:28:15.234754+02:00
391;91b903dc-70c1-5e06-8803-89ffc3990693;On scraps of land and under constant threat, Gaza farmers struggle to survive;;https://www.theguardian.com/world/2026/aug/26/gaza-farmers-struggle-scraps-of-land-constant-threat;https://www.theguardian.com/world/2026/aug/26/gaza-farmers-struggle-scraps-of-land-constant-threat;False;2026-08-26T13:00:00+02:00;https://www.theguardian.com;2026-08-26T16:56:57.848649+02:00
392;91c60acc-a59e-5911-9033-c555569b6b9d;Country diary: A peachy, summer beauty that loves the clean air;;https://www.theguardian.com/environment/2026/aug/25/country-diary-a-peachy-summer-beauty-that-loves-the-clean-air;https://www.theguardian.com/environment/2026/aug/25/country-diary-a-peachy-summer-beauty-that-loves-the-clean-air;False;2026-08-25T06:30:00+02:00;https://www.theguardian.com;2026-08-25T16:11:18.396651+02:00
393;92114eb0-6173-5baa-8820-9cca7888ef1c;‘We now live without this violence’: the Colombian farmers giving up coca for palm oil;;https://www.theguardian.com/global-development/2026/aug/19/colombia-farmers-coca-palm;https://www.theguardian.com/global-development/2026/aug/19/colombia-farmers-coca-palm;False;2026-08-19T11:00:00+02:00;https://www.theguardian.com;2026-08-22T16:54:12.357129+02:00
394;92ebf308-22f1-5265-b897-186060b8c304;Heatwaves show UK must do more to promote cycling and walking, campaigners say;;https://www.theguardian.com/uk-news/2026/aug/26/heatwaves-uk-promote-cycling-walking;https://www.theguardian.com/uk-news/2026/aug/26/heatwaves-uk-promote-cycling-walking;False;2026-08-26T09:00:00+02:00;https://www.theguardian.com;2026-08-26T10:55:56.658434+02:00
395;92f0a95f-8fd6-52dd-8b33-aea9f0567609;Canada vows ‘dollar for dollar’ response as US puts 50% tariffs on some goods;;https://www.theguardian.com/world/2026/aug/22/canada-tariffs-trump-trade-deal-talks-fail;https://www.theguardian.com/world/2026/aug/22/canada-tariffs-trump-trade-deal-talks-fail;False;2026-08-22T16:04:00+02:00;https://www.theguardian.com;2026-08-22T16:51:31.878474+02:00
396;92f6b3ab-4230-5a52-a729-9b4533751d87;Spying device detectors may give domestic abuse victims false sense of security, study finds;;https://www.theguardian.com/society/2026/aug/23/spying-device-detectors-may-give-domestic-abuse-victims-false-sense-of-security-study-finds;https://www.theguardian.com/society/2026/aug/23/spying-device-detectors-may-give-domestic-abuse-victims-false-sense-of-security-study-finds;False;2026-08-23T17:00:00+02:00;https://www.theguardian.com;2026-08-23T22:09:09.181491+02:00
397;9364f122-10c7-57b7-9b22-1577a1b1fc28;"Analysis
Temperatures to fall across Europe as substantial rain heading for parts of UK
Jodie Woodcock for MetDesk";;https://www.theguardian.com/environment/2026/aug/17/temperatures-fall-europe-rain-uk;https://www.theguardian.com/environment/2026/aug/17/temperatures-fall-europe-rain-uk;False;2026-08-17T14:44:00+02:00;https://www.theguardian.com;2026-08-22T18:13:20.481919+02:00
398;939d6d61-8236-5bd4-9efb-41dcd3ed8ec1;One Nation’s Malcolm Roberts ‘in two minds’ about whether gay people should be equal;;https://www.theguardian.com/australia-news/2026/aug/26/one-nation-malcolm-roberts-two-minds-gay-equal-rights-ntwnfb;https://www.theguardian.com/australia-news/2026/aug/26/one-nation-malcolm-roberts-two-minds-gay-equal-rights-ntwnfb;False;2026-08-25T17:00:00+02:00;https://www.theguardian.com;2026-08-25T17:32:08.081304+02:00
399;93ca26c1-0623-5edb-aa26-982e6463f5fd;" This article is more than 8 months old
Analysis
Weather tracker: US storms linked to ‘atmospheric river’ phenomenon
This article is more than 8 months old
Ollie Lewis";;https://www.theguardian.com/environment/2025/nov/21/weather-tracker-us-storms-linked-to-atmospheric-river-phenomenon;https://www.theguardian.com/environment/2025/nov/21/weather-tracker-us-storms-linked-to-atmospheric-river-phenomenon;False;2025-11-21T11:47:00+01:00;https://www.theguardian.com;2026-08-22T20:31:12.936117+02:00
400;93de90ab-d08d-5f83-9240-36b94cbd794e;ICE agent embroiled in interstate extradition dispute after allegedly shooting Venezuelan man;;https://www.theguardian.com/us-news/2026/aug/26/ice-agent-shooting-texas-minnesota-extradition;https://www.theguardian.com/us-news/2026/aug/26/ice-agent-shooting-texas-minnesota-extradition;False;2026-08-26T15:34:00+02:00;https://www.theguardian.com;2026-08-26T16:57:00.733087+02:00
401;94deea66-e93c-5db6-8405-1a5febf7db92;" This article is more than 8 months old
Analysis
Weather tracker: Australia bushfires could be most dangerous since ‘black summer’
This article is more than 8 months old
Ishani Mistry";;https://www.theguardian.com/environment/2025/dec/12/weather-tracker-australia-bushfires-most-dangerous-since-black-summer;https://www.theguardian.com/environment/2025/dec/12/weather-tracker-australia-bushfires-most-dangerous-since-black-summer;False;2025-12-12T11:00:00+01:00;https://www.theguardian.com;2026-08-22T20:31:10.109653+02:00
402;95b4e092-9027-5b31-9f0b-53b58d840582;Trump’s midterm malaise: endless war and high prices could spell doom for Republicans in November;;https://www.theguardian.com/us-news/2026/aug/16/trumps-midterm-malaise-endless-war-and-high-prices-could-spell-doom-for-republicans-in-november;https://www.theguardian.com/us-news/2026/aug/16/trumps-midterm-malaise-endless-war-and-high-prices-could-spell-doom-for-republicans-in-november;False;2026-08-16T12:00:00+02:00;https://www.theguardian.com;2026-08-22T20:30:15.669164+02:00
403;95fa9124-d574-586a-ac0d-d0f99d30da94;San Francisco 49ers owner Jed York pleads no contest after arrest at Ohio trailer park;;https://www.theguardian.com/sport/2026/aug/24/san-francisco-49ers-owner-jed-york-pleads-no-contest-after-arrest-at-ohio-trailer-park;https://www.theguardian.com/sport/2026/aug/24/san-francisco-49ers-owner-jed-york-pleads-no-contest-after-arrest-at-ohio-trailer-park;False;2026-08-24T18:21:00+02:00;https://www.theguardian.com;2026-08-25T09:50:30.992399+02:00
404;9619656c-65fa-5b2f-9de3-f744e5495172;" This article is more than 3 months old
Analysis
Weather tracker: Europe braces for swing from Arctic chill to extreme heat
This article is more than 3 months old
Brendan Wood (MetDesk)";;https://www.theguardian.com/environment/2026/may/18/weather-tracker-europe-swing-arctic-chill-heat-temperatures-france-england-us;https://www.theguardian.com/environment/2026/may/18/weather-tracker-europe-swing-arctic-chill-heat-temperatures-france-england-us;False;2026-05-18T11:38:00+02:00;https://www.theguardian.com;2026-08-23T22:08:57.823122+02:00
405;970d0cc5-bc58-509d-b57b-c6cf873f0882;"Analysis
Social media goes into overdrive with Lindsay Clancy conspiracy theories
Sara Braun";;https://www.theguardian.com/us-news/2026/aug/24/lindsay-clancy-trial-social-media-conspiracy-theories;https://www.theguardian.com/us-news/2026/aug/24/lindsay-clancy-trial-social-media-conspiracy-theories;False;2026-08-24T13:00:00+02:00;https://www.theguardian.com;2026-08-24T17:50:32.340527+02:00
406;97491378-4850-5b2e-887c-08f2ee329a82;"Explainer
Ebola outbreak: five big questions";;https://www.theguardian.com/global-development/2026/aug/21/ebola-outbreak-five-big-questions;https://www.theguardian.com/global-development/2026/aug/21/ebola-outbreak-five-big-questions;False;2026-08-21T11:02:00+02:00;https://www.theguardian.com;2026-08-23T22:09:18.644612+02:00
407;975025f9-95d7-59a0-8009-334372ac8685;" This article is more than 1 month old
US and Iran exchange strikes: is Trump’s peace deal over? - The Latest
This article is more than 1 month old";;https://www.theguardian.com/news/audio/2026/jul/09/us-iran-strikes-trump-peace-deal-over-the-latest;https://www.theguardian.com/news/audio/2026/jul/09/us-iran-strikes-trump-peace-deal-over-the-latest;False;2026-07-09T17:50:00+02:00;https://www.theguardian.com;2026-08-22T20:30:08.371191+02:00
408;98808342-aae3-521a-8808-1edb950b8836;Germany approves lifting curbs on spy agencies in security ‘revolution’;;https://www.theguardian.com/world/2026/aug/12/germany-approves-lifting-curbs-spy-agencies-security-revolution;https://www.theguardian.com/world/2026/aug/12/germany-approves-lifting-curbs-spy-agencies-security-revolution;False;2026-08-12T12:43:00+02:00;https://www.theguardian.com;2026-08-22T16:54:34.409926+02:00
409;98ab44d5-6add-51a5-9cf0-1801b95de91b;" This article is more than 3 months old
Analysis
Weather tracker: Torrential rain in southern China leads to flooding fears
This article is more than 3 months old
Daniel Adamson for MetDesk";;https://www.theguardian.com/environment/2026/apr/27/weather-tracker-torrential-rain-southern-china-flooding-fears-india-heatwave-canada-cold;https://www.theguardian.com/environment/2026/apr/27/weather-tracker-torrential-rain-southern-china-flooding-fears-india-heatwave-canada-cold;False;2026-04-27T11:29:00+02:00;https://www.theguardian.com;2026-08-22T20:30:52.934526+02:00
410;98d9184a-af65-5c2d-a97a-1b9c8ae69ecd;Families release pictures of police officers killed in A66 crash in which five others died;;https://www.theguardian.com/uk-news/2026/aug/23/tributes-paid-cleveland-police-killed-a66-crash-south-bank;https://www.theguardian.com/uk-news/2026/aug/23/tributes-paid-cleveland-police-killed-a66-crash-south-bank;False;2026-08-23T21:55:00+02:00;https://www.theguardian.com;2026-08-23T22:09:08.679191+02:00
411;98dce4c9-5c48-5346-92c1-545dc60557b4;Vuelta a España: giant hail forces stage three abandonment in Pyrenees;;https://www.theguardian.com/sport/2026/aug/24/vuelta-a-espana-giant-hail-forces-stage-three-abandonment-in-pyrenees;https://www.theguardian.com/sport/2026/aug/24/vuelta-a-espana-giant-hail-forces-stage-three-abandonment-in-pyrenees;False;2026-08-24T19:21:00+02:00;https://www.theguardian.com;2026-08-25T09:50:21.195433+02:00
412;9909edd1-8249-5f29-b262-bc16694b7395;US navy veterans and military health experts express concern over USS Abraham Lincoln sailors;;https://www.theguardian.com/us-news/2026/aug/15/uss-abraham-lincoln-sailors-mental-health;https://www.theguardian.com/us-news/2026/aug/15/uss-abraham-lincoln-sailors-mental-health;False;2026-08-15T13:00:00+02:00;https://www.theguardian.com;2026-08-22T20:30:16.560345+02:00
413;995bf6f6-a5e5-5d97-888a-fa7134313404;"From Scotland, I look at England’s water privatisation disaster. I wish you had done what we did
Devi Sridhar";;https://www.theguardian.com/commentisfree/2026/aug/25/scotland-england-water-privatisation-disaster;https://www.theguardian.com/commentisfree/2026/aug/25/scotland-england-water-privatisation-disaster;False;2026-08-25T11:00:00+02:00;https://www.theguardian.com;2026-08-25T16:11:18.944580+02:00
414;99a11c12-a4bd-5d88-aac0-80e4a5b48431;" This article is more than 1 month old
Israel threatens ‘full force’ response if Iran fires missiles towards it
This article is more than 1 month old";;https://www.theguardian.com/world/2026/jul/19/israel-threatens-full-force-response-iran-fires-missiles;https://www.theguardian.com/world/2026/jul/19/israel-threatens-full-force-response-iran-fires-missiles;False;2026-07-19T19:30:00+02:00;https://www.theguardian.com;2026-08-22T20:29:54.357326+02:00
415;99f5912e-c523-5811-a813-5aa5364f1ee3;Drowned the day her visa came through: the tragedy of a Moroccan footballer trying to reach Ceuta;;https://www.theguardian.com/global-development/2026/aug/12/drowned-the-day-her-visa-came-through-the-tragedy-of-a-moroccan-footballer-trying-to-reach-ceuta;https://www.theguardian.com/global-development/2026/aug/12/drowned-the-day-her-visa-came-through-the-tragedy-of-a-moroccan-footballer-trying-to-reach-ceuta;False;2026-08-12T06:00:00+02:00;https://www.theguardian.com;2026-08-22T16:54:06.588949+02:00
416;9a185fa2-6bce-55c6-b042-eb353e36e934;" This article is more than 1 month old
The goodness of strangers amid war’s inhumanity
This article is more than 1 month old";;https://www.theguardian.com/uk-news/2026/jun/24/the-goodness-of-strangers-amid-wars-inhumanity;https://www.theguardian.com/uk-news/2026/jun/24/the-goodness-of-strangers-amid-wars-inhumanity;False;2026-06-25T17:19:00+02:00;https://www.theguardian.com;2026-08-23T22:09:30.043146+02:00
417;9a3a82f1-8d16-5530-9d1c-fd387be69f90;"I worked at OpenAI. Here are the guardrails we need now
Miles Brundage";;https://www.theguardian.com/commentisfree/2026/aug/21/openai-frontier-ai-speed;https://www.theguardian.com/commentisfree/2026/aug/21/openai-frontier-ai-speed;False;2026-08-21T12:00:00+02:00;https://www.theguardian.com;2026-08-22T16:53:46.952270+02:00
418;9a3fbeed-af6f-52ca-ab5a-2498d4d7c663;First Thing: New Fed chair Kevin Warsh faces early test amid bond market worries;;https://www.theguardian.com/us-news/2026/aug/24/first-thing-new-fed-chair-kevin-warsh-faces-early-test-amid-bond-market-worries;https://www.theguardian.com/us-news/2026/aug/24/first-thing-new-fed-chair-kevin-warsh-faces-early-test-amid-bond-market-worries;False;2026-08-24T14:28:00+02:00;https://www.theguardian.com;2026-08-24T17:50:30.801494+02:00
419;9a9870b6-2026-5825-b3c0-67fd2a8c410d;;;https://www.theguardian.com/global-development/2026/jul/28/giving-birth-haiti-gang-violence-port-au-prince-maternity-services;https://www.theguardian.com/global-development/2026/jul/28/giving-birth-haiti-gang-violence-port-au-prince-maternity-services;False;2026-07-28T15:00:00+02:00;https://www.theguardian.com;2026-08-23T22:09:26.057690+02:00
420;9aabeb20-eec4-5ac7-8325-a59dc79ec5a5;"Analysis
Weather tracker: Europe breaks more heat records as temperatures soar
Magdalena Shopova for MetDesk";;https://www.theguardian.com/environment/2026/aug/10/weather-tracker-europe-break-heat-records-temperatures-drought-wildfires;https://www.theguardian.com/environment/2026/aug/10/weather-tracker-europe-break-heat-records-temperatures-drought-wildfires;False;2026-08-10T11:32:00+02:00;https://www.theguardian.com;2026-08-22T18:13:21.470136+02:00
421;9aed345f-ab68-544a-ac0e-cd74275ef600;Man denied parole a second time over anti-Israel graffiti despite judge’s scathing critique of case;;https://www.theguardian.com/australia-news/2026/aug/25/sydney-denied-parole-anti-israel-graffiti-despite-supreme-court-ruling-antisemitism-ntwnfb;https://www.theguardian.com/australia-news/2026/aug/25/sydney-denied-parole-anti-israel-graffiti-despite-supreme-court-ruling-antisemitism-ntwnfb;False;2026-08-25T08:55:00+02:00;https://www.theguardian.com;2026-08-25T09:50:18.976522+02:00
422;9bfec46e-cde8-579d-8011-8fecbbfa4f3c;New Mexico to continue funding gender-affirming care for minors after federal cuts;;https://www.theguardian.com/us-news/2026/aug/24/new-mexico-gender-affirming-care-minors-medicaid;https://www.theguardian.com/us-news/2026/aug/24/new-mexico-gender-affirming-care-minors-medicaid;False;2026-08-24T14:00:00+02:00;https://www.theguardian.com;2026-08-24T17:50:32.702599+02:00
423;9c490add-9224-510b-85dc-b833f6b11688;Be an ambassador for the ocean – why the Great Barrier Reef’s future depends on responsible tourists;;https://www.theguardian.com/discover-tropical-north-queensland/2026/jun/05/how-tourists-can-help-protect-the-great-barrier-reef;https://www.theguardian.com/discover-tropical-north-queensland/2026/jun/05/how-tourists-can-help-protect-the-great-barrier-reef;False;2026-06-05T17:27:00+02:00;https://www.theguardian.com;2026-08-22T16:45:12.937638+02:00
424;9cbeb97d-3245-529b-897b-74a11b1c7e70;Weatherwatch: how to protect our railways in hotter summers;;https://www.theguardian.com/news/2026/aug/27/weatherwatch-how-to-protect-our-railways-in-hotter-summers;https://www.theguardian.com/news/2026/aug/27/weatherwatch-how-to-protect-our-railways-in-hotter-summers;False;2026-08-27T07:00:00+02:00;https://www.theguardian.com;2026-08-27T10:24:57.122540+02:00
425;9cf29016-7cab-57f6-93d2-312b9c25d1ea;No fridge, no fans, just blocks of ice: improvising to survive in Pakistan’s searing heat;;https://www.theguardian.com/global-development/2026/aug/24/pakistan-extreme-heat-50c-ice-blocks-nasirabad;https://www.theguardian.com/global-development/2026/aug/24/pakistan-extreme-heat-50c-ice-blocks-nasirabad;False;2026-08-24T10:00:00+02:00;https://www.theguardian.com;2026-08-24T12:23:48.838081+02:00
426;9d0b1331-bbd1-5802-97c8-8046b30e582d;Should Kamala Harris run for president again? ‘Nope,’ says Iowa Democrat;;https://www.theguardian.com/us-news/2026/aug/26/kamala-harris-president-rob-sand-democrat;https://www.theguardian.com/us-news/2026/aug/26/kamala-harris-president-rob-sand-democrat;False;2026-08-26T18:52:00+02:00;https://www.theguardian.com;2026-08-27T10:24:52.672061+02:00
427;9d55d692-11e3-5c8b-85cb-320a2f218469;Battery fires at recycling centres are costing UK £1bn a year, figures show;;https://www.theguardian.com/environment/2026/aug/22/lithium-battery-fires-waste-recycling-centres-vapes-uk;https://www.theguardian.com/environment/2026/aug/22/lithium-battery-fires-waste-recycling-centres-vapes-uk;False;2026-08-22T08:00:00+02:00;https://www.theguardian.com;2026-08-22T16:45:06.073418+02:00
428;9d81a11f-6549-5244-bf79-339b79ac4b4d;" This article is more than 1 month old
Two US troops killed and one missing in Jordan after Iranian attacks
This article is more than 1 month old";;https://www.theguardian.com/world/2026/jul/18/iran-attacks-us-allies-in-middle-east-in-second-week-of-renewed-conflict;https://www.theguardian.com/world/2026/jul/18/iran-attacks-us-allies-in-middle-east-in-second-week-of-renewed-conflict;False;2026-07-19T06:41:00+02:00;https://www.theguardian.com;2026-08-22T20:29:54.987686+02:00
429;9f1bb774-8eab-51d6-b65f-e863e2a6619b;Swans fans turn up to support women’s team – as it happened;;https://www.theguardian.com/australia-news/live/2026/aug/23/australia-news-live-anthony-albanese-sydney-swans-police-investigation-alan-jones-antisemitism-inquiry-icac-nsw-liberals-ntwnfb;https://www.theguardian.com/australia-news/live/2026/aug/23/australia-news-live-anthony-albanese-sydney-swans-police-investigation-alan-jones-antisemitism-inquiry-icac-nsw-liberals-ntwnfb;False;2026-08-23T06:13:00+02:00;https://www.theguardian.com;2026-08-23T22:04:43.656478+02:00
430;a0711395-2e9d-5f48-a455-594f3ec5bd73;Senators accuse Republican ‘gelatinous blobs’ of caving to Trump on Iran war;;https://www.theguardian.com/us-news/2026/jul/31/republicans-gelatinous-blobs-iran-war;https://www.theguardian.com/us-news/2026/jul/31/republicans-gelatinous-blobs-iran-war;False;2026-07-31T11:00:00+02:00;https://www.theguardian.com;2026-08-22T20:30:37.900838+02:00
431;a0be885f-ad57-55d2-89ee-f67f577c2099;US inflation cooled slightly to 3.4% in July but prices still elevated;;https://www.theguardian.com/business/2026/aug/12/inflation-data-july;https://www.theguardian.com/business/2026/aug/12/inflation-data-july;False;2026-08-12T14:39:00+02:00;https://www.theguardian.com;2026-08-22T20:30:21.657375+02:00
432;a1128f34-cba0-5466-9d34-b76cdb462260;" This article is more than 3 months old
Can promises on gender equality made in Australia help a 16-year-old cigarette maker with no toilet in India?
This article is more than 3 months old";;https://www.theguardian.com/world/2026/may/05/can-promises-on-gender-equality-made-in-australia-help-a-16-year-old-cigarette-maker-with-no-toilet-in-india;https://www.theguardian.com/world/2026/may/05/can-promises-on-gender-equality-made-in-australia-help-a-16-year-old-cigarette-maker-with-no-toilet-in-india;False;2026-05-06T12:30:00+02:00;https://www.theguardian.com;2026-08-22T16:54:27.184838+02:00
433;a15153a1-7766-5e12-af6e-6a8a6ebcb490;Modern cowboys are saddling up in the US West. And they’re on a whole new mission;;https://www.theguardian.com/us-news/2026/aug/26/modern-cowboy-new-west-predators;https://www.theguardian.com/us-news/2026/aug/26/modern-cowboy-new-west-predators;False;2026-08-26T16:00:00+02:00;https://www.theguardian.com;2026-08-26T16:57:04.193092+02:00
434;a1d9be73-6248-59a6-98fb-315eaa406e48;‘No more!!!’: Trump lashes out after US-Canada talks devolve into trade war;;https://www.theguardian.com/us-news/2026/aug/23/donald-trump-lashes-out-after-us-canada-talks-devolve-into-trade-war;https://www.theguardian.com/us-news/2026/aug/23/donald-trump-lashes-out-after-us-canada-talks-devolve-into-trade-war;False;2026-08-23T13:00:00+02:00;https://www.theguardian.com;2026-08-23T17:19:09.260626+02:00
435;a2213a8e-48ee-5d80-8f87-c88cbfe3027e;"Analysis
Olivia Moultrie’s injury leaves the USWNT with a thinning midfield pool ahead of the World Cup
Jeff Rueter";;https://www.theguardian.com/football/2026/aug/26/olivia-moultrie-injury-uswnt-world-cup;https://www.theguardian.com/football/2026/aug/26/olivia-moultrie-injury-uswnt-world-cup;False;2026-08-26T13:00:00+02:00;https://www.theguardian.com;2026-08-26T16:57:06.221274+02:00
436;a2559766-58e2-5802-b8b2-abe96c0703f7;US immigration officers reassigned to screen South African refugees and find ‘unlawful’ voters;;https://www.theguardian.com/us-news/2026/aug/24/uscis-immigration-officers-reassigned;https://www.theguardian.com/us-news/2026/aug/24/uscis-immigration-officers-reassigned;False;2026-08-24T20:16:00+02:00;https://www.theguardian.com;2026-08-25T09:50:30.029621+02:00
437;a294b465-35a8-5438-a924-6569ed122d04;At least 47 killed and dozens kidnapped in gang attack near Haiti capital;;https://www.theguardian.com/world/2026/aug/25/gang-attack-kenscoff-port-au-prince-haiti;https://www.theguardian.com/world/2026/aug/25/gang-attack-kenscoff-port-au-prince-haiti;False;2026-08-25T19:35:00+02:00;https://www.theguardian.com;2026-08-25T19:43:37.667286+02:00
438;a2ce4ece-a345-5208-83ed-42cd2f9a0542;Oil prices plunge and Europe’s markets rally after Trump calls off Iran strikes;;https://www.theguardian.com/business/2026/aug/03/oil-prices-fall-europe-stock-markets-donald-trump-iran-us-brent-crude;https://www.theguardian.com/business/2026/aug/03/oil-prices-fall-europe-stock-markets-donald-trump-iran-us-brent-crude;False;2026-08-03T14:10:00+02:00;https://www.theguardian.com;2026-08-22T20:30:33.427341+02:00
439;a2f8c573-35f2-5f3d-9889-3911920b3f26;French police accused of rising use of violence to stop Channel crossings;;https://www.theguardian.com/world/2026/aug/24/french-police-violence-channel-crossings-uk;https://www.theguardian.com/world/2026/aug/24/french-police-violence-channel-crossings-uk;False;2026-08-24T15:00:00+02:00;https://www.theguardian.com;2026-08-24T17:50:22.881878+02:00
440;a303cf8f-ec44-527f-8d50-43e2d5c52c47;"Analysis
Chemical suppression: why the UK is exploring libido control drugs to treat sex offenders
Rajeev Syal and Faisa Mohamed";;https://www.theguardian.com/uk-news/2026/aug/22/chemical-suppression-why-the-uk-is-exploring-libido-control-drugs-to-treat-sex-offenders;https://www.theguardian.com/uk-news/2026/aug/22/chemical-suppression-why-the-uk-is-exploring-libido-control-drugs-to-treat-sex-offenders;False;2026-08-22T18:00:00+02:00;https://www.theguardian.com;2026-08-22T18:13:30.366580+02:00
441;a3a2ae3b-fabf-5bff-b8ae-e9d82cf4d1fa;City firms race to prepare for FCA crackdown on bullying and harassment;;https://www.theguardian.com/business/2026/aug/27/city-fca-crackdown-bullying-harassment-rules;https://www.theguardian.com/business/2026/aug/27/city-fca-crackdown-bullying-harassment-rules;False;2026-08-27T09:00:00+02:00;https://www.theguardian.com;2026-08-27T10:24:46.016806+02:00
442;a446b280-57ba-5bda-9afd-c2585a3c3955;"The US war on Iran is spinning out of control
Mohamad Bazzi";;https://www.theguardian.com/commentisfree/2026/aug/01/us-iran-war-trump-recession;https://www.theguardian.com/commentisfree/2026/aug/01/us-iran-war-trump-recession;False;2026-08-01T11:00:00+02:00;https://www.theguardian.com;2026-08-22T20:30:34.903926+02:00
443;a4484a8b-e92a-5daa-a7b1-ad22216bb8a5;Andrew Tate rented supercars to appear ‘uberwealthy’, says his lawyer;;https://www.theguardian.com/news/2026/aug/25/andrew-tate-rented-supercars-to-appear-uberwealthy-says-his-lawyer;https://www.theguardian.com/news/2026/aug/25/andrew-tate-rented-supercars-to-appear-uberwealthy-says-his-lawyer;False;2026-08-25T14:25:00+02:00;https://www.theguardian.com;2026-08-25T16:10:59.061992+02:00
444;a4b12cb8-4cc6-5001-a186-9f8c38d48873;" This article is more than 1 month old
Trump rejects Iran’s strait of Hormuz closure claim as fight for control goes on
This article is more than 1 month old";;https://www.theguardian.com/world/2026/jul/12/us-and-iran-exchange-strikes-as-tehran-again-says-strait-of-hormuz-is-closed;https://www.theguardian.com/world/2026/jul/12/us-and-iran-exchange-strikes-as-tehran-again-says-strait-of-hormuz-is-closed;False;2026-07-12T20:49:00+02:00;https://www.theguardian.com;2026-08-22T20:30:05.425998+02:00
445;a4becb59-bebe-5758-b4db-a29d46ed7d85;The end of Latrobe Valley coal – in pictures;;https://www.theguardian.com/australia-news/gallery/2026/aug/24/the-end-of-latrobe-valley-coal-in-pictures;https://www.theguardian.com/australia-news/gallery/2026/aug/24/the-end-of-latrobe-valley-coal-in-pictures;False;2026-08-23T17:00:00+02:00;https://www.theguardian.com;2026-08-23T17:19:30.181363+02:00
446;a5977093-58e0-5634-9844-40d7b226993c;Flash floods on Nepal-Tibet border leave scores dead and hundreds missing;;https://www.theguardian.com/world/2026/aug/26/major-casualties-feared-after-flash-floods-along-nepal-tibet-border;https://www.theguardian.com/world/2026/aug/26/major-casualties-feared-after-flash-floods-along-nepal-tibet-border;False;2026-08-26T16:07:00+02:00;https://www.theguardian.com;2026-08-26T16:56:54.980457+02:00
447;a59d584b-7935-5520-a67d-7055b7df9b1d;Trump downplays Moscow visit by CIA director as ‘semi-routine’;;https://www.theguardian.com/us-news/2026/aug/26/trump-cia-director-moscow-visit;https://www.theguardian.com/us-news/2026/aug/26/trump-cia-director-moscow-visit;False;2026-08-26T20:21:00+02:00;https://www.theguardian.com;2026-08-27T10:24:30.497569+02:00
448;a61e1487-f7ce-5697-99e1-4484ddeafa17;‘We are still here’: a day in the life of 12 Afghan women;;https://www.theguardian.com/global-development/ng-interactive/2026/aug/11/day-in-the-life-of-12-afghanistan-women-taliban;https://www.theguardian.com/global-development/ng-interactive/2026/aug/11/day-in-the-life-of-12-afghanistan-women-taliban;False;2026-08-11T06:00:00+02:00;https://www.theguardian.com;2026-08-22T16:54:07.236251+02:00
449;a6a7092e-0baa-571a-b0c2-af4196c22246;Government lays out housing plans but Burnham backtracks on social renting pledge – UK politics live;;https://www.theguardian.com/politics/live/2026/aug/25/housing-plans-andy-burnham-social-renting-pledge-ukraine-reform-tories-rupert-lowe-uk-politics-latest;https://www.theguardian.com/politics/live/2026/aug/25/housing-plans-andy-burnham-social-renting-pledge-ukraine-reform-tories-rupert-lowe-uk-politics-latest;False;2026-08-25T15:29:00+02:00;https://www.theguardian.com;2026-08-25T16:10:58.237467+02:00
450;a71eff1a-a793-5d25-84f3-11499e76bf20;"Humans have learned to fear ‘bugs’, but we shouldn’t – life as we know it hinges on invertebrates
Chris Packham";;https://www.theguardian.com/commentisfree/2026/aug/20/humans-bugs-invertebrates-of-the-year-natural-world-chris-packham;https://www.theguardian.com/commentisfree/2026/aug/20/humans-bugs-invertebrates-of-the-year-natural-world-chris-packham;False;2026-08-20T13:00:00+02:00;https://www.theguardian.com;2026-08-23T22:09:36.261836+02:00
451;;;;;;;;;
452;a7880ccc-c872-5f1e-8a43-9268b7582502;Trump escalates trade war with Canada with threat to raise tariffs on vehicles and steel – live;;https://www.theguardian.com/us-news/live/2026/aug/24/hakeem-jeffries-jared-kushner-democrats-midterm-elections-donald-trump-iran-war-sanctions-latest-news-updates;https://www.theguardian.com/us-news/live/2026/aug/24/hakeem-jeffries-jared-kushner-democrats-midterm-elections-donald-trump-iran-war-sanctions-latest-news-updates;False;2026-08-24T17:36:00+02:00;https://www.theguardian.com;2026-08-24T17:50:11.961919+02:00
453;a7f3ee5a-9997-52df-8c5e-95d555dc3c98;" This article is more than 1 month old
Analysis
Weather tracker: Unusually warm rivers affect French nuclear power plants
This article is more than 1 month old
Theo Gkousarov for MetDesk";;https://www.theguardian.com/environment/2026/jul/13/weather-tracker-unusually-warm-rivers-affect-french-nuclear-power-plants;https://www.theguardian.com/environment/2026/jul/13/weather-tracker-unusually-warm-rivers-affect-french-nuclear-power-plants;False;2026-07-13T12:53:00+02:00;https://www.theguardian.com;2026-08-22T18:13:24.947032+02:00
454;a8c2b042-e742-5d60-b533-189db00f4696;Panama canal fees soar due to Iran war and El Niño as ship ‘pays $4m to jump queue’;;https://www.theguardian.com/business/2026/aug/12/panama-canal-fees-iran-war-el-nino-ship-jump-queue;https://www.theguardian.com/business/2026/aug/12/panama-canal-fees-iran-war-el-nino-ship-jump-queue;False;2026-08-12T14:26:00+02:00;https://www.theguardian.com;2026-08-22T20:30:22.836613+02:00
455;a8eeb7c8-3811-54e3-b953-50016a44d172;"Analysis
The Leipzig drone bomb marks a dangerous escalation for Europe
Dan Sabbagh Defence and security editor";;https://www.theguardian.com/world/2026/aug/05/the-leipzig-drone-bomb-marks-a-dangerous-escalation-for-europe;https://www.theguardian.com/world/2026/aug/05/the-leipzig-drone-bomb-marks-a-dangerous-escalation-for-europe;False;2026-08-05T19:32:00+02:00;https://www.theguardian.com;2026-08-22T16:54:37.407069+02:00
456;a9231f20-4536-5558-9e2a-ca1594758313;Judge rejects Ghislaine Maxwell’s sex-trafficking appeal, calling claims ‘demonstrably meritless’;;https://www.theguardian.com/us-news/2026/aug/25/ghislaine-maxwell-sex-trafficking-appeal;https://www.theguardian.com/us-news/2026/aug/25/ghislaine-maxwell-sex-trafficking-appeal;False;2026-08-25T17:46:00+02:00;https://www.theguardian.com;2026-08-25T18:19:19.672185+02:00
457;a9d75b32-1bc3-5ca8-b782-39e576c1e6ff;Manuscript fragments hiding in plain sight shed light on medieval Guernsey’s literary life;;https://www.theguardian.com/uk-news/2026/aug/23/manuscript-fragments-discovery-medieval-guernsey;https://www.theguardian.com/uk-news/2026/aug/23/manuscript-fragments-discovery-medieval-guernsey;False;2026-08-23T13:00:00+02:00;https://www.theguardian.com;2026-08-23T17:19:17.814426+02:00
458;aa1cbcc4-3917-5c84-8e0c-73f42cc65be1;Mpox is back – and in new countries. How can this outbreak be contained?;;https://www.theguardian.com/global-development/2026/aug/26/global-health-mpox-outbreak-explainer-children;https://www.theguardian.com/global-development/2026/aug/26/global-health-mpox-outbreak-explainer-children;False;2026-08-26T13:00:00+02:00;https://www.theguardian.com;2026-08-26T16:56:54.461545+02:00
459;ab486c87-2535-53e2-8961-c0d096321139;British widow, 78, told to leave Sweden under Brexit rules after living there for 21 years;;https://www.theguardian.com/world/2026/aug/10/british-widow-78-told-to-leave-sweden-under-brexit-rules-after-living-there-for-21-years;https://www.theguardian.com/world/2026/aug/10/british-widow-78-told-to-leave-sweden-under-brexit-rules-after-living-there-for-21-years;False;2026-08-10T06:00:00+02:00;https://www.theguardian.com;2026-08-22T16:53:40.900560+02:00
460;ab759546-b3c3-5225-b745-cae3d6b14a5a;Man on trial for Daphne Caruana Galizia murder claims he was framed;;https://www.theguardian.com/world/2026/aug/26/yorgen-fenech-trial-daphne-caruana-galizia-claims-framed;https://www.theguardian.com/world/2026/aug/26/yorgen-fenech-trial-daphne-caruana-galizia-claims-framed;False;2026-08-26T06:00:00+02:00;https://www.theguardian.com;2026-08-26T10:55:53.031754+02:00
461;ac57850e-39d7-5704-b069-5a56dfc2e17f;"My home state is set to hand a breakthrough to the German far right. It’s a disaster decades in the making
Marcus Böick";;https://www.theguardian.com/commentisfree/2026/aug/27/fellow-east-germans-frustrations-afd-state-elections;https://www.theguardian.com/commentisfree/2026/aug/27/fellow-east-germans-frustrations-afd-state-elections;False;2026-08-27T06:00:00+02:00;https://www.theguardian.com;2026-08-27T10:24:36.450009+02:00
462;ace90cf0-b914-5c9b-a87a-4ebaafcde242;Burnham to face pressure at Labour conference to recognise Israel’s actions in Gaza as genocide;;https://www.theguardian.com/politics/2026/aug/23/andy-burnham-pressure-labour-conference-recognise-israel-actions-gaza-genocide;https://www.theguardian.com/politics/2026/aug/23/andy-burnham-pressure-labour-conference-recognise-israel-actions-gaza-genocide;False;2026-08-23T13:26:00+02:00;https://www.theguardian.com;2026-08-23T22:09:06.011952+02:00
463;acea98f2-5aab-531c-9113-badb393083d6;Prince Harry quits board of wildlife charity after rangers’ human rights abuses;;https://www.theguardian.com/uk-news/2026/aug/24/prince-harry-quits-board-wildlife-charity-african-parks-human-rights-abuses;https://www.theguardian.com/uk-news/2026/aug/24/prince-harry-quits-board-wildlife-charity-african-parks-human-rights-abuses;False;2026-08-24T19:34:00+02:00;https://www.theguardian.com;2026-08-25T09:50:14.021162+02:00
464;ad339b54-e30b-539e-bb30-3f6995c90deb;If all car tyres were filled with CO2, would this cut atmospheric carbon significantly?;;https://www.theguardian.com/lifeandstyle/2026/aug/23/if-all-car-tyres-were-filled-with-co2-would-this-cut-atmospheric-carbon-significantly;https://www.theguardian.com/lifeandstyle/2026/aug/23/if-all-car-tyres-were-filled-with-co2-would-this-cut-atmospheric-carbon-significantly;False;2026-08-23T15:00:00+02:00;https://www.theguardian.com;2026-08-23T17:19:27.212511+02:00
465;ad3be7d3-1c8c-51e1-b09c-a5121aba7d7a;Gavin Newsom puts Spanish-style California mansion up for sale for $7.5m;;https://www.theguardian.com/us-news/2026/aug/25/gavin-newsom-california-mansion-for-sale;https://www.theguardian.com/us-news/2026/aug/25/gavin-newsom-california-mansion-for-sale;False;2026-08-26T00:55:00+02:00;https://www.theguardian.com;2026-08-26T10:56:05.422705+02:00
466;ad5de8fa-641f-553b-8b35-4a9878226269;Alexandria Ocasio-Cortez rejoins DSA after membership lapse of seven years;;https://www.theguardian.com/us-news/2026/aug/26/alexandria-ocasio-cortez-rejoins-dsa;https://www.theguardian.com/us-news/2026/aug/26/alexandria-ocasio-cortez-rejoins-dsa;False;2026-08-27T00:11:00+02:00;https://www.theguardian.com;2026-08-27T10:24:50.007793+02:00
467;adb5ecc9-a980-5789-bbc3-025266237787;Is Iran a ‘forever war’? – Stateside with Kai and Carter;;https://www.theguardian.com/us-news/video/2026/jul/29/iran-forever-war-stateside-podcast;https://www.theguardian.com/us-news/video/2026/jul/29/iran-forever-war-stateside-podcast;False;2026-07-29T22:00:00+02:00;https://www.theguardian.com;2026-08-22T20:30:42.965765+02:00
468;adb97245-12c9-52e4-ac90-894afbdfc232;" This article is more than 1 month old
Europe considering proposals to allow navigation fees in strait of Hormuz
This article is more than 1 month old";;https://www.theguardian.com/world/2026/jul/11/europe-considers-proposals-navigational-fees-strait-of-hormuz-iran-us;https://www.theguardian.com/world/2026/jul/11/europe-considers-proposals-navigational-fees-strait-of-hormuz-iran-us;False;2026-07-11T06:32:00+02:00;https://www.theguardian.com;2026-08-22T20:30:07.060006+02:00
469;ae1e2ab8-539c-5c49-9455-53aaf3adeb72;‘I love it. It’s hope’: the mysterious self-willed wildflower meadow that seeded itself;;https://www.theguardian.com/environment/2026/aug/24/mysterious-self-willed-wildflower-meadow-that-seeded-itself;https://www.theguardian.com/environment/2026/aug/24/mysterious-self-willed-wildflower-meadow-that-seeded-itself;False;2026-08-23T16:00:00+02:00;https://www.theguardian.com;2026-08-23T21:55:08.652907+02:00
470;ae8b8bbf-18de-529a-81f4-049ed4d75d94;;;https://www.theguardian.com/environment/2026/aug/20/environment-oceans-acidification-alkali-carbon-absorption-lobsters;https://www.theguardian.com/environment/2026/aug/20/environment-oceans-acidification-alkali-carbon-absorption-lobsters;False;2026-08-20T16:00:00+02:00;https://www.theguardian.com;2026-08-22T16:41:56.337054+02:00
471;aeaa84f0-9948-5083-85c6-47cd6a50c074;US Senate rejects bid to rein in Trump’s authority over Iran war;;https://www.theguardian.com/us-news/2026/jul/30/donald-trump-senate-iran-war-power;https://www.theguardian.com/us-news/2026/jul/30/donald-trump-senate-iran-war-power;False;2026-07-30T21:29:00+02:00;https://www.theguardian.com;2026-08-22T20:30:39.597429+02:00
472;af1329fc-9c78-5b64-ac32-47fa8da0e4f1;"Is the Trump Treasury panicking over the level of US debt?
Kenneth Rogoff";;https://www.theguardian.com/business/2026/aug/26/is-the-trump-treasury-panicking-over-the-level-of-us-debt;https://www.theguardian.com/business/2026/aug/26/is-the-trump-treasury-panicking-over-the-level-of-us-debt;False;2026-08-26T07:00:00+02:00;https://www.theguardian.com;2026-08-26T10:56:06.910342+02:00
473;af1d981a-454a-5f2b-9381-45d519be1864;Dominic Perrottet’s brother allegedly ‘ventilating dirt’ on fugitive developer’s adversaries, Icac hears;;https://www.theguardian.com/australia-news/2026/aug/24/dominic-perrottet-brother-charles-secret-recording-icac-inquiry-ntwnfb;https://www.theguardian.com/australia-news/2026/aug/24/dominic-perrottet-brother-charles-secret-recording-icac-inquiry-ntwnfb;False;2026-08-24T09:25:00+02:00;https://www.theguardian.com;2026-08-24T09:39:03.820702+02:00
474;af5b1050-35db-5139-97be-ca860f9d4911;Dominic Perrottet’s sister-in-law denies lying under oath to protect husband over allegedly illegal donations, Icac hears;;https://www.theguardian.com/australia-news/2026/aug/26/dominic-perrottets-sister-in-law-denies-lying-under-oath-to-protect-husband-over-allegedly-donations-icac-hears-ntwnfb;https://www.theguardian.com/australia-news/2026/aug/26/dominic-perrottets-sister-in-law-denies-lying-under-oath-to-protect-husband-over-allegedly-donations-icac-hears-ntwnfb;False;2026-08-26T12:16:00+02:00;https://www.theguardian.com;2026-08-26T16:56:55.735091+02:00
475;b02a20b7-540b-53ee-b0e7-b25367d2b40e;Billionaire investor says he used AI to write critique of former mentee Scott Bessent;;https://www.theguardian.com/us-news/2026/aug/25/scott-bessent-stanley-druckenmiller-ai;https://www.theguardian.com/us-news/2026/aug/25/scott-bessent-stanley-druckenmiller-ai;False;2026-08-26T02:38:00+02:00;https://www.theguardian.com;2026-08-26T10:56:04.150309+02:00
476;b0608917-0e6c-55f0-9f7b-e028f1ca67da;"Analysis
Ukraine’s drone attacks have left Russia desperately scrambling for oil imports
Peter Beaumont
Senior international correspondent";;https://www.theguardian.com/world/2026/aug/27/ukraines-drone-attacks-have-left-russia-desperately-scrambling-for-oil-imports;https://www.theguardian.com/world/2026/aug/27/ukraines-drone-attacks-have-left-russia-desperately-scrambling-for-oil-imports;False;2026-08-27T10:00:00+02:00;https://www.theguardian.com;2026-08-27T10:24:43.888542+02:00
477;b0b4edfd-40cb-5720-9a60-b69468cb7ab9;" This article is more than 3 months old
Analysis
As WHO sounds alarm over Ebola in DRC, what can be learned from previous outbreaks?
This article is more than 3 months old
Peter Beaumont
Senior international correspondent";;https://www.theguardian.com/world/2026/may/19/why-the-lessons-of-the-drcs-last-ebola-outbreak-are-being-tested-again;https://www.theguardian.com/world/2026/may/19/why-the-lessons-of-the-drcs-last-ebola-outbreak-are-being-tested-again;False;2026-05-19T14:51:00+02:00;https://www.theguardian.com;2026-08-22T16:54:15.722089+02:00
478;b10a0511-4791-5ef2-b7c4-d75dae133f81;Ryanair window that passenger was partly sucked out of was broken by engine debris, report finds;;https://www.theguardian.com/business/2026/aug/14/ryanair-engine-parts-shattered-window-passenger-partly-sucked-out-of-report;https://www.theguardian.com/business/2026/aug/14/ryanair-engine-parts-shattered-window-passenger-partly-sucked-out-of-report;False;2026-08-14T12:28:00+02:00;https://www.theguardian.com;2026-08-22T16:54:33.433098+02:00
479;b136b488-d9af-5855-b767-b27bba0bb4a5;Washington Post ordered to reinstate opinion writer fired over Charlie Kirk posts;;https://www.theguardian.com/business/2026/aug/24/washington-post-reinstate-karen-attiah;https://www.theguardian.com/business/2026/aug/24/washington-post-reinstate-karen-attiah;False;2026-08-24T17:42:00+02:00;https://www.theguardian.com;2026-08-24T17:50:26.186278+02:00
480;b1b3f8c9-a9c9-570d-9c59-89440a0cbee3;"Marine Le Pen’s career has been resurrected – and she is a bigger threat than ever
Mujtaba Rahman";;https://www.theguardian.com/commentisfree/2026/aug/24/marine-le-pen-presidential-election-france;https://www.theguardian.com/commentisfree/2026/aug/24/marine-le-pen-presidential-election-france;False;2026-08-24T06:00:00+02:00;https://www.theguardian.com;2026-08-24T09:39:11.991647+02:00
481;b1cb855f-de2e-5487-99b4-be033fe99280;" This article is more than 6 months old
Analysis
Weather tracker: New Zealand hit by storms and widespread floods
This article is more than 6 months old
Ishani Mistry for Met Desk";;https://www.theguardian.com/environment/2026/feb/16/weather-tracker-new-zealand-hit-by-storms-and-widespread-floods;https://www.theguardian.com/environment/2026/feb/16/weather-tracker-new-zealand-hit-by-storms-and-widespread-floods;False;2026-02-16T11:22:00+01:00;https://www.theguardian.com;2026-08-22T20:31:01.686737+02:00
482;b2159847-e5a3-5e89-b2c6-29609b75c280;Wildfires kill two in Greece and torch Belgian nature reserve;;https://www.theguardian.com/world/2026/aug/16/greek-island-salamis-belgium-high-fens-helicopters-wildfire;https://www.theguardian.com/world/2026/aug/16/greek-island-salamis-belgium-high-fens-helicopters-wildfire;False;2026-08-16T23:27:00+02:00;https://www.theguardian.com;2026-08-22T16:54:31.720191+02:00
483;b21b6d78-4fca-592e-ac5b-04a77632896f;Guests joked Alan Jones and alleged victim looked ‘like a great couple’ at luncheon, court hears;;https://www.theguardian.com/australia-news/2026/aug/24/alan-jones-trial-jason-morrison-2gb-ntwnfb;https://www.theguardian.com/australia-news/2026/aug/24/alan-jones-trial-jason-morrison-2gb-ntwnfb;False;2026-08-24T07:28:00+02:00;https://www.theguardian.com;2026-08-24T09:39:05.921562+02:00
484;b27d7def-3eb9-5824-a7a0-47d649b1c18b;British man with dementia told to leave Sweden after losing migration case;;https://www.theguardian.com/world/2026/aug/12/british-man-dementia-leave-sweden-brexit-migration-case;https://www.theguardian.com/world/2026/aug/12/british-man-dementia-leave-sweden-brexit-migration-case;False;2026-08-12T06:00:00+02:00;https://www.theguardian.com;2026-08-23T22:09:13.987642+02:00
485;b2dae7bf-a8f4-5274-801d-4827488de165;Oil prices jump after US-Iran ceasefire expires and Trump threatens Oman;;https://www.theguardian.com/business/2026/aug/18/oil-prices-rise-us-iran-brent-crude-donald-trump;https://www.theguardian.com/business/2026/aug/18/oil-prices-rise-us-iran-brent-crude-donald-trump;False;2026-08-18T13:50:00+02:00;https://www.theguardian.com;2026-08-22T20:30:12.299474+02:00
486;b2f3f76a-7d5f-5b22-a731-fe08ce357eae;" This article is more than 7 months old
Analysis
Weather tracker: Early snowfall in New York and a storm ruins Christmas lights in Spain
This article is more than 7 months old
Ed Walton for MetDesk";;https://www.theguardian.com/environment/2025/dec/19/weather-tracker-early-snowfall-new-york-storm-rips-down-lights-spain;https://www.theguardian.com/environment/2025/dec/19/weather-tracker-early-snowfall-new-york-storm-rips-down-lights-spain;False;2025-12-19T10:24:00+01:00;https://www.theguardian.com;2026-08-22T20:31:09.230513+02:00
487;b3000c10-f95a-56fe-9049-42c69712e47f;Scrapping of Berlin swimming day for Black children becomes latest in long list of race-linked pool rows;;https://www.theguardian.com/world/2026/aug/24/scrapping-of-berlin-swimming-day-for-black-children-becomes-latest-in-long-list-of-race-linked-pool-rows;https://www.theguardian.com/world/2026/aug/24/scrapping-of-berlin-swimming-day-for-black-children-becomes-latest-in-long-list-of-race-linked-pool-rows;False;2026-08-24T06:00:00+02:00;https://www.theguardian.com;2026-08-24T09:39:01.462918+02:00
488;b34acd1c-2960-5603-bf97-705a6cbe2688;How growing up in ‘Chemical Valley’ inspired lawyer to sue industry she used to work for;;https://www.theguardian.com/environment/2026/aug/24/chemical-valley-inspired-lawyer-sue-industry-france-helene-duguy;https://www.theguardian.com/environment/2026/aug/24/chemical-valley-inspired-lawyer-sue-industry-france-helene-duguy;False;2026-08-24T14:00:00+02:00;https://www.theguardian.com;2026-08-24T17:50:38.440650+02:00
489;b39590b8-4766-50c1-9406-d5806ca6db27;"With Nige still sulking, it was left to Honest Bob to unveil Reform UK’s latest ‘policies’
John Crace";;https://www.theguardian.com/politics/2026/aug/26/nigel-farage-sulking-robert-jenrick-unveil-reform-latest-policies;https://www.theguardian.com/politics/2026/aug/26/nigel-farage-sulking-robert-jenrick-unveil-reform-latest-policies;False;2026-08-26T17:26:00+02:00;https://www.theguardian.com;2026-08-26T17:54:31.718883+02:00
490;b48005dc-9459-5ae9-9ebe-22b846db8380;‘Staggering’: watchdog condemns police after Indigenous teenager on bus wrongfully arrested – then searched;;https://www.theguardian.com/australia-news/2026/aug/25/watchdog-scathing-after-act-police-searched-indigenous-teen-even-after-they-realised-arrest-was-mistake-ntwnfb;https://www.theguardian.com/australia-news/2026/aug/25/watchdog-scathing-after-act-police-searched-indigenous-teen-even-after-they-realised-arrest-was-mistake-ntwnfb;False;2026-08-24T16:01:00+02:00;https://www.theguardian.com;2026-08-24T17:50:21.692730+02:00
491;b48fc6c6-175e-5a7c-a744-2b2a8f782fbd;Sorrow as community pays tribute to ‘shining light’ Lily Hooper after NSW hiking tragedy;;https://www.theguardian.com/australia-news/2026/aug/22/sorrow-as-community-pays-tribute-to-shining-light-lily-hooper-after-nsw-hiking-tragedy;https://www.theguardian.com/australia-news/2026/aug/22/sorrow-as-community-pays-tribute-to-shining-light-lily-hooper-after-nsw-hiking-tragedy;False;2026-08-22T07:59:00+02:00;https://www.theguardian.com;2026-08-22T16:51:37.322738+02:00
492;b4dc0901-86b7-5ccc-b405-3fc6c360bfbb;A rare win in Indian country: how tribes drove out a mining company in one week;;https://www.theguardian.com/us-news/2026/aug/25/native-american-tribe-drove-out-mining-company;https://www.theguardian.com/us-news/2026/aug/25/native-american-tribe-drove-out-mining-company;False;2026-08-25T14:00:00+02:00;https://www.theguardian.com;2026-08-25T16:11:03.975525+02:00
493;b4e9d065-366c-53a7-8792-02bcc5813344;Man suspected of killing five people in Oregon found dead, officials say;;https://www.theguardian.com/us-news/2026/aug/24/murder-suspect-found-dead-oregon;https://www.theguardian.com/us-news/2026/aug/24/murder-suspect-found-dead-oregon;False;2026-08-24T16:27:00+02:00;https://www.theguardian.com;2026-08-24T17:50:26.966518+02:00
494;b5d92384-45f5-5cf7-83ab-c4c12ecab0b5;;;https://www.theguardian.com/world/2026/aug/23/french-fires-150-years-in-the-making-visual-guide;https://www.theguardian.com/world/2026/aug/23/french-fires-150-years-in-the-making-visual-guide;False;2026-08-23T13:00:00+02:00;https://www.theguardian.com;2026-08-23T17:19:14.786164+02:00
495;b5e1f58f-bfda-5faf-9b4b-554cc9a4a09c;"Why does the New York Times keep calling the left ‘divisive’?
Dana Frank";;https://www.theguardian.com/commentisfree/2026/aug/24/new-york-times-divisive-progressives;https://www.theguardian.com/commentisfree/2026/aug/24/new-york-times-divisive-progressives;False;2026-08-24T16:00:00+02:00;https://www.theguardian.com;2026-08-24T17:50:33.130336+02:00
496;b5ebff38-3c4f-53e1-88d6-7f7df022d278;Sean Duffy’s family road-trip reality series: we watched it – will anyone else?;;https://www.theguardian.com/us-news/ng-interactive/2026/aug/22/sean-duffy-reality-road-trip-tv-youtube;https://www.theguardian.com/us-news/ng-interactive/2026/aug/22/sean-duffy-reality-road-trip-tv-youtube;False;2026-08-22T12:00:00+02:00;https://www.theguardian.com;2026-08-22T16:53:43.368473+02:00
497;b66332b1-56b9-5ee9-8e36-a3e7dd71e0e6;FBI raided Spanish vacation rental of wealthy leftwing funder James ‘Fergie’ Chambers after his arrest;;https://www.theguardian.com/us-news/2026/aug/25/fbi-raid-james-fergie-cox-vacation-rental;https://www.theguardian.com/us-news/2026/aug/25/fbi-raid-james-fergie-cox-vacation-rental;False;2026-08-25T22:57:00+02:00;https://www.theguardian.com;2026-08-26T10:55:53.552509+02:00
498;b6e5798d-ad76-5aa2-91b0-10b4f76d2d89;Iran issues tough demands to reopen strait of Hormuz as deal still out of reach;;https://www.theguardian.com/world/2026/aug/08/iran-issues-tough-demands-to-reopen-strait-of-hormuz-as-deal-remains-out-of-reach;https://www.theguardian.com/world/2026/aug/08/iran-issues-tough-demands-to-reopen-strait-of-hormuz-as-deal-remains-out-of-reach;False;2026-08-08T23:01:00+02:00;https://www.theguardian.com;2026-08-22T20:29:40.344590+02:00
499;b7046b35-c69d-5861-a39b-3036f75abfb3;" This article is more than 2 months old
Analysis
Typhoon Jangmi sweeps northwards leaving 23 injured in Japan
This article is more than 2 months old
Magdalena Shopova for MetDesk";;https://www.theguardian.com/environment/2026/jun/05/typhoon-jangmi-no-6-japan;https://www.theguardian.com/environment/2026/jun/05/typhoon-jangmi-no-6-japan;False;2026-06-05T12:31:00+02:00;https://www.theguardian.com;2026-08-23T22:08:56.691985+02:00
500;b76bd45d-8188-5e50-a9e1-16a21d99d767;‘Shameful’: UK, Australia and Canada criticise Israel over Gaza aid convoy killings decision;;https://www.theguardian.com/world/2026/aug/21/uk-australia-canada-criticise-israel-gaza-aid-convoy-killings-decision;https://www.theguardian.com/world/2026/aug/21/uk-australia-canada-criticise-israel-gaza-aid-convoy-killings-decision;False;2026-08-21T17:03:00+02:00;https://www.theguardian.com;2026-08-22T16:51:38.479876+02:00
501;b79a2409-fb6e-5a84-b7e3-80fc366e1783;" This article is more than 8 months old
Analysis
Weather tracker: Atmospheric rivers to bring heavy rain and snow to Pacific north-west
This article is more than 8 months old
Alice Fowle for MetDesk";;https://www.theguardian.com/environment/2025/dec/08/weather-tracker-atmospheric-rivers-heavy-rain-snow-to-pacific-north-west-us-canada;https://www.theguardian.com/environment/2025/dec/08/weather-tracker-atmospheric-rivers-heavy-rain-snow-to-pacific-north-west-us-canada;False;2025-12-08T13:05:00+01:00;https://www.theguardian.com;2026-08-22T20:31:10.538842+02:00
502;b8f16ffb-5bb6-5f45-b5b0-17491714ebf5;‘Immense drop-off’ in support contributing to care leaver deaths in England, review says;;https://www.theguardian.com/society/2026/aug/25/care-leaver-deaths-isolation-drop-off-support-review;https://www.theguardian.com/society/2026/aug/25/care-leaver-deaths-isolation-drop-off-support-review;False;2026-08-25T01:01:00+02:00;https://www.theguardian.com;2026-08-25T09:50:22.881351+02:00
503;b984c2df-70c6-5edf-b9d0-2e6259503172;‘Economic D-day’: How desperate is Trump to end Iran war? - The Latest;;https://www.theguardian.com/news/video/2026/aug/25/economic-d-day-how-desperate-is-trump-to-end-iran-war-the-latest;https://www.theguardian.com/news/video/2026/aug/25/economic-d-day-how-desperate-is-trump-to-end-iran-war-the-latest;False;2026-08-25T17:25:00+02:00;https://www.theguardian.com;2026-08-25T17:32:00.045461+02:00
504;ba02f016-1eb5-569f-80be-8df239fcc32c;" This article is more than 1 month old
US and Iran exchange strikes: is Trump’s peace deal over? | The Latest
This article is more than 1 month old";;https://www.theguardian.com/news/video/2026/jul/09/us-and-iran-exchange-strikes-is-trumps-peace-deal-over-the-latest;https://www.theguardian.com/news/video/2026/jul/09/us-and-iran-exchange-strikes-is-trumps-peace-deal-over-the-latest;False;2026-07-09T17:18:00+02:00;https://www.theguardian.com;2026-08-22T20:30:08.876684+02:00
505;ba188083-238f-539f-a683-77d94194dd97;US territories hit out at Trump plan to explore deep sea mining in the Pacific;;https://www.theguardian.com/environment/2026/aug/24/trump-plans-critical-minerals-deep-sea-mining-pacific-islands;https://www.theguardian.com/environment/2026/aug/24/trump-plans-critical-minerals-deep-sea-mining-pacific-islands;False;2026-08-24T03:34:00+02:00;https://www.theguardian.com;2026-08-24T09:39:10.430812+02:00
506;ba21c24d-c07e-576c-8b2a-e2fa94302eb4;Extreme heat breaks temperature records in central and eastern Europe;;https://www.theguardian.com/world/2026/aug/07/extreme-heat-breaks-temperature-records-central-eastern-europe;https://www.theguardian.com/world/2026/aug/07/extreme-heat-breaks-temperature-records-central-eastern-europe;False;2026-08-07T07:00:00+02:00;https://www.theguardian.com;2026-08-22T16:54:35.821098+02:00
507;ba32358c-c7f7-5cde-8038-5e070f85b58b;"Stores are selling Halloween stuff in August. Time has lost all meaning
Dave Schilling";;https://www.theguardian.com/commentisfree/2026/aug/23/halloween-capitalism-climate-change;https://www.theguardian.com/commentisfree/2026/aug/23/halloween-capitalism-climate-change;False;2026-08-23T13:00:00+02:00;https://www.theguardian.com;2026-08-23T17:19:23.755339+02:00
508;ba3613a3-093d-5acd-8a4b-f692b00fae6f;Key witness in Meta trial says terms of settlement insufficient to halt apps’ harms to teenagers;;https://www.theguardian.com/technology/2026/aug/26/meta-trial-witness-settlement;https://www.theguardian.com/technology/2026/aug/26/meta-trial-witness-settlement;False;2026-08-27T02:37:00+02:00;https://www.theguardian.com;2026-08-27T10:24:48.537362+02:00
509;ba37d118-796c-5dbd-9250-95b0c5aecb48;" This article is more than 1 month old
Analysis
Weather tracker: North-west US hit by snow ahead of eastern heatwave
This article is more than 1 month old
Lauren Herdman for MetDesk";;https://www.theguardian.com/environment/2026/jun/29/weather-tracker-north-west-us-hit-by-snow-ahead-of-eastern-heatwave;https://www.theguardian.com/environment/2026/jun/29/weather-tracker-north-west-us-hit-by-snow-ahead-of-eastern-heatwave;False;2026-06-29T14:09:00+02:00;https://www.theguardian.com;2026-08-23T22:08:54.184738+02:00
510;ba69613a-8cd9-5183-858e-597e21d4d4ab;Trump laying groundwork to impose national emergency by sowing election distrust;;https://www.theguardian.com/us-news/2026/aug/23/trump-sowing-election-distrust;https://www.theguardian.com/us-news/2026/aug/23/trump-sowing-election-distrust;False;2026-08-23T12:00:00+02:00;https://www.theguardian.com;2026-08-23T17:19:23.310402+02:00
511;ba7aadf5-c22a-5114-b858-7f925323421c;"I’m known as The Black Farmer because there are so few of us in the UK. It’s one of the ways farming must change
Wilfred Emmanuel-Jones";;https://www.theguardian.com/commentisfree/2026/aug/22/the-black-farmer-tv-clarksons-farm-minorities;https://www.theguardian.com/commentisfree/2026/aug/22/the-black-farmer-tv-clarksons-farm-minorities;False;2026-08-22T10:00:00+02:00;https://www.theguardian.com;2026-08-22T16:45:08.973607+02:00
512;bb137456-bad7-5785-a4fb-004aef5d150f;Moringa lattes and tigernut kebabs: the young Ghanaians ‘taking back the power’ of their food;;https://www.theguardian.com/global-development/2026/aug/26/moringa-lattes-and-tigernut-kebabs-the-young-ghanaians-taking-back-the-power-of-their-food;https://www.theguardian.com/global-development/2026/aug/26/moringa-lattes-and-tigernut-kebabs-the-young-ghanaians-taking-back-the-power-of-their-food;False;2026-08-26T11:00:00+02:00;https://www.theguardian.com;2026-08-26T11:31:23.197226+02:00
513;bb6b2bca-6c76-5cdb-9e0f-237cd62300f1;Sand overextraction weakening riverbanks as concrete demand soars;;https://www.theguardian.com/science/2026/aug/26/terrawatch-sand-overextraction-riverbanks-concrete-demand;https://www.theguardian.com/science/2026/aug/26/terrawatch-sand-overextraction-riverbanks-concrete-demand;False;2026-08-26T07:00:00+02:00;https://www.theguardian.com;2026-08-26T10:56:12.710790+02:00
514;bba9e171-c2e3-5623-9f86-6b17f349037a;" This article is more than 4 months old
Analysis
Weather tracker: Super Typhoon Sinlaku threatens Mariana Islands
This article is more than 4 months old
Brendan Wood and Morgan Thomas for MetDesk";;https://www.theguardian.com/environment/2026/apr/13/weather-tracker-super-typhoon-sinlaku-threatens-mariana-islands;https://www.theguardian.com/environment/2026/apr/13/weather-tracker-super-typhoon-sinlaku-threatens-mariana-islands;False;2026-04-13T10:44:00+02:00;https://www.theguardian.com;2026-08-23T22:08:59.970586+02:00
515;bc5e3fce-e491-5af7-b5d9-46ad77d27589;Taliban threaten former Afghan police worker after MoD leak reveals identity;;https://www.theguardian.com/world/2026/aug/16/taliban-threaten-former-afghan-police-worker-after-mod-leak-reveals-identity;https://www.theguardian.com/world/2026/aug/16/taliban-threaten-former-afghan-police-worker-after-mod-leak-reveals-identity;False;2026-08-16T15:00:00+02:00;https://www.theguardian.com;2026-08-22T16:51:44.767702+02:00
516;bc6e6440-7a61-5839-a7ae-92d7934b39c2;Serena and Venus Williams will play doubles together at the US Open;;https://www.theguardian.com/sport/2026/aug/26/serena-venus-williams-doubles-us-open;https://www.theguardian.com/sport/2026/aug/26/serena-venus-williams-doubles-us-open;False;2026-08-26T16:32:00+02:00;https://www.theguardian.com;2026-08-26T16:57:05.083426+02:00
517;bd334798-0beb-59c9-8b6b-39a1a82d2df7;"Has Trump no shame about all the money he has made since being in office?
Francine Prose";;https://www.theguardian.com/commentisfree/2026/aug/20/trump-money-earnings-billionaires;https://www.theguardian.com/commentisfree/2026/aug/20/trump-money-earnings-billionaires;False;2026-08-20T13:00:00+02:00;https://www.theguardian.com;2026-08-22T16:53:47.763680+02:00
518;becc2d9c-3f8e-53bc-8915-29fd759d2890;"The war on ‘loudcasting’ phones can be won, but it will take some very British nudging
Dan Hancox";;https://www.theguardian.com/commentisfree/2026/aug/25/war-loudcasting-british-nudging-phones-public;https://www.theguardian.com/commentisfree/2026/aug/25/war-loudcasting-british-nudging-phones-public;False;2026-08-25T09:00:00+02:00;https://www.theguardian.com;2026-08-25T09:50:35.727596+02:00
519;bf357bbf-dba7-5978-b5cf-8c0fd14a8776;Decoding America: Could datacentres lose Trump the midterms? – podcast;;https://www.theguardian.com/us-news/audio/2026/aug/26/decoding-america-could-datacentres-lose-trump-the-midterms-podcast;https://www.theguardian.com/us-news/audio/2026/aug/26/decoding-america-could-datacentres-lose-trump-the-midterms-podcast;False;2026-08-26T17:00:00+02:00;https://www.theguardian.com;2026-08-26T17:27:03.080429+02:00
520;bf8cff7e-476a-5e1f-ab1f-44a8dbae07be;Groups sue Trump’s EPA over fast-track approval of toxic datacenter chemicals;;https://www.theguardian.com/us-news/2026/aug/26/trump-epa-datacenter-forever-chemicals;https://www.theguardian.com/us-news/2026/aug/26/trump-epa-datacenter-forever-chemicals;False;2026-08-26T13:00:00+02:00;https://www.theguardian.com;2026-08-26T16:57:01.996642+02:00
521;c1209d34-6f31-5111-894f-67b34a4f0c35;Devon man becomes first person to swim Switzerland’s 10 largest lakes;;https://www.theguardian.com/lifeandstyle/2026/aug/26/devon-man-becomes-first-person-to-swim-switzerlands-10-largest-lakes;https://www.theguardian.com/lifeandstyle/2026/aug/26/devon-man-becomes-first-person-to-swim-switzerlands-10-largest-lakes;False;2026-08-26T15:58:00+02:00;https://www.theguardian.com;2026-08-26T16:56:57.082079+02:00
522;c123015e-8cf4-5f9a-8c96-801143854f26;Iran-aligned Houthis claim they attacked oil refinery in Saudi Arabia;;https://www.theguardian.com/world/2026/aug/09/yemen-houthis-saudi-oil-refinery-defence-pact-iran-strait-of-hormuz;https://www.theguardian.com/world/2026/aug/09/yemen-houthis-saudi-oil-refinery-defence-pact-iran-strait-of-hormuz;False;2026-08-09T17:11:00+02:00;https://www.theguardian.com;2026-08-22T20:29:39.569584+02:00
523;c161694f-fa11-5c69-8011-b7270c5b3bb5;Humpbacks return to Rio: the whales are back from the brink of extinction – but will tourism help or hinder?;;https://www.theguardian.com/environment/2026/aug/12/humpbacks-return-to-rio-the-whales-are-back-from-the-brink-of-extinction-but-will-tourism-help-or-hinder;https://www.theguardian.com/environment/2026/aug/12/humpbacks-return-to-rio-the-whales-are-back-from-the-brink-of-extinction-but-will-tourism-help-or-hinder;False;2026-08-12T14:00:00+02:00;https://www.theguardian.com;2026-08-22T16:45:19.788729+02:00
524;c28f2eb6-6bff-558c-a7e6-f70a991dddb4;"Analysis
Iran faces strait of Hormuz paradox as strategic value of chokehold erodes
Patrick Wintour
Diplomatic editor";;https://www.theguardian.com/world/2026/aug/26/iran-faces-strait-of-hormuz-paradox-as-strategic-value-of-chokehold-erodes;https://www.theguardian.com/world/2026/aug/26/iran-faces-strait-of-hormuz-paradox-as-strategic-value-of-chokehold-erodes;False;2026-08-26T06:00:00+02:00;https://www.theguardian.com;2026-08-26T10:55:38.086688+02:00
525;c35367e8-7217-53a3-8564-77e4d6d4a2c2;Woolworths’ Ooshies craze causes Coles sales slump with parents shopping at rival supermarket to collect toys;;https://www.theguardian.com/business/2026/aug/25/woolworths-disney-ooshies-craze-causes-coles-sales-slump;https://www.theguardian.com/business/2026/aug/25/woolworths-disney-ooshies-craze-causes-coles-sales-slump;False;2026-08-25T10:07:00+02:00;https://www.theguardian.com;2026-08-25T16:10:54.141296+02:00
526;c3ad37a4-a043-55fd-8900-a153ded8ff95;" This article is more than 7 months old
Analysis
Weather tracker: Kosovo floods trap people in homes and cut water supplies
This article is more than 7 months old
Jodie Woodcock for MetDesk";;https://www.theguardian.com/environment/2026/jan/09/weather-tracker-kosovo-floods-trap-people-in-homes-and-cut-water-supplies;https://www.theguardian.com/environment/2026/jan/09/weather-tracker-kosovo-floods-trap-people-in-homes-and-cut-water-supplies;False;2026-01-09T11:40:00+01:00;https://www.theguardian.com;2026-08-22T20:31:07.221511+02:00
527;c3be43c0-414a-5560-b6c1-025bb97d159d;Lindsay Clancy murder trial: rebuttal witnesses called after defense rests;;https://www.theguardian.com/us-news/2026/aug/21/lindsay-clancy-murder-trial-update;https://www.theguardian.com/us-news/2026/aug/21/lindsay-clancy-murder-trial-update;False;2026-08-21T21:50:00+02:00;https://www.theguardian.com;2026-08-22T16:53:45.205438+02:00
528;c3cbae33-9845-5620-a2ee-8c9cd4967d84;Donald Trump threatens to bomb Oman if it ‘gets in the way’ of ending Iran war;;https://www.theguardian.com/world/2026/aug/17/donald-trump-threatens-bomb-oman;https://www.theguardian.com/world/2026/aug/17/donald-trump-threatens-bomb-oman;False;2026-08-17T15:43:00+02:00;https://www.theguardian.com;2026-08-22T20:30:13.485839+02:00
529;c3d7173b-c954-52e9-a177-cf99b9c016aa;Final witness in Lindsay Clancy trial says he doesn’t believe she heard a voice during killings;;https://www.theguardian.com/us-news/2026/aug/26/lindsay-clancy-trial-fbi-psychiatrist-final-witness;https://www.theguardian.com/us-news/2026/aug/26/lindsay-clancy-trial-fbi-psychiatrist-final-witness;False;2026-08-26T23:52:00+02:00;https://www.theguardian.com;2026-08-27T10:24:52.287208+02:00
530;c425463a-346f-5a59-bd9a-86a6b544eb7d;" This article is more than 2 months old
Analysis
Weather tracker: deadly May heatwave shatters records across Europe
This article is more than 2 months old
Alice Nightingale-Smith for MetDesk";;https://www.theguardian.com/environment/2026/may/29/weather-tracker-deadly-may-heatwave-shatters-records-across-europe;https://www.theguardian.com/environment/2026/may/29/weather-tracker-deadly-may-heatwave-shatters-records-across-europe;False;2026-05-29T11:47:00+02:00;https://www.theguardian.com;2026-08-22T20:30:48.941473+02:00
531;c4d44e07-5f7d-5345-899c-846eeb56fb52;US supreme court rules Trump can proceed with crackdown on mail-in voting;;https://www.theguardian.com/us-news/2026/aug/24/supreme-court-trump-mail-in-voting;https://www.theguardian.com/us-news/2026/aug/24/supreme-court-trump-mail-in-voting;False;2026-08-24T23:53:00+02:00;https://www.theguardian.com;2026-08-25T09:50:29.696191+02:00
532;c50311de-5b85-570f-a426-456aa54f4a70;First Thing: Pause on US immigrant visa leaves thousands of applicants in limbo;;https://www.theguardian.com/us-news/2026/aug/26/first-thing-pause-us-immigrant-visa-leaves-thousands-applicants-in-limbo;https://www.theguardian.com/us-news/2026/aug/26/first-thing-pause-us-immigrant-visa-leaves-thousands-applicants-in-limbo;False;2026-08-26T14:33:00+02:00;https://www.theguardian.com;2026-08-26T16:57:01.156530+02:00
533;c5286d48-af79-5dac-aade-204510fd33e6;" This article is more than 6 months old
Analysis
Weather tracker: Record snowfall in eastern Russia leaves people stranded
This article is more than 6 months old
Lauren Herdman and James Michelin for MetDesk";;https://www.theguardian.com/world/2026/jan/23/weather-tracker-record-snowfall-eastern-russia-people-stranded;https://www.theguardian.com/world/2026/jan/23/weather-tracker-record-snowfall-eastern-russia-people-stranded;False;2026-01-23T11:46:00+01:00;https://www.theguardian.com;2026-08-22T20:31:04.310170+02:00
534;c52b00f3-77ce-5264-b850-b582eb140e43;" This article is more than 3 months old
Analysis
Weather tracker: Colorado experiences rare spring snowstorm
This article is more than 3 months old
James Michelin for MetDesk";;https://www.theguardian.com/environment/2026/may/08/weather-tracker-colorado-experiences-rare-spring-snowstorm;https://www.theguardian.com/environment/2026/may/08/weather-tracker-colorado-experiences-rare-spring-snowstorm;False;2026-05-08T09:54:00+02:00;https://www.theguardian.com;2026-08-23T22:08:59.091095+02:00
535;c5540058-da05-5643-81de-4444ec9c1496;Britons face highest price cap in three years as energy bills rise 4% from October;;https://www.theguardian.com/money/2026/aug/26/energy-price-cap-great-britain-to-rise-from-october;https://www.theguardian.com/money/2026/aug/26/energy-price-cap-great-britain-to-rise-from-october;False;2026-08-26T08:04:00+02:00;https://www.theguardian.com;2026-08-26T10:55:57.067168+02:00
536;c5d8d91f-c727-53aa-8635-3713feb75f82;"Around the world, people are rejecting divisive and dangerous politics. We can – and must – build on that
Gordon Brown";;https://www.theguardian.com/commentisfree/2026/aug/26/world-people-dangerous-politics-global-public-human-rights;https://www.theguardian.com/commentisfree/2026/aug/26/world-people-dangerous-politics-global-public-human-rights;False;2026-08-26T07:00:00+02:00;https://www.theguardian.com;2026-08-26T10:56:11.379611+02:00
537;c6485aee-c6e7-5ab7-a96e-66c515add371;" This article is more than 1 month old
Analysis
Weather tracker: Flooding and landslides hit large parts of Asia
This article is more than 1 month old
Morgan Thomas";;https://www.theguardian.com/environment/2026/jul/20/weather-tracker-flooding-landslides-asia-vietnam-southern-china-south-korea;https://www.theguardian.com/environment/2026/jul/20/weather-tracker-flooding-landslides-asia-vietnam-southern-china-south-korea;False;2026-07-20T11:46:00+02:00;https://www.theguardian.com;2026-08-23T22:08:52.655555+02:00
538;c756c6b6-b55e-5c1e-b714-27b82fd56dc1;"Why are progressives winning across the United States? It’s not complicated
Bernie Sanders";;https://www.theguardian.com/commentisfree/2026/aug/19/poll-progressive-candidates-election-economy;https://www.theguardian.com/commentisfree/2026/aug/19/poll-progressive-candidates-election-economy;False;2026-08-19T12:00:00+02:00;https://www.theguardian.com;2026-08-22T16:41:54.160587+02:00
539;c7ac7970-d605-57cf-a591-84633980c56f;Woman stranded in Spain after UK’s eVisa system mistakes her for twin sister;;https://www.theguardian.com/uk-news/2026/aug/24/woman-stranded-spain-uk-evisa-system-mistakes-twin-sister;https://www.theguardian.com/uk-news/2026/aug/24/woman-stranded-spain-uk-evisa-system-mistakes-twin-sister;False;2026-08-24T09:57:00+02:00;https://www.theguardian.com;2026-08-24T12:23:39.852244+02:00
540;c7dc701b-1b79-507a-9179-23b306283558;Kansas has not elected a Democrat to the US Senate since 1932. Will that change in November?;;https://www.theguardian.com/us-news/2026/aug/25/democrat-adam-hamilton-kansas-senate;https://www.theguardian.com/us-news/2026/aug/25/democrat-adam-hamilton-kansas-senate;False;2026-08-25T12:00:00+02:00;https://www.theguardian.com;2026-08-25T16:11:04.394919+02:00
541;c7febd8c-5517-516f-98ee-ec9a6205cd69;US-Saudi strikes in Iraq push region into ‘uncharted territory’, analysts warn;;https://www.theguardian.com/world/2026/jul/29/us-saudi-strikes-in-iraq-have-pushed-the-region-into-uncharted-territory-analysts-warn;https://www.theguardian.com/world/2026/jul/29/us-saudi-strikes-in-iraq-have-pushed-the-region-into-uncharted-territory-analysts-warn;False;2026-07-29T19:55:00+02:00;https://www.theguardian.com;2026-08-22T20:28:17.863016+02:00
542;c8cca9f9-2088-515b-9db8-d83303bc699e;" This article is more than 2 months old
Analysis
Weather tracker: Severe thunderstorms sweep Europe and east Asia
This article is more than 2 months old
Ed Walton for MetDesk";;https://www.theguardian.com/environment/2026/jun/19/weather-tracker-severe-thunderstorms-europe-east-asia-heatwave-france;https://www.theguardian.com/environment/2026/jun/19/weather-tracker-severe-thunderstorms-europe-east-asia-heatwave-france;False;2026-06-19T10:34:00+02:00;https://www.theguardian.com;2026-08-22T18:13:28.046462+02:00
543;c9a27b83-c2d4-516b-b40a-76d2723924ae;Dolly Parton fans pay tribute to late country music legend across US – in pictures;;https://www.theguardian.com/music/gallery/2026/aug/26/dolly-parton-tributes-photos;https://www.theguardian.com/music/gallery/2026/aug/26/dolly-parton-tributes-photos;False;2026-08-26T17:03:00+02:00;https://www.theguardian.com;2026-08-26T17:27:03.576840+02:00
544;ca51728c-7aa1-5cbd-ade5-eed9b049a273;"Our climate is changing rapidly – and our politicians sound increasingly surreal
Zoe Williams";;https://www.theguardian.com/commentisfree/2026/aug/24/our-climate-is-changing-rapidly-our-politicians-sound-increasingly-surreal;https://www.theguardian.com/commentisfree/2026/aug/24/our-climate-is-changing-rapidly-our-politicians-sound-increasingly-surreal;False;2026-08-24T17:17:00+02:00;https://www.theguardian.com;2026-08-24T17:50:37.027025+02:00
545;cb3c294c-4a30-5a7b-89f0-7c6f7f3b2c31;Roger Goodell says NFL is reviewing Jed York’s arrest under personal conduct policy;;https://www.theguardian.com/sport/2026/aug/26/jed-york-nfl-personal-conduct-policy-prostitution-sting;https://www.theguardian.com/sport/2026/aug/26/jed-york-nfl-personal-conduct-policy-prostitution-sting;False;2026-08-27T04:44:00+02:00;https://www.theguardian.com;2026-08-27T10:24:53.823078+02:00
546;cbb1e590-84e3-5e1d-9833-1e368481cc81;UK urged to help free British-Egyptian ‘arrested in Cairo over sister’s activism’;;https://www.theguardian.com/world/2026/aug/27/uk-urged-to-help-free-british-egyptian-arrested-in-cairo-over-sisters-activism;https://www.theguardian.com/world/2026/aug/27/uk-urged-to-help-free-british-egyptian-arrested-in-cairo-over-sisters-activism;False;2026-08-27T10:00:00+02:00;https://www.theguardian.com;2026-08-27T10:24:37.701390+02:00
547;cbbe2200-afa7-5426-a93a-37073044c57f;Iraq says it had ‘no prior knowledge’ of US-Saudi attacks – as it happened;;https://www.theguardian.com/world/live/2026/jul/30/us-iran-war-live-updates-missile-strikes-attacks-iraq-egypt-middle-east-crisis-latest-news;https://www.theguardian.com/world/live/2026/jul/30/us-iran-war-live-updates-missile-strikes-attacks-iraq-egypt-middle-east-crisis-latest-news;False;2026-07-31T07:47:00+02:00;https://www.theguardian.com;2026-08-23T22:04:34.142524+02:00
548;cc28d91f-6c3b-5222-999c-eea4da6353b0;US aircraft carrier arrives in Middle East to relieve troubled USS Lincoln;;https://www.theguardian.com/us-news/2026/aug/20/uss-lincoln-washington-sailors-military;https://www.theguardian.com/us-news/2026/aug/20/uss-lincoln-washington-sailors-military;False;2026-08-20T20:00:00+02:00;https://www.theguardian.com;2026-08-22T20:30:10.456796+02:00
549;cc316fd1-5548-5118-8ca0-ed7c7580193e;"Analysis
Weather tracker: Tornadoes cause flash flooding and power cuts in north-east US
Matt Andrews for MetDesk";;https://www.theguardian.com/environment/2026/aug/24/weather-tracker-tornadoes-cause-flash-flooding-and-power-cuts-in-north-east-us;https://www.theguardian.com/environment/2026/aug/24/weather-tracker-tornadoes-cause-flash-flooding-and-power-cuts-in-north-east-us;False;2026-08-24T10:50:00+02:00;https://www.theguardian.com;2026-08-24T12:23:35.290889+02:00
550;cc35a348-db71-5fee-ac8b-e44bb4b065f8;Attack on Ukraine shopping centre that killed 16 is ‘terror by design’, says EU foreign policy chief;;https://www.theguardian.com/world/2026/aug/22/ukraine-shopping-centre-attack-deaths-russia-terror-by-design-kaja-kallas-kryvyi-rih;https://www.theguardian.com/world/2026/aug/22/ukraine-shopping-centre-attack-deaths-russia-terror-by-design-kaja-kallas-kryvyi-rih;False;2026-08-22T03:12:00+02:00;https://www.theguardian.com;2026-08-22T16:51:40.504082+02:00
551;ccb41754-93b7-5ad0-b75d-75efe3128b78;Wife of US soldier deported after Trump rollback on military family protections;;https://www.theguardian.com/us-news/2026/aug/25/soldier-wife-deported-honduras;https://www.theguardian.com/us-news/2026/aug/25/soldier-wife-deported-honduras;False;2026-08-25T22:23:00+02:00;https://www.theguardian.com;2026-08-26T10:55:47.154276+02:00
552;cde09f1d-6283-5c52-86e7-507ba030b9a4;Hope and concern swirls for Ohioans around ‘world’s largest datacenter’;;https://www.theguardian.com/us-news/2026/aug/26/ohio-datacenter-reaction;https://www.theguardian.com/us-news/2026/aug/26/ohio-datacenter-reaction;False;2026-08-26T14:00:00+02:00;https://www.theguardian.com;2026-08-26T16:57:01.586243+02:00
553;ce604aaf-52b0-5084-9ae2-9dc9eac61df9;Nevada files lawsuit challenging federal plan for Colorado River revival;;https://www.theguardian.com/us-news/2026/aug/24/nevada-federal-lawsuit-colorado-river;https://www.theguardian.com/us-news/2026/aug/24/nevada-federal-lawsuit-colorado-river;False;2026-08-24T22:56:00+02:00;https://www.theguardian.com;2026-08-25T09:50:28.604882+02:00
554;cf668f00-4ee6-5c49-9aef-3525c1bd0381;Trump’s favorite cable news channel is pushing back against his war on Iran;;https://www.theguardian.com/media/2026/aug/01/fox-news-iran-war-trump-criticism;https://www.theguardian.com/media/2026/aug/01/fox-news-iran-war-trump-criticism;False;2026-08-01T14:00:00+02:00;https://www.theguardian.com;2026-08-22T20:30:33.882762+02:00
555;d05bbccb-e17a-5d81-908c-db40f6da2df2;Olympic hero Alysa Liu to sit out figure skating season before 2027 return;;https://www.theguardian.com/sport/2026/aug/25/olympic-hero-alysa-liu-to-sit-out-figure-skating-season-before-2027-return;https://www.theguardian.com/sport/2026/aug/25/olympic-hero-alysa-liu-to-sit-out-figure-skating-season-before-2027-return;False;2026-08-26T02:13:00+02:00;https://www.theguardian.com;2026-08-26T10:56:07.370680+02:00
556;d08508d4-372a-5a2b-a212-de78731f4374;;;https://www.theguardian.com/environment/2026/aug/20/biodiversity-gardens-wildlife-lawns-grass-ecosystems-native-plants-america-aoe;https://www.theguardian.com/environment/2026/aug/20/biodiversity-gardens-wildlife-lawns-grass-ecosystems-native-plants-america-aoe;False;2026-08-20T13:00:00+02:00;https://www.theguardian.com;2026-08-23T22:09:36.751400+02:00
557;d09b2295-9dc3-5d3b-be87-62f34034a546;US hits dozens of targets in Iran overnight as peace efforts under threat;;https://www.theguardian.com/world/2026/jul/30/us-strikes-iran-war-widening-iraq;https://www.theguardian.com/world/2026/jul/30/us-strikes-iran-war-widening-iraq;False;2026-07-30T17:30:00+02:00;https://www.theguardian.com;2026-08-23T22:08:43.063133+02:00
558;d0cb042d-4bca-5176-af87-ad6254a2c280;Ex-mayor Dan Sullivan supports incumbent Dan Sullivan’s Senate bid against third Dan Sullivan;;https://www.theguardian.com/us-news/2026/aug/24/dan-sullivan-endorsement-alaska-senate-election;https://www.theguardian.com/us-news/2026/aug/24/dan-sullivan-endorsement-alaska-senate-election;False;2026-08-24T11:00:00+02:00;https://www.theguardian.com;2026-08-24T12:23:41.743605+02:00
559;d0e405e9-1e94-54ac-999c-e86b5dbf33c4;NHS England to offer women ‘gamechanging’ free home testing kits for cervical cancer;;https://www.theguardian.com/society/2026/aug/25/nhs-england-to-offer-women-gamechanging-free-home-testing-kits-for-cervical-cancer;https://www.theguardian.com/society/2026/aug/25/nhs-england-to-offer-women-gamechanging-free-home-testing-kits-for-cervical-cancer;False;2026-08-25T06:00:00+02:00;https://www.theguardian.com;2026-08-25T09:50:22.500835+02:00
560;d1282eda-bd60-5456-be01-9671396d8296;‘Reluctant’ approval for Tasmanian datacentre sets marker for national battle;;https://www.theguardian.com/australia-news/2026/aug/27/tasmania-datacentre-ai-standards-national-cabinet-albanese-government;https://www.theguardian.com/australia-news/2026/aug/27/tasmania-datacentre-ai-standards-national-cabinet-albanese-government;False;2026-08-26T17:00:00+02:00;https://www.theguardian.com;2026-08-26T17:26:59.708091+02:00
561;d19353d3-93a0-5d82-83e1-1249e0b43726;"ICE’s tactics look increasingly like torture
Judith Levine";;https://www.theguardian.com/commentisfree/2026/aug/24/ice-detainees-torture;https://www.theguardian.com/commentisfree/2026/aug/24/ice-detainees-torture;False;2026-08-24T12:00:00+02:00;https://www.theguardian.com;2026-08-24T12:23:44.826291+02:00
562;d1ef8ce5-26b2-5049-80ff-b3ae10a61466;Wild beaver kits born in Norfolk for first time in more than 500 years;;https://www.theguardian.com/world/2026/aug/24/wild-beaver-kit-pair-born-norfolk;https://www.theguardian.com/world/2026/aug/24/wild-beaver-kit-pair-born-norfolk;False;2026-08-24T08:00:00+02:00;https://www.theguardian.com;2026-08-24T09:39:08.093113+02:00
563;d21cdbce-dac8-5fad-a096-1ab49a0ac7b2;"Analysis
The treasury bond mess: is this the demise of the US as a safe haven?
Eduardo Porter";;https://www.theguardian.com/business/2026/aug/24/treasury-bonds-trump-administration-debt;https://www.theguardian.com/business/2026/aug/24/treasury-bonds-trump-administration-debt;False;2026-08-24T12:00:00+02:00;https://www.theguardian.com;2026-08-24T12:23:41.342964+02:00
564;d2734880-73f0-5d18-bfe6-04afe17308db;Strangers in their own land: Mexicans deported from Trump’s America find refuge in ‘Little LA’;;https://www.theguardian.com/world/2026/aug/21/mexico-city-little-la-us-deportees;https://www.theguardian.com/world/2026/aug/21/mexico-city-little-la-us-deportees;False;2026-08-21T12:00:00+02:00;https://www.theguardian.com;2026-08-22T16:51:32.643264+02:00
565;d2ada382-f9d8-5b58-ab27-c9fb27adc859;Experts raise alarm over Trump’s public consultation on vaccines policy;;https://www.theguardian.com/us-news/2026/aug/21/trump-administration-public-comment-vaccines;https://www.theguardian.com/us-news/2026/aug/21/trump-administration-public-comment-vaccines;False;2026-08-21T21:34:00+02:00;https://www.theguardian.com;2026-08-22T16:53:45.706037+02:00
566;d2bc739f-ebc6-5b0a-9ed0-68059f5d7c8d;"The Guardian view on Trump’s MMR executive order: endangering the children he claims to care about
Editorial";;https://www.theguardian.com/commentisfree/2026/aug/20/the-guardian-view-on-trumps-mmr-executive-order-endangering-the-children-he-claims-to-care-about;https://www.theguardian.com/commentisfree/2026/aug/20/the-guardian-view-on-trumps-mmr-executive-order-endangering-the-children-he-claims-to-care-about;False;2026-08-20T19:46:00+02:00;https://www.theguardian.com;2026-08-22T16:53:47.342101+02:00
567;d2eedb5c-82d4-5f3e-80a0-a009a5813a7d;Polygamous sect leader serving 50 years for child sex abuse gets another 24 years;;https://www.theguardian.com/us-news/2026/aug/25/polygamous-sect-leader-conviction-child-abuse;https://www.theguardian.com/us-news/2026/aug/25/polygamous-sect-leader-conviction-child-abuse;False;2026-08-26T02:33:00+02:00;https://www.theguardian.com;2026-08-26T10:56:04.558201+02:00
568;d2f9a3bc-ec44-5a4c-be39-6c5d03134742;Arthur Fils blasts past Flavio Cobolli to reach first Masters final in landmark win;;https://www.theguardian.com/sport/2026/aug/23/arthur-fils-blasts-past-flavio-cobolli-to-reach-first-masters-1000-final;https://www.theguardian.com/sport/2026/aug/23/arthur-fils-blasts-past-flavio-cobolli-to-reach-first-masters-1000-final;False;2026-08-23T01:16:00+02:00;https://www.theguardian.com;2026-08-23T10:34:28.886450+02:00
569;d31df289-5042-58db-b8d5-ccec89e9bab9;Yayoi Kusama, Japanese artist who became a global superstar, dies aged 97;;https://www.theguardian.com/artanddesign/2026/aug/27/yayoi-kusama-dies-aged-97-artist-dead;https://www.theguardian.com/artanddesign/2026/aug/27/yayoi-kusama-dies-aged-97-artist-dead;False;2026-08-27T04:17:00+02:00;https://www.theguardian.com;2026-08-27T10:24:39.736191+02:00
570;d39d0f58-4e57-5df6-8f57-6251cf8298eb;Massachusetts woman suspected of killing police officer husband found dead;;https://www.theguardian.com/us-news/2026/aug/24/massachusetts-woman-police-officer-husband-deaths;https://www.theguardian.com/us-news/2026/aug/24/massachusetts-woman-police-officer-husband-deaths;False;2026-08-25T01:56:00+02:00;https://www.theguardian.com;2026-08-25T09:50:27.456747+02:00
571;d3f3f73a-ac76-59a0-9091-024ef8c9ea30;‘Like being in prison’: the ship crews stuck in Gulf since February;;https://www.theguardian.com/world/2026/aug/09/ordinary-seafarers-trapped-strait-of-hormuz-iran-strikes-killed;https://www.theguardian.com/world/2026/aug/09/ordinary-seafarers-trapped-strait-of-hormuz-iran-strikes-killed;False;2026-08-09T10:00:00+02:00;https://www.theguardian.com;2026-08-22T20:29:39.969979+02:00
572;d43cca3c-badf-5d88-a6bb-da037cd85970;The whitewashing of the Green India Mission forest expansion project;;https://www.theguardian.com/world/2026/aug/24/the-whitewashing-of-the-green-indian-mission;https://www.theguardian.com/world/2026/aug/24/the-whitewashing-of-the-green-indian-mission;False;2026-08-25T11:03:00+02:00;https://www.theguardian.com;2026-08-25T16:10:57.020018+02:00
573;d453e7bf-fef8-5cfc-a9ca-3eb3b6958e53;At least 35,000 excess deaths recorded in Europe’s back-to-back heatwaves;;https://www.theguardian.com/environment/2026/aug/25/at-least-35000-excess-deaths-europe-back-to-back-heatwaves;https://www.theguardian.com/environment/2026/aug/25/at-least-35000-excess-deaths-europe-back-to-back-heatwaves;False;2026-08-25T06:00:00+02:00;https://www.theguardian.com;2026-08-25T09:50:12.876874+02:00
574;d4aee793-e6e0-5e3a-85ab-eb8c50f3e4ca;Air conditioning push favoured over emissions cuts in six European nations, survey finds;;https://www.theguardian.com/environment/2026/aug/24/air-conditioning-higher-priority-than-lowering-emissions-europeans-poll;https://www.theguardian.com/environment/2026/aug/24/air-conditioning-higher-priority-than-lowering-emissions-europeans-poll;False;2026-08-24T07:00:00+02:00;https://www.theguardian.com;2026-08-24T09:39:01.073612+02:00
575;d5778755-1d48-5844-898b-745507aa18ac;Indiana mayor calls it ‘unacceptable’ for thousands to have no power two weeks after storm;;https://www.theguardian.com/us-news/2026/aug/24/gary-indiana-mayor-power-outages-storm;https://www.theguardian.com/us-news/2026/aug/24/gary-indiana-mayor-power-outages-storm;False;2026-08-24T15:39:00+02:00;https://www.theguardian.com;2026-08-24T17:50:29.987876+02:00
576;d58ad153-76c2-508c-aab8-11215ebe8cda;" This article is more than 6 months old
Analysis
Weather tracker: Tropical storm brings torrential rain to Philippines
This article is more than 6 months old
Claire Jones and Maggie Shopova for MetDesk";;https://www.theguardian.com/environment/2026/jan/19/weather-tracker-tropical-storm-forecast-torrential-rain-philippines;https://www.theguardian.com/environment/2026/jan/19/weather-tracker-tropical-storm-forecast-torrential-rain-philippines;False;2026-01-19T12:42:00+01:00;https://www.theguardian.com;2026-08-22T20:31:04.745017+02:00
577;;;;;;;;;
578;d667f68f-ef18-5ca0-9c3e-95bca32437eb;"From the strait of Hormuz to the North Sea, a global maritime war rages around us – and more than the price of oil is at stake
Simon Tisdall";;https://www.theguardian.com/commentisfree/2026/jul/26/strait-of-hormuz-north-sea-global-maritime-war-oil-price;https://www.theguardian.com/commentisfree/2026/jul/26/strait-of-hormuz-north-sea-global-maritime-war-oil-price;False;2026-07-26T13:09:00+02:00;https://www.theguardian.com;2026-08-22T20:28:20.758800+02:00
579;d6de5694-e4ae-5a86-847b-92105a9739b2;" This article is more than 1 month old
US troops killed: has Trump lost control of Iran war? – The Latest
This article is more than 1 month old";;https://www.theguardian.com/news/audio/2026/jul/21/us-troops-killed-has-trump-lost-control-of-iran-war-the-latest;https://www.theguardian.com/news/audio/2026/jul/21/us-troops-killed-has-trump-lost-control-of-iran-war-the-latest;False;2026-07-21T17:57:00+02:00;https://www.theguardian.com;2026-08-22T20:29:51.420845+02:00
580;;;;;;;;;
581;d7d4a994-6aaf-5c5b-93b7-38e1a4b09913;Onshore windfarm applications hit 10-year high in England;;https://www.theguardian.com/environment/2026/aug/23/onshore-windfarm-applications-10-year-high-england;https://www.theguardian.com/environment/2026/aug/23/onshore-windfarm-applications-10-year-high-england;False;2026-08-23T08:00:00+02:00;https://www.theguardian.com;2026-08-23T22:09:34.482692+02:00
582;d7f3784a-6c98-56b1-ae05-9ab865486c02;Controversial California oil pipeline can continue to operate, judge rules;;https://www.theguardian.com/us-news/2026/aug/20/california-oil-pipeline-trump-judge-ruling;https://www.theguardian.com/us-news/2026/aug/20/california-oil-pipeline-trump-judge-ruling;False;2026-08-21T02:13:00+02:00;https://www.theguardian.com;2026-08-22T20:30:10.058729+02:00
583;d7f3c3c8-7669-51af-8aff-5abdf96747e2;" This article is more than 4 months old
Analysis
Storm Erminio lashes much of Greece as Saharan dust blankets Crete
This article is more than 4 months old
Lauren Herdman and Dan Adamson for MetDesk";;https://www.theguardian.com/news/2026/apr/03/storm-erminio-saharan-dust-crete-greece-italy-rain-flooding-afghanistan;https://www.theguardian.com/news/2026/apr/03/storm-erminio-saharan-dust-crete-greece-italy-rain-flooding-afghanistan;False;2026-04-03T11:00:00+02:00;https://www.theguardian.com;2026-08-22T20:30:55.468000+02:00
584;d80020b3-57ea-50f5-91a9-72929033ba75;Dolly Parton – a life in pictures;;https://www.theguardian.com/music/gallery/2026/aug/25/dolly-parton-life-in-pictures;https://www.theguardian.com/music/gallery/2026/aug/25/dolly-parton-life-in-pictures;False;2026-08-25T20:10:00+02:00;https://www.theguardian.com;2026-08-26T10:56:07.781941+02:00
585;d814596d-71a2-58ca-9be6-bf1b3a974832;Trump threatens $5bn lawsuit over liberal national guard policy report;;https://www.theguardian.com/us-news/2026/aug/21/trump-lawsuit-threat-national-guard-deployment-report;https://www.theguardian.com/us-news/2026/aug/21/trump-lawsuit-threat-national-guard-deployment-report;False;2026-08-22T01:49:00+02:00;https://www.theguardian.com;2026-08-22T17:13:04.141484+02:00
586;d947c287-f8e5-5039-a187-219da0acde1a;‘Everyone is scared’: flood-hit Porto Alegre braces for another El Niño;;https://www.theguardian.com/global-development/2026/aug/13/porto-alegre-brazil-2024-floods-el-nino-climate-crisis-injustice;https://www.theguardian.com/global-development/2026/aug/13/porto-alegre-brazil-2024-floods-el-nino-climate-crisis-injustice;False;2026-08-13T12:00:00+02:00;https://www.theguardian.com;2026-08-23T22:09:26.561358+02:00
587;d95bc71b-e809-53dd-9445-4f1cb1e13637;‘It’s pretty much a guarantee you’ll get stung’: jellyfish keep swimmers off Delaware beaches;;https://www.theguardian.com/us-news/2026/aug/22/jellyfish-sting-delaware-beaches;https://www.theguardian.com/us-news/2026/aug/22/jellyfish-sting-delaware-beaches;False;2026-08-22T12:00:00+02:00;https://www.theguardian.com;2026-08-23T22:09:33.163207+02:00
588;d974b9f4-ed41-5953-9e70-2448c1258235;‘Her screams echo in my ears’: the trauma of so-called ‘honour killings’ in Pakistan;;https://www.theguardian.com/global-development/2026/jul/27/her-screams-echo-in-my-ears-the-trauma-of-so-called-honour-killings-in-pakistan;https://www.theguardian.com/global-development/2026/jul/27/her-screams-echo-in-my-ears-the-trauma-of-so-called-honour-killings-in-pakistan;False;2026-07-27T06:00:00+02:00;https://www.theguardian.com;2026-08-22T16:54:02.807246+02:00
589;d9bb89f9-66ef-5c8d-a9dd-f778dfaec995;Former Illinois sheriff’s deputy who killed Sonya Massey in her home dies aged 32;;https://www.theguardian.com/us-news/2026/aug/24/sonya-massey-illinois-sean-grayson-dies;https://www.theguardian.com/us-news/2026/aug/24/sonya-massey-illinois-sean-grayson-dies;False;2026-08-24T14:44:00+02:00;https://www.theguardian.com;2026-08-24T17:50:30.392187+02:00
590;daf01e05-5a81-5903-b1ad-359bf317f970;Police not ruling out links to A66 crash after two killed in Middlesbrough house fire;;https://www.theguardian.com/uk-news/2026/aug/26/murder-investigation-middlesbrough-house-fire;https://www.theguardian.com/uk-news/2026/aug/26/murder-investigation-middlesbrough-house-fire;False;2026-08-26T16:28:00+02:00;https://www.theguardian.com;2026-08-26T16:56:58.646589+02:00
591;db5c8cea-5175-5a91-9313-ce3653945a5c;Billie Piper stalker jailed for 12 months after breaching prevention order;;https://www.theguardian.com/tv-and-radio/2026/aug/25/billie-piper-stalker-jailed-12-months-breaching-prevention-order;https://www.theguardian.com/tv-and-radio/2026/aug/25/billie-piper-stalker-jailed-12-months-breaching-prevention-order;False;2026-08-25T16:40:00+02:00;https://www.theguardian.com;2026-08-25T17:32:08.973286+02:00
592;db67b1a5-8492-5eb7-8d17-ee0aed39b541;" This article is more than 4 months old
Anger at ‘bloody unacceptable’ efforts to end Sudan’s war as conflict enters fourth year
This article is more than 4 months old";;https://www.theguardian.com/global-development/2026/apr/14/no-end-sudan-war-conflict-third-anniversary;https://www.theguardian.com/global-development/2026/apr/14/no-end-sudan-war-conflict-third-anniversary;False;2026-04-14T13:02:00+02:00;https://www.theguardian.com;2026-08-22T16:54:09.558780+02:00
593;dc0922db-c434-5733-bce9-ca65da437cc6;The week around the world in 20 pictures;;https://www.theguardian.com/artanddesign/gallery/2026/aug/21/the-week-around-the-world-in-20-pictures;https://www.theguardian.com/artanddesign/gallery/2026/aug/21/the-week-around-the-world-in-20-pictures;False;2026-08-21T19:25:00+02:00;https://www.theguardian.com;2026-08-22T16:53:37.461075+02:00
594;dc4162db-c039-59ff-a602-716d5a8687dc;VW workers boo boss as he urges them to ‘pull together’ amid job cuts;;https://www.theguardian.com/business/2026/aug/25/vw-workers-boo-boss-as-he-urges-them-to-pull-together-amid-job-cuts;https://www.theguardian.com/business/2026/aug/25/vw-workers-boo-boss-as-he-urges-them-to-pull-together-amid-job-cuts;False;2026-08-25T17:47:00+02:00;https://www.theguardian.com;2026-08-25T18:19:16.718272+02:00
595;dc42bd30-c7ec-5bc5-b44a-e13fd3bc091f;Israeli settler attacks shift focus to West Bank areas under direct Palestinian rule;;https://www.theguardian.com/world/2026/aug/21/israeli-settler-attacks-shift-to-heart-of-territory-earmarked-for-palestinian-state;https://www.theguardian.com/world/2026/aug/21/israeli-settler-attacks-shift-to-heart-of-territory-earmarked-for-palestinian-state;False;2026-08-21T08:00:00+02:00;https://www.theguardian.com;2026-08-22T16:51:41.934737+02:00
596;dcb70bf3-b4f0-5bd4-a00d-e6144f6d868c;‘What’s happened to us? Where did we get lost?’ Zimbabwe reckons with the reality of violence against women;;https://www.theguardian.com/global-development/2026/aug/14/whats-happened-to-us-where-did-we-get-lost-zimbabwe-reckons-with-the-reality-of-violence-against-women;https://www.theguardian.com/global-development/2026/aug/14/whats-happened-to-us-where-did-we-get-lost-zimbabwe-reckons-with-the-reality-of-violence-against-women;False;2026-08-14T11:00:00+02:00;https://www.theguardian.com;2026-08-22T16:53:57.776941+02:00
597;dcf4a1a8-c9bb-5cc4-8d31-a566038e32b1;NSW ‘seeking urgent advice’ on controversial court ruling that found anti-Israel vandalism was not antisemitic;;https://www.theguardian.com/australia-news/2026/aug/22/appeal-nsw-supreme-court-ruling-desmond-fagan-israel-antisemitism-ntwnfb;https://www.theguardian.com/australia-news/2026/aug/22/appeal-nsw-supreme-court-ruling-desmond-fagan-israel-antisemitism-ntwnfb;False;2026-08-21T17:00:00+02:00;https://www.theguardian.com;2026-08-22T16:51:38.931887+02:00
598;dd23a3c3-d90b-596f-92c9-204a73e72443;Trump reportedly hid in catering container to board secret flight in Turkey amid Iran threat;;https://www.theguardian.com/us-news/2026/aug/10/trump-secret-flight-nato-return;https://www.theguardian.com/us-news/2026/aug/10/trump-secret-flight-nato-return;False;2026-08-11T08:46:00+02:00;https://www.theguardian.com;2026-08-22T20:30:24.471812+02:00
599;dd61f877-13a0-5896-9151-8398e999b939;‘Sad moments ahead’: Kew Gardens to fell rare trees in race to save Victorian greenhouse;;https://www.theguardian.com/science/2026/aug/27/kew-gardens-london-palm-house-renovation-project;https://www.theguardian.com/science/2026/aug/27/kew-gardens-london-palm-house-renovation-project;False;2026-08-27T07:00:00+02:00;https://www.theguardian.com;2026-08-27T10:24:46.420218+02:00
600;dd818bc5-8d98-5c74-b6ee-db864c8842ed;;;https://www.theguardian.com/environment/2026/aug/17/marine-heatwave-new-normal-britain-seas;https://www.theguardian.com/environment/2026/aug/17/marine-heatwave-new-normal-britain-seas;False;2026-08-17T11:00:00+02:00;https://www.theguardian.com;2026-08-22T16:45:18.711579+02:00
601;ddcb0035-571f-5e15-a75c-4bce83aa4192;Levy secretly added to Victorian public transport fares scrapped as Labor admits it ‘did not pass the pub test’;;https://www.theguardian.com/australia-news/2026/aug/27/labor-scrap-secret-public-transport-levy-suburban-loop-melbourne-victoria;https://www.theguardian.com/australia-news/2026/aug/27/labor-scrap-secret-public-transport-levy-suburban-loop-melbourne-victoria;False;2026-08-27T08:55:00+02:00;https://www.theguardian.com;2026-08-27T10:24:43.521169+02:00
602;dec61608-e33e-52b3-b0ba-13de1f6a3177;Man leaves young son on Mount Fuji before ascending Japan’s highest peak;;https://www.theguardian.com/world/2026/aug/22/man-leaves-young-son-mount-fuji-japan;https://www.theguardian.com/world/2026/aug/22/man-leaves-young-son-mount-fuji-japan;False;2026-08-22T14:25:00+02:00;https://www.theguardian.com;2026-08-22T16:51:33.919788+02:00
603;ded45661-7801-567b-967f-b92a6afda63d;" This article is more than 1 month old
Analysis
Weather tracker: Heatwave expected to bring Germany and Poland to 40C
This article is more than 1 month old
James Michelin for MetDesk";;https://www.theguardian.com/environment/2026/jun/26/weather-tracker-heatwave-germany-poland-40c-temperatures;https://www.theguardian.com/environment/2026/jun/26/weather-tracker-heatwave-germany-poland-40c-temperatures;False;2026-06-26T10:22:00+02:00;https://www.theguardian.com;2026-08-23T22:08:54.582082+02:00
604;dfc57a97-14ec-5f2e-8498-86741ee81b23;Indiana residents endure 11th day without power after storms topple power lines;;https://www.theguardian.com/us-news/2026/aug/22/indiana-residents-11th-day-without-power;https://www.theguardian.com/us-news/2026/aug/22/indiana-residents-11th-day-without-power;False;2026-08-22T17:08:00+02:00;https://www.theguardian.com;2026-08-22T17:13:01.102289+02:00
605;dfdae3fb-c071-50f1-a25c-66225f2231e4;" This article is more than 5 months old
Analysis
Weather tracker: February temperature records broken in France and Spain
This article is more than 5 months old
Daniel Harris and Claire Jones";;https://www.theguardian.com/environment/2026/mar/02/weather-tracker-february-temperature-records-broken-in-france-and-spain;https://www.theguardian.com/environment/2026/mar/02/weather-tracker-february-temperature-records-broken-in-france-and-spain;False;2026-03-02T11:51:00+01:00;https://www.theguardian.com;2026-08-22T20:30:59.932149+02:00
606;e023ef9c-ec62-5217-b1db-cf615b6604bc;Iran and Oman agree on coordinates of route through strait of Hormuz, says Iranian foreign ministry – as it happened;;https://www.theguardian.com/world/live/2026/aug/05/us-iran-israel-oman-strait-of-hormuz-latest-news-updates;https://www.theguardian.com/world/live/2026/aug/05/us-iran-israel-oman-strait-of-hormuz-latest-news-updates;False;2026-08-05T21:34:00+02:00;https://www.theguardian.com;2026-08-23T22:04:32.753161+02:00
607;e0876b42-c4df-56a9-a275-07a0c77740af;The ‘ordinary’ woman accused of assassinating a Russian commander in Crimea;;https://www.theguardian.com/world/2026/aug/23/ordinary-woman-margarita-reutt-accused-assassinating-russian-commander-crimea;https://www.theguardian.com/world/2026/aug/23/ordinary-woman-margarita-reutt-accused-assassinating-russian-commander-crimea;False;2026-08-23T06:00:00+02:00;https://www.theguardian.com;2026-08-23T10:34:23.104358+02:00
608;;;;;;;;;
609;e176b8b3-1092-58cd-8df4-e53462219370;Now you seafood, now you don’t: $350k worth of oysters vanish without a trace in NSW;;https://www.theguardian.com/australia-news/2026/aug/26/now-you-seafood-now-you-dont-350k-worth-of-oysters-vanish-without-a-trace-in-nsw;https://www.theguardian.com/australia-news/2026/aug/26/now-you-seafood-now-you-dont-350k-worth-of-oysters-vanish-without-a-trace-in-nsw;False;2026-08-26T10:12:00+02:00;https://www.theguardian.com;2026-08-26T10:55:49.162298+02:00
610;e19ecf48-20b7-54bd-a9f8-3125360de240;US joins forces with Saudis to strike Tehran-backed militias in Iraq;;https://www.theguardian.com/world/2026/jul/29/iran-missile-attack-us-base-forces;https://www.theguardian.com/world/2026/jul/29/iran-missile-attack-us-base-forces;False;2026-07-29T11:52:00+02:00;https://www.theguardian.com;2026-08-22T20:28:18.265226+02:00
611;e1a01734-5a48-5b65-bfb8-59b1acb9be0c;Two men charged and drugs, guns and cars linked to CFMEU seized as police investigate alleged corruption;;https://www.theguardian.com/australia-news/2026/aug/24/cfmeu-melbourne-headquarters-raided-five-arrested-alleged-corruption-ntwnfb;https://www.theguardian.com/australia-news/2026/aug/24/cfmeu-melbourne-headquarters-raided-five-arrested-alleged-corruption-ntwnfb;False;2026-08-24T09:43:00+02:00;https://www.theguardian.com;2026-08-24T09:55:38.126912+02:00
612;e1fcff1a-db14-559e-9705-ba34b8eab58e;Against the wind: despite Trump’s attacks, unions are fighting for good US clean energy jobs;;https://www.theguardian.com/us-news/2026/aug/23/wind-energy-unions-trump;https://www.theguardian.com/us-news/2026/aug/23/wind-energy-unions-trump;False;2026-08-23T12:00:00+02:00;https://www.theguardian.com;2026-08-23T17:19:20.295008+02:00
613;e254a675-6f93-5480-8ef6-e68562c9ab00;"Reform says we need to choose between climate and economy. It’s wrong
Larry Elliott";;https://www.theguardian.com/commentisfree/2026/aug/19/reform-says-we-need-to-choose-between-climate-and-economy-its-wrong;https://www.theguardian.com/commentisfree/2026/aug/19/reform-says-we-need-to-choose-between-climate-and-economy-its-wrong;False;2026-08-19T17:10:00+02:00;https://www.theguardian.com;2026-08-23T22:09:32.771108+02:00
614;;;;;;;;;
615;e29620bf-7340-542c-a2ca-c2691637da06;Double jeopardy? Luigi Mangione state case unlikely to proceed, experts say;;https://www.theguardian.com/us-news/2026/aug/23/luigi-mangione-state-case-brian-thompson;https://www.theguardian.com/us-news/2026/aug/23/luigi-mangione-state-case-brian-thompson;False;2026-08-23T14:00:00+02:00;https://www.theguardian.com;2026-08-23T17:19:19.002541+02:00
616;e3177b1d-e7a6-5f55-8689-c52a5298de0d;UK graduate job vacancies plunge to lowest in a decade;;https://www.theguardian.com/business/2026/aug/24/uk-graduate-job-vacancies-plunge-adzuna;https://www.theguardian.com/business/2026/aug/24/uk-graduate-job-vacancies-plunge-adzuna;False;2026-08-24T08:55:00+02:00;https://www.theguardian.com;2026-08-24T09:39:07.521112+02:00
617;e320c3fb-8175-5a20-b670-cff9c3e78924;Mood-boosting benefits of birdsong drowned out by traffic noise, study finds;;https://www.theguardian.com/environment/2026/aug/26/mood-boosting-benefits-of-birdsong-drowned-out-by-traffic-noise-study-finds;https://www.theguardian.com/environment/2026/aug/26/mood-boosting-benefits-of-birdsong-drowned-out-by-traffic-noise-study-finds;False;2026-08-26T06:00:00+02:00;https://www.theguardian.com;2026-08-26T10:56:13.188076+02:00
618;e32ac6d1-92f6-5a13-a166-28b803575ade;Young country diary: Camping in my garden, nose to nose with a fox;;https://www.theguardian.com/environment/2026/aug/22/young-country-diary-camping-in-my-garden-nose-to-nose-with-a-fox;https://www.theguardian.com/environment/2026/aug/22/young-country-diary-camping-in-my-garden-nose-to-nose-with-a-fox;False;2026-08-22T12:00:00+02:00;https://www.theguardian.com;2026-08-22T16:45:09.533240+02:00
619;e3de85c9-6033-5696-8f2e-27d38ea1577b;Record-breaking heat dome expected to bring dangerous temperatures to US south-west;;https://www.theguardian.com/us-news/2026/aug/25/us-weather-heat-dome-south-west;https://www.theguardian.com/us-news/2026/aug/25/us-weather-heat-dome-south-west;False;2026-08-26T00:40:00+02:00;https://www.theguardian.com;2026-08-26T10:56:10.647885+02:00
620;e4d66efe-64ae-50fd-a19e-76e0a01d1a1b;Gorging on bearcam: the livestream of big beasts eating that draws millions;;https://www.theguardian.com/environment/2026/aug/16/bearcam-fishing-brown-bears-brooks-falls-alaska-salmon-fat-bear-week-aoe;https://www.theguardian.com/environment/2026/aug/16/bearcam-fishing-brown-bears-brooks-falls-alaska-salmon-fat-bear-week-aoe;False;2026-08-16T08:00:00+02:00;https://www.theguardian.com;2026-08-22T16:45:16.355016+02:00
621;e4d87d3b-7c57-5df3-8221-0fef6e78eb0d;Inquest opens into death of former Cambridge professor Jason Arday;;https://www.theguardian.com/uk-news/2026/aug/26/coroner-opens-inquest-due-to-circumstances-surrounding-jason-arday-death;https://www.theguardian.com/uk-news/2026/aug/26/coroner-opens-inquest-due-to-circumstances-surrounding-jason-arday-death;False;2026-08-26T15:44:00+02:00;https://www.theguardian.com;2026-08-26T16:56:59.034847+02:00
622;e508a667-1c13-5b6a-8fcf-7a9f9640b397;Iran-linked hackers blamed for cyber-attack that shut down UK power plant;;https://www.theguardian.com/world/2026/aug/23/iran-linked-hackers-blamed-cyber-attack-british-power-plant;https://www.theguardian.com/world/2026/aug/23/iran-linked-hackers-blamed-cyber-attack-british-power-plant;False;2026-08-23T16:46:00+02:00;https://www.theguardian.com;2026-08-23T17:19:15.373865+02:00
623;e56b990d-a1a7-506b-97d0-ffc58a6462ac;Burnham to take Zelenskyy’s pleas for Patriot missiles to Trump – Europe live;;https://www.theguardian.com/world/live/2026/aug/25/europe-ukraine-patriot-missiles-zelenskyy-trump-russia-drone-germany-latest-news-update;https://www.theguardian.com/world/live/2026/aug/25/europe-ukraine-patriot-missiles-zelenskyy-trump-russia-drone-germany-latest-news-update;False;2026-08-25T16:05:00+02:00;https://www.theguardian.com;2026-08-25T16:10:49.632693+02:00
624;e5e37c6d-3bd2-58c8-886f-20e92956ceb4;‘We feared we’d all be drowned’: the Indian floods that killed more than 100 and left thousands homeless;;https://www.theguardian.com/global-development/2026/aug/14/india-assam-climate-disaster-floods-brahmaputra-homeless-deaths;https://www.theguardian.com/global-development/2026/aug/14/india-assam-climate-disaster-floods-brahmaputra-homeless-deaths;False;2026-08-14T07:00:00+02:00;https://www.theguardian.com;2026-08-22T16:53:58.319701+02:00
625;e5fbe8c0-a475-5421-8aac-3297191e901c;From Hasan Piker to Jesse Watters, El-Sayed seeks to focus on affordability amid scrutiny from both sides;;https://www.theguardian.com/us-news/2026/aug/25/abdul-el-sayed-criticism-affordability-message;https://www.theguardian.com/us-news/2026/aug/25/abdul-el-sayed-criticism-affordability-message;False;2026-08-26T02:42:00+02:00;https://www.theguardian.com;2026-08-26T10:56:03.715503+02:00
626;e6b81b2e-8267-59b0-a625-73fea4664499;" This article is more than 1 month old
Analysis
Weather tracker: Extreme heat in Europe as typhoon strengthens off Philippines
This article is more than 1 month old
Brendan Jones for MetDesk";;https://www.theguardian.com/environment/2026/jun/22/weather-tracker-extreme-heat-in-europe-as-typhoon-strengthens-off-philippines;https://www.theguardian.com/environment/2026/jun/22/weather-tracker-extreme-heat-in-europe-as-typhoon-strengthens-off-philippines;False;2026-06-22T12:17:00+02:00;https://www.theguardian.com;2026-08-22T18:13:27.666013+02:00
627;e6f8063c-e21d-5032-8101-f2430c60a224;US navy destroyer adrift in South China Sea for four days after losing power;;https://www.theguardian.com/us-news/2026/aug/17/us-navy-destroyer-south-china-sea;https://www.theguardian.com/us-news/2026/aug/17/us-navy-destroyer-south-china-sea;False;2026-08-17T23:01:00+02:00;https://www.theguardian.com;2026-08-22T20:30:12.727705+02:00
628;e7e38f72-5893-5223-b22f-045e0f70f59b;Man in prison in New York advances in primary for Alaska’s US House seat;;https://www.theguardian.com/us-news/2026/aug/26/alaska-us-house-primary-federal-prisoner-eric-hafner;https://www.theguardian.com/us-news/2026/aug/26/alaska-us-house-primary-federal-prisoner-eric-hafner;False;2026-08-27T00:14:00+02:00;https://www.theguardian.com;2026-08-27T10:24:48.966886+02:00
629;e804ee00-66d4-5606-8b31-ba34f796550b;Burnham stays away from No 10 North wedding after bride’s plea;;https://www.theguardian.com/politics/2026/aug/23/burnham-stays-away-from-no-10-north-wedding-after-brides-plea;https://www.theguardian.com/politics/2026/aug/23/burnham-stays-away-from-no-10-north-wedding-after-brides-plea;False;2026-08-23T15:56:00+02:00;https://www.theguardian.com;2026-08-23T22:09:09.585659+02:00
630;e85976a4-2577-574b-a6e6-94058b37fb30;Start your engines! Trump completes fast and furious takeover of Washington with IndyCar race;;https://www.theguardian.com/us-news/2026/aug/23/donald-trump-indycar-race-dc;https://www.theguardian.com/us-news/2026/aug/23/donald-trump-indycar-race-dc;False;2026-08-23T23:39:00+02:00;https://www.theguardian.com;2026-08-24T09:39:14.024303+02:00
631;e8d7e67a-3b6e-59f9-93b0-dcf835a0b62b;"With no friends left to burn, Trump is running out of diplomatic ammunition
Rafael Behr";;https://www.theguardian.com/commentisfree/2026/aug/26/donald-trump-friends-diplomatic-iran-war-us-president;https://www.theguardian.com/commentisfree/2026/aug/26/donald-trump-friends-diplomatic-iran-war-us-president;False;2026-08-26T09:00:00+02:00;https://www.theguardian.com;2026-08-26T10:55:40.422929+02:00
632;e968e912-43cc-505c-8941-2206d694c30f;Celebrity tributes pour in for Dolly Parton: ‘a gift to the world’;;https://www.theguardian.com/music/2026/aug/25/dolly-parton-death-celebrity-reactions;https://www.theguardian.com/music/2026/aug/25/dolly-parton-death-celebrity-reactions;False;2026-08-26T09:46:00+02:00;https://www.theguardian.com;2026-08-26T10:55:58.270419+02:00
633;ea9bf083-42c8-583b-8f89-5663d3bd7316;US Postal Service rule tightens mail-in voting despite court orders blocking changes;;https://www.theguardian.com/us-news/2026/aug/21/us-postal-service-mail-in-voter-rule;https://www.theguardian.com/us-news/2026/aug/21/us-postal-service-mail-in-voter-rule;False;2026-08-22T04:06:00+02:00;https://www.theguardian.com;2026-08-22T16:51:50.059843+02:00
634;eb29922c-1879-52c6-b4b8-8edddcd7eae3;"Analysis
Little rain on the horizon as England and Wales experience driest July on record
Megan Davies for MetDesk";;https://www.theguardian.com/uk-news/2026/aug/14/little-rain-forecast-england-wales-driest-july-weather-record;https://www.theguardian.com/uk-news/2026/aug/14/little-rain-forecast-england-wales-driest-july-weather-record;False;2026-08-14T11:46:00+02:00;https://www.theguardian.com;2026-08-23T22:08:51.813581+02:00
635;ebb7e81b-24d6-5d66-bf5f-0fae0b71d916;Victorian government secretly increased public transport fares to help pay for Suburban Rail Loop;;https://www.theguardian.com/australia-news/2026/aug/26/victoria-suburban-rail-loop-srl-public-transport-fare-levy-increase;https://www.theguardian.com/australia-news/2026/aug/26/victoria-suburban-rail-loop-srl-public-transport-fare-levy-increase;False;2026-08-26T09:17:00+02:00;https://www.theguardian.com;2026-08-26T10:55:51.034593+02:00
636;ebd69c38-11d3-53f4-b635-8377f756e9da;" This article is more than 3 months old
Analysis
Weather tracker: US and Mexico brace for heatwave as deadly floods hit South Africa
This article is more than 3 months old
Alice Nightingale-Smith";;https://www.theguardian.com/environment/2026/may/11/weather-tracker-us-mexico-heatwave-floods-south-africa;https://www.theguardian.com/environment/2026/may/11/weather-tracker-us-mexico-heatwave-floods-south-africa;False;2026-05-11T10:18:00+02:00;https://www.theguardian.com;2026-08-23T22:08:58.667061+02:00
637;ebdd28cb-8109-5724-b95e-1850298f3da4;"Analysis
Weather tracker: Wisconsin hit by rare tornado and meteotsunami
Morgan Thomas for the MetDesk";;https://www.theguardian.com/environment/2026/jul/31/weather-tracker-wisconsin-rare-tornado-meteotsunami-heat-europe;https://www.theguardian.com/environment/2026/jul/31/weather-tracker-wisconsin-rare-tornado-meteotsunami-heat-europe;False;2026-07-31T10:40:00+02:00;https://www.theguardian.com;2026-08-22T18:13:22.507526+02:00
638;ec2dbc95-dbb5-545a-b2a4-ea01ac61ad40;Europe’s heatwaves threaten insurers’ earnings, rating agency S&P says;;https://www.theguardian.com/business/2026/aug/25/europe-heatwaves-insurance-companies-earnings;https://www.theguardian.com/business/2026/aug/25/europe-heatwaves-insurance-companies-earnings;False;2026-08-25T06:00:00+02:00;https://www.theguardian.com;2026-08-25T09:50:20.433667+02:00
639;ec34a13c-0fa4-5891-929d-543a811cf9a5;Burnham accuses Russia of ‘outrageous threats’ against UK as he visits Kyiv;;https://www.theguardian.com/politics/2026/aug/24/uk-adding-fuel-to-the-fire-by-giving-weaponry-blueprints-to-ukraine-says-russia;https://www.theguardian.com/politics/2026/aug/24/uk-adding-fuel-to-the-fire-by-giving-weaponry-blueprints-to-ukraine-says-russia;False;2026-08-24T14:07:00+02:00;https://www.theguardian.com;2026-08-24T17:50:23.794011+02:00
640;ecf48e9e-e0a9-50c1-a19a-4d3f50ab1c48;Jailed ex-Pakistan PM Imran Khan allowed brief hospital visit after uproar over health;;https://www.theguardian.com/world/2026/aug/20/imran-khan-hospital-pakistan;https://www.theguardian.com/world/2026/aug/20/imran-khan-hospital-pakistan;False;2026-08-21T01:07:00+02:00;https://www.theguardian.com;2026-08-23T22:09:06.706697+02:00
641;ecf742c2-3f28-5c0b-93d4-926406284e40;Former British and French diplomats urge action over Israel’s ‘erasure’ of Palestine;;https://www.theguardian.com/world/2026/aug/22/uk-france-diplomats-israel-palestine;https://www.theguardian.com/world/2026/aug/22/uk-france-diplomats-israel-palestine;False;2026-08-22T11:00:00+02:00;https://www.theguardian.com;2026-08-24T09:39:07.111277+02:00
642;ed5a5f4a-10de-5773-8ccd-fbf1a6eaeff0;Mark Carney says Canada can’t accept US trade deal that would weaken French language;;https://www.theguardian.com/us-news/2026/aug/24/canada-trade-deal-trump-mark-carney-french-language;https://www.theguardian.com/us-news/2026/aug/24/canada-trade-deal-trump-mark-carney-french-language;False;2026-08-24T20:22:00+02:00;https://www.theguardian.com;2026-08-25T09:50:15.527864+02:00
643;edaec53c-84cd-5cdf-bd53-b057f80501fa;‘If you harm my project, I’ll harm you’: former NSW official tells Icac about fugitive developer’s call;;https://www.theguardian.com/australia-news/2026/aug/27/icac-nsw-liberal-party-building-commissioner-fugitive-developer-phone-call-ntwnfb;https://www.theguardian.com/australia-news/2026/aug/27/icac-nsw-liberal-party-building-commissioner-fugitive-developer-phone-call-ntwnfb;False;2026-08-27T09:50:00+02:00;https://www.theguardian.com;2026-08-27T10:24:41.336257+02:00
644;ee42ce5b-f2be-5d6f-996b-307598b1c90f;"Analysis
Trump meets his obstinate match in Iran’s hardball regime
Andrew Roth";;https://www.theguardian.com/world/2026/aug/03/trump-meets-his-obstinate-match-in-irans-hardball-regime;https://www.theguardian.com/world/2026/aug/03/trump-meets-his-obstinate-match-in-irans-hardball-regime;False;2026-08-03T20:27:00+02:00;https://www.theguardian.com;2026-08-22T20:30:32.789883+02:00
645;eede4398-0de6-54b5-ad7f-82df68a90a3b;Biggest El Niño for a century forecast to bring UK more autumn rain and storms;;https://www.theguardian.com/environment/2026/aug/21/increased-rainfall-and-storms-to-hit-uk-due-to-biggest-el-nino-for-a-century-say-met-office;https://www.theguardian.com/environment/2026/aug/21/increased-rainfall-and-storms-to-hit-uk-due-to-biggest-el-nino-for-a-century-say-met-office;False;2026-08-21T16:10:00+02:00;https://www.theguardian.com;2026-08-22T16:41:52.321836+02:00
646;eeff17a4-184b-5aa0-909b-09dc2a0f2a66;USS Abraham Lincoln sailors tried to jump overboard amid extended deployment – reports;;https://www.theguardian.com/us-news/2026/aug/12/uss-abraham-lincoln-overboard-extended-deployment;https://www.theguardian.com/us-news/2026/aug/12/uss-abraham-lincoln-overboard-extended-deployment;False;2026-08-12T17:37:00+02:00;https://www.theguardian.com;2026-08-22T20:30:19.867771+02:00
647;ef0c1cc2-6968-5df1-971b-1ece4e79b8ef;‘The Trump-Putin relationship is the biggest mystery in international politics’: foreign correspondent Luke Harding answered your questions;;https://www.theguardian.com/theguardian/live/2026/aug/25/reader-q-and-a-ask-guardian-foreign-correspondant-author-luke-harding-a-question;https://www.theguardian.com/theguardian/live/2026/aug/25/reader-q-and-a-ask-guardian-foreign-correspondant-author-luke-harding-a-question;False;2026-08-25T16:06:00+02:00;https://www.theguardian.com;2026-08-25T16:10:55.563225+02:00
648;ef3fce1a-ed57-58af-be97-f8780b5eb370;Burnham to visit Ukraine with promise of boost for Kyiv’s long-range missiles;;https://www.theguardian.com/politics/2026/aug/24/andy-burnham-ukraine-long-range-missile-technology-kyiv-visit;https://www.theguardian.com/politics/2026/aug/24/andy-burnham-ukraine-long-range-missile-technology-kyiv-visit;False;2026-08-24T01:01:00+02:00;https://www.theguardian.com;2026-08-24T09:39:06.718008+02:00
649;ef41b60c-47a6-5eb3-8a19-6193bdeff625;Video shows hundreds held captive after Nigeria mosque kidnapping;;https://www.theguardian.com/world/2026/aug/24/video-shows-hundreds-held-captive-after-nigeria-mosque-kidnapping;https://www.theguardian.com/world/2026/aug/24/video-shows-hundreds-held-captive-after-nigeria-mosque-kidnapping;False;2026-08-24T16:19:00+02:00;https://www.theguardian.com;2026-08-24T17:50:19.587954+02:00
650;ef7ee049-0e65-5f6c-b9cd-e93013804f69;Iran’s new security chief says neighbours who join US economic war will be considered ‘enemies’;;https://www.theguardian.com/world/2026/aug/23/iran-new-security-chief-trump-economic-war-enemies-mohsen-rezaei;https://www.theguardian.com/world/2026/aug/23/iran-new-security-chief-trump-economic-war-enemies-mohsen-rezaei;False;2026-08-23T05:34:00+02:00;https://www.theguardian.com;2026-08-23T10:34:02.771576+02:00
651;ef97e11b-98c4-559f-93d5-63a11def0717;"Analysis
Burnham’s visit to Kyiv marks a renewal of badly needed support for Ukraine
Luke Harding and Dan Sabbagh in Pavlohrad, Ukraine";;https://www.theguardian.com/politics/2026/aug/24/burnham-visit-kyiv-support-for-ukraine;https://www.theguardian.com/politics/2026/aug/24/burnham-visit-kyiv-support-for-ukraine;False;2026-08-24T18:33:00+02:00;https://www.theguardian.com;2026-08-25T09:50:26.238029+02:00
652;efce54f4-dab1-55b3-a101-6e88f3e5ab27;"The Guardian view on the Ebola outbreak in the DRC: a case study in why international aid matters
Editorial";;https://www.theguardian.com/commentisfree/2026/aug/19/the-guardian-view-on-the-ebola-outbreak-in-the-drc-a-case-study-in-why-international-aid-matters;https://www.theguardian.com/commentisfree/2026/aug/19/the-guardian-view-on-the-ebola-outbreak-in-the-drc-a-case-study-in-why-international-aid-matters;False;2026-08-19T19:59:00+02:00;https://www.theguardian.com;2026-08-22T16:53:48.967702+02:00
653;f04864eb-a311-5879-a672-895ee2bc5b2d;"It’s a miracle: Natalie Harp has turned Republicans into feminists
Arwa Mahdawi";;https://www.theguardian.com/commentisfree/2026/aug/22/natalie-harp-republicans-feminists;https://www.theguardian.com/commentisfree/2026/aug/22/natalie-harp-republicans-feminists;False;2026-08-22T14:00:00+02:00;https://www.theguardian.com;2026-08-22T16:53:46.089704+02:00
654;f11c4b3d-360f-5ac1-9abe-a4bde8497dbd;Trump backtracks from promise to let Ukraine build Patriot missiles;;https://www.theguardian.com/us-news/2026/jul/31/trump-cabinet-camp-david-ukraine;https://www.theguardian.com/us-news/2026/jul/31/trump-cabinet-camp-david-ukraine;False;2026-07-31T19:58:00+02:00;https://www.theguardian.com;2026-08-22T20:30:37.525834+02:00
655;f15c2ee8-a77d-5194-9168-b4a1e1996075;Coping with 54C heat: Delhi slum diaries detail living in extreme temperatures;;https://www.theguardian.com/global-development/2026/aug/17/india-disasters-heatwaves-slum-diaries-delhi-vulnerable-temperatures;https://www.theguardian.com/global-development/2026/aug/17/india-disasters-heatwaves-slum-diaries-delhi-vulnerable-temperatures;False;2026-08-17T06:00:00+02:00;https://www.theguardian.com;2026-08-23T22:09:20.655648+02:00
656;f1aef8bf-20a5-5a1f-8519-1f3c583a5f20;;;https://www.theguardian.com/us-news/2026/aug/26/new-york-subway-extreme-heat;https://www.theguardian.com/us-news/2026/aug/26/new-york-subway-extreme-heat;False;2026-08-26T12:00:00+02:00;https://www.theguardian.com;2026-08-26T12:10:20.661329+02:00
657;f1d21188-24f8-503c-8393-551365849682;Oil prices fall as US pauses strikes on Iran over strait of Hormuz;;https://www.theguardian.com/business/2026/jul/27/oil-prices-fall-us-strikes-iran-brent-crude-bp-shell-ftse-100;https://www.theguardian.com/business/2026/jul/27/oil-prices-fall-us-strikes-iran-brent-crude-bp-shell-ftse-100;False;2026-07-27T19:30:00+02:00;https://www.theguardian.com;2026-08-23T22:08:44.932297+02:00
658;f1e6a84f-0368-5bf9-a24d-cf1069b5dfea;Climate damage would obliterate any economic benefits of new North Sea fields, analysis shows;;https://www.theguardian.com/environment/2026/aug/25/climate-damage-economy-north-sea-oil-gas-fields-rosebank-jackdaw;https://www.theguardian.com/environment/2026/aug/25/climate-damage-economy-north-sea-oil-gas-fields-rosebank-jackdaw;False;2026-08-25T07:00:00+02:00;https://www.theguardian.com;2026-08-25T09:50:33.151797+02:00
659;f205e23c-5646-5e76-b4c3-5eeabbac2ea6;"No, AI doesn’t mean the end of mathematics – at least not yet
Bruce Schneier and Kasra Rafi";;https://www.theguardian.com/commentisfree/2026/aug/25/ai-mathematics-careers;https://www.theguardian.com/commentisfree/2026/aug/25/ai-mathematics-careers;False;2026-08-25T14:00:00+02:00;https://www.theguardian.com;2026-08-25T16:11:05.178494+02:00
660;f2547b6b-3a0a-5620-bf0d-abfd8fc48064;France to relax cheese production rules after drought takes toll on grazing land;;https://www.theguardian.com/world/2026/aug/27/france-cheese-production-rules-drought-comte-beaufort-abondance;https://www.theguardian.com/world/2026/aug/27/france-cheese-production-rules-drought-comte-beaufort-abondance;False;2026-08-27T06:00:00+02:00;https://www.theguardian.com;2026-08-27T10:24:44.658495+02:00
661;f3507254-7ce3-575e-b114-00915c36f322;"Analysis
Iran plots to deal Trump a blow in midterms by keeping him entangled in war
Patrick Wintour
Diplomatic editor";;https://www.theguardian.com/world/2026/aug/07/iran-war-trump-midterm-ballot;https://www.theguardian.com/world/2026/aug/07/iran-war-trump-midterm-ballot;False;2026-08-07T13:47:00+02:00;https://www.theguardian.com;2026-08-23T22:08:41.035158+02:00
662;f39a42b2-f16a-5feb-872c-5b3e7accd2d6;More than 100 dead after goldmine collapses in Central African Republic;;https://www.theguardian.com/world/2026/aug/20/gold-mine-collapse-deadly-landslide-central-african-republic;https://www.theguardian.com/world/2026/aug/20/gold-mine-collapse-deadly-landslide-central-african-republic;False;2026-08-20T02:14:00+02:00;https://www.theguardian.com;2026-08-22T16:51:30.176196+02:00
663;f39fe862-f19a-50af-bc26-72eb2d0d774c;World’s oceans hit hottest temperature on record in August;;https://www.theguardian.com/environment/2026/aug/24/worlds-oceans-hit-hottest-temperature-on-record-in-august;https://www.theguardian.com/environment/2026/aug/24/worlds-oceans-hit-hottest-temperature-on-record-in-august;False;2026-08-24T14:49:00+02:00;https://www.theguardian.com;2026-08-24T17:50:36.266564+02:00
664;f3e72555-2c1c-528c-83a2-1fccd7d92bb2;" This article is more than 1 month old
Analysis
Weather tracker: Heatwave breaks June temperature records across Europe
This article is more than 1 month old
Magdalena Shopova";;https://www.theguardian.com/environment/2026/jul/03/weather-tracker-heatwave-breaks-june-temperature-records-across-europe;https://www.theguardian.com/environment/2026/jul/03/weather-tracker-heatwave-breaks-june-temperature-records-across-europe;False;2026-07-03T11:20:00+02:00;https://www.theguardian.com;2026-08-22T18:13:26.105658+02:00
665;f46785c3-98b7-5298-b6a7-b136f9093d1e;" This article is more than 5 months old
Analysis
Weather tracker: Early taste of spring to sweep parts of Europe
This article is more than 5 months old
Oliver Lewis and James Michelin for MetDesk";;https://www.theguardian.com/environment/2026/feb/23/weather-tracker-spring-europe-france-noreaster-boston-blizzards;https://www.theguardian.com/environment/2026/feb/23/weather-tracker-spring-europe-france-noreaster-boston-blizzards;False;2026-02-23T11:33:00+01:00;https://www.theguardian.com;2026-08-22T20:31:00.837849+02:00
666;f4e0a92b-67cf-513e-8cd0-8b2d41029917;Trump claims CIA director’s surprise visit to Russia is ‘semi-routine’ despite mounting speculation – live;;https://www.theguardian.com/us-news/live/2026/aug/26/darline-graham-lindsey-south-carolina-gop-post-office-voting-senate-midterms-donald-trump-latest-news-updates;https://www.theguardian.com/us-news/live/2026/aug/26/darline-graham-lindsey-south-carolina-gop-post-office-voting-senate-midterms-donald-trump-latest-news-updates;False;2026-08-26T16:38:00+02:00;https://www.theguardian.com;2026-08-26T16:57:00.015823+02:00
667;f5007fc8-b376-5200-a7e8-7bca30f110d2;Women using HRT at lower risk of dementia, study suggests;;https://www.theguardian.com/society/2026/aug/26/women-hrt-lower-risk-dementia-study;https://www.theguardian.com/society/2026/aug/26/women-hrt-lower-risk-dementia-study;False;2026-08-26T15:16:00+02:00;https://www.theguardian.com;2026-08-26T16:56:59.423505+02:00
668;f5d03955-dbe5-51fa-afae-a39cd3057a32;‘Soon I’ll really start to puke’: Samuel Beckett’s travels around Nazi Germany;;https://www.theguardian.com/culture/2026/aug/15/samuel-beckett-german-diaries-nazism;https://www.theguardian.com/culture/2026/aug/15/samuel-beckett-german-diaries-nazism;False;2026-08-15T08:00:00+02:00;https://www.theguardian.com;2026-08-22T16:54:32.984983+02:00
669;f6393af7-65d5-5a6a-914a-0d8b531328e7;Busy Philipps reveals brain tumour diagnosis: ‘I’m grateful to be alive’;;https://www.theguardian.com/tv-and-radio/2026/aug/27/busy-philipps-reveals-brain-tumour-diagnosis-im-grateful-to-be-alive;https://www.theguardian.com/tv-and-radio/2026/aug/27/busy-philipps-reveals-brain-tumour-diagnosis-im-grateful-to-be-alive;False;2026-08-27T03:09:00+02:00;https://www.theguardian.com;2026-08-27T10:24:48.178986+02:00
670;f65c2ebe-8047-5b7d-a88c-2be90ae6004c;Families of US sailors denounce Trump and Hegseth for ‘dismissing their experiences and calling them liars’;;https://www.theguardian.com/us-news/2026/aug/16/navy-families-denounce-trump-hegseth;https://www.theguardian.com/us-news/2026/aug/16/navy-families-denounce-trump-hegseth;False;2026-08-16T12:00:00+02:00;https://www.theguardian.com;2026-08-22T20:30:15.219911+02:00
671;f66289cf-9888-52dd-8c73-837c32c75e67;Sign up for a different world view;;https://www.theguardian.com/info/2017/jun/08/global-dispatch-sign-up-for-a-different-world-view;https://www.theguardian.com/info/2017/jun/08/global-dispatch-sign-up-for-a-different-world-view;False;2026-05-06T12:30:00+02:00;https://www.theguardian.com;2026-08-22T16:54:27.617222+02:00
672;f7f88358-45e6-52d1-89af-fa95f558ce6e;Call to ban marmot hunting in France as campaigners say they are ‘killed for fun’;;https://www.theguardian.com/world/2026/aug/26/call-ban-marmot-hunting-france-climate-crisis;https://www.theguardian.com/world/2026/aug/26/call-ban-marmot-hunting-france-climate-crisis;False;2026-08-26T06:00:00+02:00;https://www.theguardian.com;2026-08-26T10:55:52.535420+02:00
673;f844689a-41a9-568a-9191-acb14b9734e9;US consumer confidence falls in August as gas prices remain above $4 per gallon;;https://www.theguardian.com/business/2026/aug/25/us-consumer-confidence-falls;https://www.theguardian.com/business/2026/aug/25/us-consumer-confidence-falls;False;2026-08-25T17:56:00+02:00;https://www.theguardian.com;2026-08-25T18:19:18.969623+02:00
674;f8719a57-7a13-525c-a567-2055f082c88f;Middle East crisis is ‘getting out of control’, UN chief warns – as it happened;;https://www.theguardian.com/world/live/2026/jul/23/us-iran-war-live-updates-strikes-houthis-red-sea-saudi-nuclear-deal-middle-east-crisis-latest-news;https://www.theguardian.com/world/live/2026/jul/23/us-iran-war-live-updates-strikes-houthis-red-sea-saudi-nuclear-deal-middle-east-crisis-latest-news;False;2026-07-24T04:33:00+02:00;https://www.theguardian.com;2026-08-23T22:04:35.150898+02:00
675;f8a566b5-8857-5eec-8760-43c0b158c7d8;;;https://www.theguardian.com/environment/2026/aug/25/pollution-runoff-farmers-fishers-cornwall-river-fal-england-marine-habitats-algae-beavers;https://www.theguardian.com/environment/2026/aug/25/pollution-runoff-farmers-fishers-cornwall-river-fal-england-marine-habitats-algae-beavers;False;2026-08-25T10:17:00+02:00;https://www.theguardian.com;2026-08-25T16:11:18.030263+02:00
676;f8e3bd55-f6fc-5331-844d-4ea12d42e638;Trump’s secret flight switch indicates severity of assassination threat by Iran;;https://www.theguardian.com/us-news/2026/aug/12/trump-catering-cart-iran-threat;https://www.theguardian.com/us-news/2026/aug/12/trump-catering-cart-iran-threat;False;2026-08-12T12:00:00+02:00;https://www.theguardian.com;2026-08-23T22:08:49.695142+02:00
677;f90d234e-4b29-57a5-a471-ffed091a37ad;Saudi Arabia, Pakistan and Turkey sign Nato-style defence pact amid deadly Houthi strikes in Yemen;;https://www.theguardian.com/world/2026/aug/07/houthi-strikes-yemen-saudi-arabia-attacks-iran-war-middle-east-crisis;https://www.theguardian.com/world/2026/aug/07/houthi-strikes-yemen-saudi-arabia-attacks-iran-war-middle-east-crisis;False;2026-08-07T15:00:00+02:00;https://www.theguardian.com;2026-08-22T20:30:26.176941+02:00
678;f9b89e78-895a-5e38-9cc3-f6f78c52649e;A rain festival with no rain: the Indian farmers bracing for a ‘super’ El Niño as monsoon arrives late;;https://www.theguardian.com/global-development/2026/jul/30/rain-festival-indian-farmers-super-el-nino-raja-odisha;https://www.theguardian.com/global-development/2026/jul/30/rain-festival-indian-farmers-super-el-nino-raja-odisha;False;2026-07-30T06:00:00+02:00;https://www.theguardian.com;2026-08-23T22:09:22.499622+02:00
679;fa0a9f60-2adb-5b9a-a96d-59c2d8f1726d;Ceuta residents ‘sad, helpless, anxious’ as up to 5,000 migrants remain in the city, president says – as it happened;;https://www.theguardian.com/world/live/2026/aug/06/ukraine-volodymyr-zelenskyy-russia-nato-germany-leipzig-wildfires-heatwaves-europe-live-news;https://www.theguardian.com/world/live/2026/aug/06/ukraine-volodymyr-zelenskyy-russia-nato-germany-leipzig-wildfires-heatwaves-europe-live-news;False;2026-08-06T16:18:00+02:00;https://www.theguardian.com;2026-08-23T22:04:41.666212+02:00
680;fa227296-c7dc-5e04-9c0c-2176a6ecb1be;New Zealand to consider banning children under 16 from social media;;https://www.theguardian.com/media/2026/aug/24/nz-social-media-ban-children-under-16-fines-meta-tiktok;https://www.theguardian.com/media/2026/aug/24/nz-social-media-ban-children-under-16-fines-meta-tiktok;False;2026-08-24T07:22:00+02:00;https://www.theguardian.com;2026-08-24T09:39:03.056546+02:00
681;fa84bebf-d46a-5bd5-a0f9-219e17a59e9d;Top US firms that backed Voting Rights Act donate to groups working to undermine it;;https://www.theguardian.com/us-news/2026/aug/24/us-companies-voting-rights-raga;https://www.theguardian.com/us-news/2026/aug/24/us-companies-voting-rights-raga;False;2026-08-24T13:00:00+02:00;https://www.theguardian.com;2026-08-24T17:50:31.948780+02:00
682;faaeee8b-2187-5da3-ac1f-aa6bb901366c;Nicola Jennings on Ukraine’s independence day – cartoon;;https://www.theguardian.com/commentisfree/picture/2026/aug/24/nicola-jennings-ukraine-independence-day-cartoon;https://www.theguardian.com/commentisfree/picture/2026/aug/24/nicola-jennings-ukraine-independence-day-cartoon;False;2026-08-24T17:34:00+02:00;https://www.theguardian.com;2026-08-24T17:50:28.631164+02:00
683;fb42892e-d9c5-5690-aa34-325d3a400806;"Explainer
What does Tyson’s shutdown of two US beef plants mean for grocery costs?";;https://www.theguardian.com/business/2026/aug/21/tyson-foods-close-facilities-beef-prices-cattle-shortage;https://www.theguardian.com/business/2026/aug/21/tyson-foods-close-facilities-beef-prices-cattle-shortage;False;2026-08-21T18:01:00+02:00;https://www.theguardian.com;2026-08-22T16:53:52.071134+02:00
684;fb89a740-5b24-518a-8a49-29f5a9c1b9ed;US-Iran strikes risk regional war in Middle East - The Latest;;https://www.theguardian.com/news/video/2026/jul/30/us-iran-strikes-risk-regional-war-in-middle-east-the-latest;https://www.theguardian.com/news/video/2026/jul/30/us-iran-strikes-risk-regional-war-in-middle-east-the-latest;False;2026-07-30T17:44:00+02:00;https://www.theguardian.com;2026-08-23T22:08:42.465705+02:00
685;fc831ff9-11eb-5136-bee3-58b717af4f2f;"The Taliban have built a system for enslaving women in Afghanistan
Amanda Abou Abdallah";;https://www.theguardian.com/global-development/2026/aug/21/taliban-built-system-enslaving-women-afghanistan;https://www.theguardian.com/global-development/2026/aug/21/taliban-built-system-enslaving-women-afghanistan;False;2026-08-21T07:00:00+02:00;https://www.theguardian.com;2026-08-22T16:53:54.990480+02:00
686;fc9550b2-fefd-585f-ae30-72927bc42d64;Trump says Iran talks set for Monday as Tehran and Oman discuss strait of Hormuz deal;;https://www.theguardian.com/world/2026/aug/03/trump-us-iran-talks-strait-of-hormuz-nuclear-programme;https://www.theguardian.com/world/2026/aug/03/trump-us-iran-talks-strait-of-hormuz-nuclear-programme;False;2026-08-03T03:31:00+02:00;https://www.theguardian.com;2026-08-22T20:29:44.983310+02:00
687;fcbd7cd6-cd83-521c-bc49-750923fb254f;"Jed York’s trailer park arrest exposed inequality in America
Lee Escobedo";;https://www.theguardian.com/sport/2026/aug/26/jed-york-trailer-park-arrest-inequality;https://www.theguardian.com/sport/2026/aug/26/jed-york-trailer-park-arrest-inequality;False;2026-08-26T11:00:00+02:00;https://www.theguardian.com;2026-08-26T11:31:25.722255+02:00
688;fcce4eac-435d-522e-88e4-594f5ee99bf0;‘We can’t even walk through the streets’: women arrested for kissing in public on life under Uganda’s anti-LGBTQ+ law;;https://www.theguardian.com/global-development/2026/jul/24/young-women-jailed-beaten-uganda-anti-lgbtq-law-wendy-faith-alesi-diana-denise;https://www.theguardian.com/global-development/2026/jul/24/young-women-jailed-beaten-uganda-anti-lgbtq-law-wendy-faith-alesi-diana-denise;False;2026-07-24T12:00:00+02:00;https://www.theguardian.com;2026-08-22T16:54:02.357891+02:00
689;fd05936c-3c3d-5404-b344-64ed845d3aab;First Bus bans under-16s in Stoke-on-Trent travelling alone after 6pm after disorder;;https://www.theguardian.com/money/2026/aug/23/first-bus-bans-under-16s-in-stoke-on-trent-travelling-alone-after-6pm-after-disorder;https://www.theguardian.com/money/2026/aug/23/first-bus-bans-under-16s-in-stoke-on-trent-travelling-alone-after-6pm-after-disorder;False;2026-08-23T09:00:00+02:00;https://www.theguardian.com;2026-08-23T10:34:25.394513+02:00
690;fda57f01-a780-57ac-a757-4ff01cdca52e;Top of the crops: record heatwaves help deliver bumper UK berry harvest;;https://www.theguardian.com/environment/2026/aug/27/record-heatwaves-help-deliver-bumper-uk-berry-harvest;https://www.theguardian.com/environment/2026/aug/27/record-heatwaves-help-deliver-bumper-uk-berry-harvest;False;2026-08-27T06:00:00+02:00;https://www.theguardian.com;2026-08-27T10:24:59.848888+02:00
691;fda9cbba-70a8-5a00-947f-9c4b5fb3980c;US fossil fuel lobbyists also represent hundreds of cities fighting for climate damages;;https://www.theguardian.com/environment/2026/aug/25/fossil-fuel-lobbyists-fight-climate-damage;https://www.theguardian.com/environment/2026/aug/25/fossil-fuel-lobbyists-fight-climate-damage;False;2026-08-25T14:00:00+02:00;https://www.theguardian.com;2026-08-25T16:11:00.745945+02:00
692;fe520df8-5f68-5e3a-8d22-618092d4dc77;;;https://www.theguardian.com/global-development/2026/aug/18/northern-iraq-villages-islamic-state-climate-crisis;https://www.theguardian.com/global-development/2026/aug/18/northern-iraq-villages-islamic-state-climate-crisis;False;2026-08-18T07:00:00+02:00;https://www.theguardian.com;2026-08-23T22:09:24.253146+02:00
693;fe6e58ac-0d4a-5256-ae38-9ba9a49bbadc;"The Guardian view on Britain helping Ukraine: build the weapons independence Kyiv needs
Editorial";;https://www.theguardian.com/commentisfree/2026/aug/24/the-guardian-view-on-britain-helping-ukraine-build-the-weapons-independence-kyiv-needs;https://www.theguardian.com/commentisfree/2026/aug/24/the-guardian-view-on-britain-helping-ukraine-build-the-weapons-independence-kyiv-needs;False;2026-08-24T19:53:00+02:00;https://www.theguardian.com;2026-08-25T09:50:25.638921+02:00
694;fed4b0a9-0b2a-5958-a4e4-96bd9eed99ca;Nebraska school district asks police to stop using shock gloves on students;;https://www.theguardian.com/us-news/2026/aug/22/omaha-nebraska-school-district-shock-gloves-police;https://www.theguardian.com/us-news/2026/aug/22/omaha-nebraska-school-district-shock-gloves-police;False;2026-08-22T16:00:00+02:00;https://www.theguardian.com;2026-08-22T16:51:49.288581+02:00
695;ffa5c448-a955-5f38-8757-0238e8729ce8;Trump faces backlash from Republicans over plan to lift tariffs on beef imports;;https://www.theguardian.com/us-news/2026/aug/25/trump-republican-backlash-beef-tariff-import;https://www.theguardian.com/us-news/2026/aug/25/trump-republican-backlash-beef-tariff-import;False;2026-08-25T22:15:00+02:00;https://www.theguardian.com;2026-08-26T10:56:05.968018+02:00
